Passenger_ID,Railcard_Type
4,Adult
5,Adult
6,None
7,None
8,None
9,None
10,Adult
11,Disabled
12,None
13,None
14,None
15,Adult
16,None
17,None
18,Disabled
19,None
20,None
21,None
22,None
23,None
24,Adult
25,Disabled
26,Senior
27,None
28,None
29,None
30,Senior
31,None
32,None
33,None
34,None
35,None
36,None
37,None
38,None
39,None
40,None
41,None
42,Adult
43,None
44,None
45,Disabled
46,None
47,None
48,None
49,None
50,Disabled
51,Adult
52,None
53,None
54,None
55,None
56,None
57,None
58,None
59,None
60,None
61,Disabled
62,Disabled
63,None
64,Senior
65,None
66,None
67,Senior
68,None
69,None
70,Senior
71,Adult
72,None
73,None
74,None
75,None
76,Adult
77,None
78,None
79,Disabled
80,Adult
81,None
82,None
83,None
84,None
85,None
86,None
87,None
88,Adult
89,None
90,Adult
91,None
92,Adult
93,None
94,None
95,None
96,None
97,None
98,Disabled
99,Disabled
100,None
101,Disabled
102,Adult
103,None
104,None
105,None
106,Disabled
107,Disabled
108,None
109,None
110,None
111,None
112,None
113,Disabled
114,None
115,None
116,None
117,None
118,None
119,None
120,None
121,None
122,None
123,Adult
124,None
125,Senior
126,Senior
127,Senior
128,None
129,Senior
130,None
131,None
132,Disabled
133,None
134,None
135,Adult
136,Disabled
137,None
138,Disabled
139,None
140,Adult
141,None
142,None
143,None
144,None
145,None
146,None
147,None
148,None
149,None
150,None
151,None
152,None
153,None
154,Adult
155,None
156,None
157,None
158,None
159,None
160,None
161,Adult
162,Adult
163,None
164,Adult
165,None
166,None
167,None
168,None
169,None
170,None
171,None
172,None
173,Disabled
174,None
175,Adult
176,Adult
177,None
178,None
179,Senior
180,None
181,None
182,Senior
183,Adult
184,None
185,Disabled
186,Disabled
187,None
188,None
189,None
190,Adult
191,None
192,Adult
193,None
194,None
195,Adult
196,Adult
197,None
198,None
199,None
200,None
201,None
202,None
203,None
204,None
205,None
206,None
207,None
208,None
209,None
210,None
211,None
212,None
213,Disabled
214,Senior
215,None
216,Adult
217,Adult
218,None
219,None
220,None
221,Adult
222,None
223,None
224,None
225,None
226,Adult
227,None
228,None
229,None
230,Senior
231,None
232,None
233,None
234,None
235,Adult
236,Disabled
237,None
238,None
239,None
240,None
241,None
242,Adult
243,None
244,None
245,None
246,Disabled
247,None
248,Disabled
249,None
250,None
251,Adult
252,None
253,Disabled
254,Disabled
255,Disabled
256,Disabled
257,None
258,Adult
259,Adult
260,Adult
261,None
262,None
263,None
264,None
265,None
266,None
267,None
268,None
269,None
270,None
271,Senior
272,Senior
273,None
274,None
275,Senior
276,Disabled
277,None
278,None
279,Disabled
280,None
281,None
282,None
283,Disabled
284,None
285,None
286,None
287,Senior
288,None
289,Disabled
290,Adult
291,Adult
292,Senior
293,Adult
294,Adult
295,Adult
296,None
297,None
298,Adult
299,Adult
300,None
301,Adult
302,Adult
303,Adult
304,Senior
305,None
306,Senior
307,None
308,None
309,None
310,None
311,None
312,None
313,None
314,Adult
315,None
316,None
317,None
318,Senior
319,None
320,Adult
321,None
322,Adult
323,Adult
324,Adult
325,Adult
326,None
327,None
328,None
329,None
330,None
331,None
332,None
333,None
334,None
335,None
336,None
337,Adult
338,None
339,Adult
340,None
341,None
342,Adult
343,Adult
344,None
345,None
346,None
347,None
348,None
349,None
350,None
351,None
352,None
353,None
354,None
355,Adult
356,Adult
357,None
358,None
359,None
360,Adult
361,None
362,Adult
363,None
364,None
365,None
366,None
367,None
368,None
369,None
370,Disabled
371,None
372,None
373,None
374,None
375,Disabled
376,None
377,None
378,Disabled
379,None
380,None
381,Disabled
382,None
383,None
384,None
385,None
386,None
387,Adult
388,Adult
389,None
390,None
391,None
392,None
393,None
394,None
395,None
396,None
397,None
398,None
399,None
400,Senior
401,Senior
402,Senior
403,None
404,Senior
405,Disabled
406,Disabled
407,None
408,Disabled
409,Senior
410,None
411,None
412,None
413,None
414,None
415,None
416,None
417,None
418,Adult
419,None
420,None
421,None
422,None
423,None
424,None
425,Disabled
426,None
427,None
428,None
429,None
430,Disabled
431,None
432,None
433,None
434,None
435,None
436,Disabled
437,Adult
438,None
439,Adult
440,None
441,Adult
442,None
443,None
444,None
445,None
446,None
447,None
448,Adult
449,None
450,None
451,None
452,None
453,None
454,Adult
455,Senior
456,Senior
457,Senior
458,Disabled
459,Senior
460,Disabled
461,Senior
462,Senior
463,None
464,Disabled
465,Disabled
466,None
467,None
468,None
469,None
470,None
471,None
472,None
473,None
474,None
475,None
476,None
477,None
478,None
479,None
480,None
481,Senior
482,None
483,None
484,None
485,Disabled
486,None
487,None
488,None
489,None
490,Disabled
491,None
492,None
493,None
494,Adult
495,Disabled
496,None
497,None
498,None
499,None
500,Adult
501,None
502,None
503,Adult
504,None
505,None
506,None
507,Disabled
508,Disabled
509,Adult
510,None
511,Senior
512,None
513,None
514,None
515,None
516,None
517,Adult
518,None
519,None
520,None
521,Senior
522,Disabled
523,None
524,None
525,None
526,None
527,None
528,Disabled
529,None
530,Adult
531,None
532,None
533,Disabled
534,Adult
535,None
536,Adult
537,None
538,Adult
539,None
540,None
541,None
542,None
543,None
544,None
545,None
546,None
547,None
548,None
549,None
550,Adult
551,Adult
552,Adult
553,None
554,Adult
555,Senior
556,None
557,None
558,None
559,None
560,None
561,None
562,Disabled
563,None
564,None
565,Senior
566,None
567,None
568,Disabled
569,Adult
570,Adult
571,None
572,Adult
573,None
574,None
575,Adult
576,Adult
577,None
578,Adult
579,Senior
580,Senior
581,Senior
582,Adult
583,None
584,None
585,None
586,None
587,Adult
588,None
589,None
590,None
591,Adult
592,Senior
593,None
594,None
595,Senior
596,Disabled
597,Senior
598,None
599,Adult
600,None
601,None
602,None
603,None
604,Disabled
605,None
606,Adult
607,None
608,None
609,Adult
610,Adult
611,None
612,Senior
613,None
614,None
615,None
616,None
617,None
618,None
619,Adult
620,None
621,None
622,None
623,None
624,None
625,None
626,Adult
627,Adult
628,None
629,Adult
630,None
631,Adult
632,Adult
633,None
634,None
635,Adult
636,Disabled
637,None
638,Disabled
639,Adult
640,None
641,Disabled
642,Adult
643,None
644,None
645,None
646,None
647,None
648,None
649,None
650,None
651,None
652,None
653,Adult
654,None
655,Senior
656,Senior
657,None
658,None
659,None
660,None
661,None
662,None
663,None
664,None
665,Adult
666,Adult
667,Disabled
668,None
669,None
670,None
671,None
672,None
673,Adult
674,None
675,None
676,None
677,None
678,Adult
679,None
680,Adult
681,None
682,Senior
683,Senior
684,Senior
685,Disabled
686,Disabled
687,Disabled
688,None
689,Adult
690,None
691,None
692,None
693,None
694,None
695,None
696,None
697,None
698,None
699,Adult
700,None
701,Adult
702,Adult
703,Senior
704,None
705,Senior
706,None
707,None
708,None
709,None
710,None
711,Disabled
712,None
713,None
714,None
715,None
716,None
717,Disabled
718,None
719,None
720,Disabled
721,None
722,None
723,Disabled
724,None
725,None
726,None
727,Adult
728,Disabled
729,Senior
730,None
731,Senior
732,None
733,None
734,Disabled
735,Disabled
736,None
737,None
738,Disabled
739,Disabled
740,Disabled
741,None
742,None
743,None
744,None
745,None
746,None
747,None
748,Adult
749,None
750,Adult
751,None
752,None
753,None
754,None
755,None
756,None
757,Disabled
758,None
759,None
760,Adult
761,Senior
762,None
763,Senior
764,None
765,None
766,None
767,None
768,Adult
769,Adult
770,None
771,Disabled
772,None
773,None
774,Adult
775,None
776,None
777,Adult
778,Senior
779,None
780,Adult
781,Adult
782,Adult
783,None
784,Senior
785,None
786,Disabled
787,Disabled
788,None
789,None
790,Adult
791,Adult
792,Adult
793,Adult
794,Disabled
795,None
796,None
797,Adult
798,None
799,None
800,None
801,Senior
802,None
803,None
804,Disabled
805,None
806,Disabled
807,Adult
808,Adult
809,Adult
810,None
811,Adult
812,Adult
813,None
814,None
815,None
816,Adult
817,Senior
818,Adult
819,Adult
820,None
821,None
822,None
823,None
824,None
825,Adult
826,None
827,None
828,Senior
829,None
830,None
831,None
832,None
833,None
834,None
835,None
836,Adult
837,None
838,None
839,None
840,Adult
841,Adult
842,Adult
843,None
844,Adult
845,None
846,Adult
847,None
848,Adult
849,Senior
850,Adult
851,None
852,None
853,Senior
854,None
855,Disabled
856,Senior
857,Adult
858,None
859,Adult
860,None
861,Adult
862,Adult
863,Senior
864,None
865,None
866,None
867,None
868,None
869,None
870,None
871,Disabled
872,Senior
873,None
874,None
875,None
876,Adult
877,None
878,None
879,Adult
880,None
881,Adult
882,None
883,None
884,None
885,None
886,None
887,None
888,None
889,None
890,None
891,None
892,Disabled
893,None
894,None
895,None
896,None
897,Adult
898,None
899,None
900,None
901,None
902,None
903,Adult
904,Adult
905,Senior
906,Adult
907,None
908,None
909,None
910,None
911,None
912,Disabled
913,Adult
914,Disabled
915,None
916,None
917,None
918,None
919,None
920,None
921,None
922,Disabled
923,Disabled
924,None
925,Adult
926,None
927,None
928,None
929,None
930,None
931,None
932,None
933,Disabled
934,None
935,None
936,Disabled
937,Adult
938,None
939,None
940,None
941,Adult
942,None
943,None
944,None
945,None
946,None
947,Adult
948,None
949,None
950,Senior
951,Senior
952,Senior
953,None
954,Disabled
955,None
956,Disabled
957,None
958,Adult
959,None
960,None
961,None
962,None
963,None
964,None
965,None
966,None
967,None
968,None
969,None
970,None
971,None
972,None
973,None
974,None
975,None
976,None
977,None
978,None
979,Adult
980,None
981,Adult
982,Adult
983,None
984,None
985,None
986,None
987,None
988,None
989,None
990,None
991,None
992,Disabled
993,Senior
994,None
995,None
996,Senior
997,Disabled
998,None
999,None
1000,None
1001,Disabled
1002,None
1003,None
1004,None
1005,None
1006,None
1007,None
1008,None
1009,None
1010,None
1011,None
1012,Disabled
1013,None
1014,Disabled
1015,None
1016,Senior
1017,Adult
1018,Adult
1019,None
1020,None
1021,None
1022,None
1023,None
1024,None
1025,None
1026,None
1027,Adult
1028,None
1029,Adult
1030,Disabled
1031,Senior
1032,None
1033,None
1034,Adult
1035,Adult
1036,Senior
1037,None
1038,None
1039,None
1040,None
1041,Adult
1042,Senior
1043,Adult
1044,Senior
1045,Disabled
1046,None
1047,Adult
1048,Adult
1049,None
1050,None
1051,Senior
1052,None
1053,None
1054,None
1055,None
1056,Disabled
1057,None
1058,Disabled
1059,None
1060,None
1061,Disabled
1062,Adult
1063,None
1064,Adult
1065,Disabled
1066,Disabled
1067,Disabled
1068,Disabled
1069,None
1070,Disabled
1071,Adult
1072,Disabled
1073,Adult
1074,Senior
1075,Senior
1076,Senior
1077,Adult
1078,None
1079,None
1080,None
1081,None
1082,None
1083,None
1084,Senior
1085,None
1086,Senior
1087,None
1088,None
1089,Adult
1090,None
1091,None
1092,Senior
1093,Senior
1094,Senior
1095,None
1096,Adult
1097,None
1098,None
1099,None
1100,None
1101,None
1102,None
1103,None
1104,Adult
1105,Adult
1106,Adult
1107,Adult
1108,Adult
1109,Adult
1110,Adult
1111,Senior
1112,None
1113,Senior
1114,Senior
1115,Senior
1116,Senior
1117,None
1118,None
1119,None
1120,None
1121,None
1122,None
1123,None
1124,None
1125,Adult
1126,None
1127,None
1128,Adult
1129,Adult
1130,None
1131,None
1132,Senior
1133,None
1134,None
1135,None
1136,None
1137,None
1138,None
1139,None
1140,None
1141,None
1142,None
1143,Adult
1144,None
1145,None
1146,Adult
1147,None
1148,None
1149,Senior
1150,Adult
1151,None
1152,Disabled
1153,None
1154,None
1155,Disabled
1156,None
1157,None
1158,Disabled
1159,Adult
1160,None
1161,None
1162,Disabled
1163,Disabled
1164,None
1165,None
1166,None
1167,None
1168,None
1169,None
1170,None
1171,Disabled
1172,Disabled
1173,None
1174,Disabled
1175,None
1176,None
1177,Adult
1178,None
1179,Adult
1180,None
1181,None
1182,Disabled
1183,Disabled
1184,None
1185,None
1186,None
1187,None
1188,None
1189,None
1190,None
1191,None
1192,None
1193,Senior
1194,Senior
1195,None
1196,Senior
1197,Senior
1198,Adult
1199,None
1200,Disabled
1201,None
1202,Disabled
1203,None
1204,None
1205,None
1206,None
1207,None
1208,None
1209,Adult
1210,None
1211,None
1212,None
1213,None
1214,None
1215,None
1216,None
1217,None
1218,None
1219,None
1220,None
1221,None
1222,Adult
1223,None
1224,None
1225,Disabled
1226,None
1227,None
1228,None
1229,None
1230,None
1231,None
1232,None
1233,None
1234,None
1235,None
1236,None
1237,Senior
1238,None
1239,Disabled
1240,Senior
1241,Senior
1242,Senior
1243,None
1244,None
1245,None
1246,Disabled
1247,None
1248,None
1249,None
1250,None
1251,None
1252,None
1253,None
1254,None
1255,Disabled
1256,None
1257,None
1258,None
1259,Senior
1260,None
1261,None
1262,Adult
1263,None
1264,None
1265,Adult
1266,None
1267,Adult
1268,None
1269,None
1270,None
1271,None
1272,None
1273,None
1274,Adult
1275,None
1276,None
1277,Disabled
1278,None
1279,None
1280,None
1281,None
1282,None
1283,None
1284,None
1285,None
1286,None
1287,None
1288,None
1289,Disabled
1290,None
1291,Disabled
1292,Adult
1293,None
1294,None
1295,Senior
1296,None
1297,None
1298,None
1299,Adult
1300,Disabled
1301,None
1302,Adult
1303,Disabled
1304,None
1305,Disabled
1306,Disabled
1307,None
1308,Senior
1309,Adult
1310,Senior
1311,Adult
1312,None
1313,None
1314,None
1315,Senior
1316,None
1317,Adult
1318,None
1319,Disabled
1320,None
1321,Disabled
1322,Adult
1323,Senior
1324,None
1325,Adult
1326,None
1327,None
1328,Senior
1329,Adult
1330,None
1331,Adult
1332,None
1333,None
1334,Senior
1335,None
1336,None
1337,None
1338,Disabled
1339,None
1340,None
1341,None
1342,Adult
1343,None
1344,Adult
1345,Adult
1346,Senior
1347,Adult
1348,Adult
1349,None
1350,Adult
1351,Senior
1352,Senior
1353,None
1354,Senior
1355,Senior
1356,Senior
1357,None
1358,None
1359,None
1360,Senior
1361,Adult
1362,None
1363,None
1364,Disabled
1365,Senior
1366,None
1367,None
1368,Senior
1369,None
1370,None
1371,None
1372,Senior
1373,Disabled
1374,None
1375,None
1376,Adult
1377,None
1378,None
1379,None
1380,None
1381,None
1382,None
1383,None
1384,None
1385,None
1386,None
1387,None
1388,None
1389,Disabled
1390,None
1391,None
1392,None
1393,None
1394,None
1395,None
1396,None
1397,None
1398,None
1399,None
1400,None
1401,Adult
1402,None
1403,None
1404,None
1405,None
1406,Adult
1407,Senior
1408,None
1409,None
1410,None
1411,Adult
1412,None
1413,None
1414,None
1415,Adult
1416,None
1417,None
1418,None
1419,None
1420,None
1421,None
1422,Disabled
1423,None
1424,None
1425,None
1426,None
1427,None
1428,None
1429,Senior
1430,Senior
1431,None
1432,Adult
1433,None
1434,None
1435,None
1436,None
1437,None
1438,None
1439,None
1440,None
1441,None
1442,None
1443,None
1444,None
1445,None
1446,None
1447,None
1448,Senior
1449,None
1450,None
1451,None
1452,Disabled
1453,None
1454,Senior
1455,Senior
1456,None
1457,Senior
1458,None
1459,Disabled
1460,Disabled
1461,None
1462,Disabled
1463,Adult
1464,None
1465,None
1466,Senior
1467,None
1468,None
1469,None
1470,None
1471,None
1472,None
1473,None
1474,None
1475,None
1476,None
1477,None
1478,None
1479,None
1480,Disabled
1481,None
1482,Adult
1483,None
1484,None
1485,None
1486,None
1487,None
1488,None
1489,Disabled
1490,Disabled
1491,Adult
1492,Senior
1493,Senior
1494,Senior
1495,Disabled
1496,Senior
1497,Adult
1498,None
1499,None
1500,Disabled
1501,None
1502,None
1503,None
1504,None
1505,None
1506,None
1507,None
1508,None
1509,None
1510,None
1511,None
1512,None
1513,None
1514,Adult
1515,Senior
1516,Senior
1517,None
1518,None
1519,None
1520,None
1521,None
1522,None
1523,None
1524,None
1525,None
1526,None
1527,None
1528,None
1529,Disabled
1530,None
1531,None
1532,None
1533,Disabled
1534,None
1535,None
1536,Adult
1537,Adult
1538,Disabled
1539,None
1540,None
1541,None
1542,Adult
1543,None
1544,Senior
1545,Senior
1546,None
1547,None
1548,None
1549,None
1550,None
1551,None
1552,Senior
1553,Senior
1554,None
1555,None
1556,Disabled
1557,Disabled
1558,Senior
1559,None
1560,Adult
1561,None
1562,None
1563,Adult
1564,None
1565,Disabled
1566,Adult
1567,None
1568,None
1569,None
1570,Disabled
1571,None
1572,None
1573,None
1574,None
1575,Disabled
1576,None
1577,Disabled
1578,Adult
1579,Disabled
1580,Adult
1581,Senior
1582,Senior
1583,None
1584,Adult
1585,None
1586,None
1587,None
1588,None
1589,None
1590,None
1591,None
1592,None
1593,None
1594,Adult
1595,None
1596,Disabled
1597,None
1598,None
1599,None
1600,None
1601,None
1602,None
1603,Adult
1604,Senior
1605,Senior
1606,None
1607,None
1608,Adult
1609,None
1610,None
1611,None
1612,None
1613,Senior
1614,None
1615,None
1616,None
1617,None
1618,None
1619,None
1620,None
1621,None
1622,None
1623,None
1624,Adult
1625,Disabled
1626,Disabled
1627,Adult
1628,Adult
1629,Adult
1630,Adult
1631,None
1632,None
1633,Adult
1634,Senior
1635,Adult
1636,None
1637,None
1638,None
1639,Disabled
1640,None
1641,None
1642,Senior
1643,Adult
1644,None
1645,Senior
1646,Senior
1647,Disabled
1648,None
1649,None
1650,Adult
1651,None
1652,None
1653,Adult
1654,Adult
1655,None
1656,Adult
1657,Adult
1658,Senior
1659,None
1660,None
1661,None
1662,None
1663,None
1664,None
1665,None
1666,Adult
1667,Disabled
1668,Adult
1669,None
1670,None
1671,Adult
1672,None
1673,None
1674,None
1675,None
1676,None
1677,Adult
1678,Adult
1679,None
1680,None
1681,None
1682,None
1683,Adult
1684,Adult
1685,Adult
1686,None
1687,Adult
1688,None
1689,Disabled
1690,Disabled
1691,None
1692,None
1693,Disabled
1694,None
1695,Adult
1696,None
1697,None
1698,None
1699,None
1700,None
1701,None
1702,None
1703,None
1704,Disabled
1705,None
1706,Disabled
1707,None
1708,Adult
1709,None
1710,Adult
1711,None
1712,None
1713,None
1714,None
1715,None
1716,None
1717,Adult
1718,None
1719,None
1720,None
1721,None
1722,None
1723,None
1724,None
1725,None
1726,None
1727,None
1728,None
1729,None
1730,Adult
1731,None
1732,None
1733,None
1734,Adult
1735,Senior
1736,Senior
1737,None
1738,Senior
1739,None
1740,None
1741,None
1742,None
1743,None
1744,None
1745,Disabled
1746,None
1747,Disabled
1748,Senior
1749,None
1750,None
1751,None
1752,None
1753,None
1754,None
1755,None
1756,None
1757,None
1758,None
1759,None
1760,None
1761,None
1762,Adult
1763,Disabled
1764,None
1765,None
1766,None
1767,None
1768,None
1769,None
1770,None
1771,None
1772,None
1773,None
1774,Senior
1775,Senior
1776,Senior
1777,None
1778,Disabled
1779,None
1780,Adult
1781,Disabled
1782,Senior
1783,None
1784,None
1785,Disabled
1786,None
1787,None
1788,Disabled
1789,Disabled
1790,Disabled
1791,None
1792,None
1793,None
1794,None
1795,None
1796,None
1797,None
1798,None
1799,None
1800,None
1801,None
1802,None
1803,None
1804,None
1805,None
1806,None
1807,None
1808,None
1809,None
1810,None
1811,Senior
1812,None
1813,Adult
1814,None
1815,None
1816,None
1817,Adult
1818,None
1819,None
1820,None
1821,None
1822,None
1823,Disabled
1824,None
1825,None
1826,None
1827,None
1828,None
1829,None
1830,Senior
1831,None
1832,None
1833,None
1834,None
1835,Disabled
1836,Adult
1837,None
1838,None
1839,Adult
1840,Senior
1841,None
1842,None
1843,None
1844,None
1845,Disabled
1846,None
1847,None
1848,None
1849,None
1850,Adult
1851,Adult
1852,None
1853,None
1854,None
1855,Disabled
1856,None
1857,None
1858,None
1859,None
1860,Adult
1861,None
1862,Adult
1863,None
1864,Adult
1865,Senior
1866,Adult
1867,None
1868,None
1869,None
1870,Senior
1871,None
1872,None
1873,Adult
1874,Senior
1875,None
1876,None
1877,None
1878,None
1879,None
1880,None
1881,None
1882,None
1883,None
1884,None
1885,Disabled
1886,None
1887,None
1888,None
1889,None
1890,Senior
1891,None
1892,None
1893,None
1894,None
1895,Adult
1896,Adult
1897,None
1898,None
1899,None
1900,Adult
1901,None
1902,None
1903,None
1904,None
1905,None
1906,None
1907,None
1908,None
1909,Disabled
1910,None
1911,Adult
1912,Adult
1913,Adult
1914,None
1915,Adult
1916,Senior
1917,Senior
1918,None
1919,None
1920,Adult
1921,None
1922,Adult
1923,None
1924,None
1925,None
1926,Disabled
1927,None
1928,Adult
1929,Adult
1930,Senior
1931,Senior
1932,Senior
1933,Senior
1934,Senior
1935,None
1936,Adult
1937,Disabled
1938,None
1939,Adult
1940,None
1941,Senior
1942,None
1943,None
1944,None
1945,None
1946,Senior
1947,None
1948,None
1949,None
1950,None
1951,Senior
1952,Senior
1953,None
1954,None
1955,Adult
1956,None
1957,None
1958,None
1959,None
1960,None
1961,Disabled
1962,None
1963,None
1964,None
1965,None
1966,Adult
1967,None
1968,None
1969,None
1970,None
1971,Adult
1972,None
1973,None
1974,Disabled
1975,None
1976,None
1977,None
1978,None
1979,Adult
1980,Adult
1981,Disabled
1982,None
1983,Disabled
1984,None
1985,None
1986,Adult
1987,None
1988,None
1989,None
1990,None
1991,Senior
1992,Disabled
1993,Adult
1994,None
1995,Adult
1996,None
1997,None
1998,None
1999,None
2000,None
2001,Adult
2002,Adult
2003,None
2004,None
2005,None
2006,None
2007,None
2008,Disabled
2009,None
2010,None
2011,None
2012,None
2013,None
2014,Senior
2015,Senior
2016,Senior
2017,None
2018,Disabled
2019,None
2020,None
2021,Disabled
2022,None
2023,None
2024,None
2025,None
2026,None
2027,None
2028,Adult
2029,Adult
2030,Adult
2031,Adult
2032,Senior
2033,None
2034,None
2035,Disabled
2036,None
2037,None
2038,None
2039,Disabled
2040,None
2041,None
2042,None
2043,None
2044,None
2045,None
2046,None
2047,None
2048,None
2049,None
2050,None
2051,Adult
2052,Disabled
2053,None
2054,None
2055,Adult
2056,Disabled
2057,None
2058,Disabled
2059,None
2060,None
2061,None
2062,None
2063,None
2064,None
2065,None
2066,None
2067,Adult
2068,None
2069,Senior
2070,Senior
2071,Senior
2072,Senior
2073,None
2074,Disabled
2075,None
2076,None
2077,None
2078,None
2079,None
2080,None
2081,None
2082,None
2083,Adult
2084,Disabled
2085,None
2086,None
2087,None
2088,None
2089,None
2090,None
2091,None
2092,None
2093,None
2094,None
2095,None
2096,None
2097,None
2098,None
2099,None
2100,Adult
2101,None
2102,None
2103,None
2104,None
2105,None
2106,Adult
2107,Adult
2108,Adult
2109,None
2110,Disabled
2111,None
2112,None
2113,Disabled
2114,None
2115,None
2116,None
2117,Senior
2118,None
2119,None
2120,Adult
2121,Disabled
2122,None
2123,None
2124,Senior
2125,None
2126,None
2127,None
2128,Disabled
2129,Senior
2130,Adult
2131,Senior
2132,None
2133,Adult
2134,None
2135,None
2136,None
2137,None
2138,None
2139,None
2140,None
2141,None
2142,None
2143,None
2144,Senior
2145,Senior
2146,None
2147,Adult
2148,None
2149,None
2150,Adult
2151,Disabled
2152,Adult
2153,None
2154,Disabled
2155,Disabled
2156,None
2157,Adult
2158,Senior
2159,None
2160,None
2161,None
2162,Senior
2163,None
2164,Senior
2165,Adult
2166,None
2167,Disabled
2168,None
2169,Adult
2170,None
2171,Adult
2172,Adult
2173,Adult
2174,None
2175,None
2176,Adult
2177,Adult
2178,Senior
2179,Senior
2180,Senior
2181,None
2182,None
2183,None
2184,None
2185,None
2186,None
2187,None
2188,None
2189,Adult
2190,Adult
2191,None
2192,None
2193,Senior
2194,Senior
2195,Senior
2196,None
2197,None
2198,Adult
2199,None
2200,Adult
2201,Adult
2202,None
2203,None
2204,None
2205,Senior
2206,None
2207,None
2208,None
2209,None
2210,None
2211,Adult
2212,None
2213,None
2214,None
2215,None
2216,None
2217,None
2218,None
2219,None
2220,None
2221,None
2222,None
2223,None
2224,None
2225,None
2226,None
2227,None
2228,Senior
2229,Adult
2230,None
2231,None
2232,None
2233,Disabled
2234,Adult
2235,None
2236,None
2237,Adult
2238,None
2239,Adult
2240,None
2241,None
2242,Disabled
2243,Adult
2244,Senior
2245,Disabled
2246,Senior
2247,None
2248,None
2249,None
2250,None
2251,None
2252,Disabled
2253,Disabled
2254,None
2255,None
2256,None
2257,None
2258,None
2259,None
2260,None
2261,None
2262,Adult
2263,Senior
2264,None
2265,None
2266,None
2267,Senior
2268,Senior
2269,None
2270,Senior
2271,Senior
2272,Senior
2273,None
2274,Adult
2275,None
2276,Disabled
2277,None
2278,None
2279,None
2280,None
2281,None
2282,None
2283,None
2284,None
2285,Senior
2286,Adult
2287,Adult
2288,None
2289,None
2290,None
2291,None
2292,None
2293,None
2294,Disabled
2295,None
2296,None
2297,None
2298,Adult
2299,Disabled
2300,None
2301,None
2302,None
2303,Adult
2304,None
2305,None
2306,None
2307,None
2308,None
2309,None
2310,None
2311,None
2312,Disabled
2313,Adult
2314,None
2315,None
2316,Senior
2317,Disabled
2318,Adult
2319,None
2320,None
2321,None
2322,Senior
2323,Disabled
2324,None
2325,Adult
2326,None
2327,None
2328,None
2329,None
2330,None
2331,None
2332,None
2333,None
2334,None
2335,None
2336,None
2337,None
2338,None
2339,None
2340,None
2341,None
2342,None
2343,None
2344,None
2345,None
2346,None
2347,None
2348,None
2349,None
2350,None
2351,Disabled
2352,None
2353,None
2354,None
2355,None
2356,None
2357,None
2358,Disabled
2359,None
2360,None
2361,Disabled
2362,Senior
2363,None
2364,None
2365,None
2366,None
2367,None
2368,Adult
2369,Adult
2370,Adult
2371,None
2372,None
2373,Adult
2374,Adult
2375,None
2376,None
2377,Senior
2378,Senior
2379,None
2380,Senior
2381,Senior
2382,None
2383,None
2384,Adult
2385,None
2386,None
2387,None
2388,None
2389,None
2390,None
2391,Adult
2392,None
2393,Disabled
2394,None
2395,Disabled
2396,None
2397,Disabled
2398,Disabled
2399,Disabled
2400,Adult
2401,Adult
2402,Adult
2403,Adult
2404,None
2405,Adult
2406,Senior
2407,Senior
2408,None
2409,None
2410,None
2411,None
2412,None
2413,None
2414,None
2415,None
2416,None
2417,Senior
2418,None
2419,Adult
2420,Disabled
2421,Senior
2422,None
2423,None
2424,None
2425,None
2426,None
2427,Disabled
2428,None
2429,None
2430,None
2431,None
2432,None
2433,Adult
2434,None
2435,None
2436,None
2437,Senior
2438,None
2439,None
2440,Adult
2441,None
2442,None
2443,Adult
2444,Adult
2445,Adult
2446,Adult
2447,Adult
2448,None
2449,Adult
2450,Senior
2451,None
2452,Senior
2453,Senior
2454,Senior
2455,Adult
2456,None
2457,None
2458,None
2459,None
2460,None
2461,None
2462,None
2463,None
2464,Senior
2465,Senior
2466,None
2467,Senior
2468,None
2469,None
2470,None
2471,Adult
2472,None
2473,None
2474,None
2475,None
2476,Adult
2477,None
2478,None
2479,None
2480,None
2481,None
2482,None
2483,None
2484,None
2485,None
2486,None
2487,None
2488,None
2489,None
2490,Adult
2491,None
2492,None
2493,None
2494,Adult
2495,None
2496,None
2497,Adult
2498,None
2499,None
2500,None
2501,Adult
2502,Senior
2503,None
2504,None
2505,Disabled
2506,None
2507,None
2508,Adult
2509,None
2510,None
2511,None
2512,None
2513,None
2514,None
2515,None
2516,None
2517,None
2518,None
2519,None
2520,None
2521,Disabled
2522,None
2523,None
2524,None
2525,None
2526,None
2527,Adult
2528,None
2529,None
2530,Disabled
2531,None
2532,None
2533,None
2534,None
2535,Adult
2536,None
2537,None
2538,None
2539,None
2540,None
2541,None
2542,None
2543,None
2544,None
2545,Disabled
2546,None
2547,None
2548,Senior
2549,None
2550,Disabled
2551,Disabled
2552,Senior
2553,None
2554,Senior
2555,Senior
2556,Disabled
2557,None
2558,Disabled
2559,Adult
2560,None
2561,None
2562,None
2563,None
2564,Senior
2565,None
2566,Adult
2567,None
2568,None
2569,None
2570,None
2571,None
2572,None
2573,None
2574,None
2575,None
2576,None
2577,Adult
2578,Adult
2579,Adult
2580,None
2581,None
2582,Disabled
2583,None
2584,None
2585,None
2586,None
2587,None
2588,None
2589,None
2590,None
2591,None
2592,None
2593,None
2594,None
2595,Disabled
2596,None
2597,None
2598,None
2599,Adult
2600,Disabled
2601,None
2602,Senior
2603,Senior
2604,None
2605,Senior
2606,None
2607,Disabled
2608,Disabled
2609,Adult
2610,None
2611,None
2612,None
2613,None
2614,None
2615,None
2616,None
2617,None
2618,None
2619,None
2620,None
2621,None
2622,None
2623,Adult
2624,None
2625,Adult
2626,None
2627,None
2628,Disabled
2629,None
2630,None
2631,None
2632,Disabled
2633,None
2634,None
2635,None
2636,Disabled
2637,None
2638,None
2639,None
2640,Adult
2641,Senior
2642,None
2643,None
2644,Adult
2645,Disabled
2646,Disabled
2647,None
2648,None
2649,None
2650,None
2651,None
2652,Adult
2653,Disabled
2654,None
2655,None
2656,None
2657,None
2658,None
2659,None
2660,None
2661,Disabled
2662,None
2663,None
2664,Disabled
2665,Disabled
2666,None
2667,None
2668,None
2669,None
2670,Disabled
2671,Senior
2672,None
2673,Adult
2674,None
2675,Adult
2676,None
2677,Adult
2678,Adult
2679,None
2680,None
2681,Disabled
2682,None
2683,Senior
2684,None
2685,None
2686,None
2687,Disabled
2688,Disabled
2689,Disabled
2690,Disabled
2691,Adult
2692,Adult
2693,Adult
2694,Disabled
2695,Adult
2696,Adult
2697,Disabled
2698,Adult
2699,Senior
2700,Adult
2701,Adult
2702,None
2703,None
2704,Adult
2705,None
2706,None
2707,None
2708,None
2709,None
2710,None
2711,None
2712,None
2713,Adult
2714,None
2715,None
2716,None
2717,None
2718,None
2719,None
2720,Adult
2721,Adult
2722,None
2723,Senior
2724,None
2725,None
2726,Adult
2727,None
2728,None
2729,None
2730,None
2731,None
2732,None
2733,None
2734,None
2735,None
2736,Disabled
2737,Adult
2738,Adult
2739,Disabled
2740,Disabled
2741,None
2742,Adult
2743,Adult
2744,Adult
2745,Adult
2746,Adult
2747,Adult
2748,Adult
2749,Adult
2750,None
2751,None
2752,None
2753,None
2754,Adult
2755,Adult
2756,None
2757,None
2758,None
2759,Adult
2760,None
2761,None
2762,None
2763,None
2764,None
2765,None
2766,None
2767,None
2768,None
2769,None
2770,None
2771,None
2772,None
2773,Adult
2774,None
2775,None
2776,None
2777,None
2778,None
2779,None
2780,None
2781,None
2782,None
2783,None
2784,None
2785,Adult
2786,None
2787,None
2788,None
2789,Adult
2790,None
2791,None
2792,None
2793,None
2794,None
2795,None
2796,Disabled
2797,None
2798,Adult
2799,None
2800,None
2801,None
2802,None
2803,None
2804,None
2805,None
2806,None
2807,Adult
2808,Disabled
2809,None
2810,Adult
2811,None
2812,Disabled
2813,Adult
2814,Senior
2815,Adult
2816,Adult
2817,None
2818,None
2819,None
2820,None
2821,Adult
2822,Disabled
2823,None
2824,Adult
2825,None
2826,None
2827,None
2828,Adult
2829,None
2830,None
2831,Adult
2832,None
2833,None
2834,Senior
2835,Senior
2836,None
2837,Adult
2838,None
2839,Disabled
2840,Disabled
2841,Disabled
2842,Disabled
2843,None
2844,Disabled
2845,None
2846,None
2847,Adult
2848,Adult
2849,Adult
2850,Adult
2851,Disabled
2852,Adult
2853,Adult
2854,None
2855,None
2856,None
2857,Disabled
2858,None
2859,None
2860,None
2861,None
2862,None
2863,Disabled
2864,None
2865,None
2866,None
2867,None
2868,None
2869,None
2870,None
2871,None
2872,Adult
2873,None
2874,None
2875,None
2876,Senior
2877,Senior
2878,Senior
2879,Senior
2880,Disabled
2881,None
2882,None
2883,None
2884,None
2885,None
2886,None
2887,None
2888,None
2889,None
2890,None
2891,None
2892,None
2893,None
2894,None
2895,None
2896,None
2897,None
2898,None
2899,None
2900,None
2901,None
2902,None
2903,None
2904,None
2905,None
2906,Adult
2907,Adult
2908,None
2909,Adult
2910,Disabled
2911,None
2912,None
2913,None
2914,Adult
2915,Adult
2916,Senior
2917,Senior
2918,None
2919,None
2920,Adult
2921,None
2922,Senior
2923,None
2924,None
2925,None
2926,None
2927,None
2928,Adult
2929,None
2930,None
2931,Adult
2932,None
2933,None
2934,None
2935,None
2936,None
2937,None
2938,None
2939,None
2940,None
2941,Disabled
2942,Disabled
2943,None
2944,Disabled
2945,None
2946,Adult
2947,Disabled
2948,Adult
2949,None
2950,Senior
2951,Adult
2952,None
2953,Adult
2954,None
2955,None
2956,None
2957,Adult
2958,Adult
2959,Senior
2960,Adult
2961,None
2962,Adult
2963,Senior
2964,None
2965,Adult
2966,None
2967,None
2968,None
2969,None
2970,None
2971,None
2972,None
2973,Adult
2974,Adult
2975,None
2976,None
2977,None
2978,None
2979,Senior
2980,None
2981,Senior
2982,None
2983,None
2984,None
2985,None
2986,None
2987,Disabled
2988,None
2989,None
2990,None
2991,None
2992,None
2993,Senior
2994,None
2995,None
2996,None
2997,Disabled
2998,None
2999,Adult
3000,Adult
3001,None
3002,None
3003,None
3004,None
3005,None
3006,None
3007,None
3008,None
3009,None
3010,Adult
3011,Adult
3012,Disabled
3013,Senior
3014,Adult
3015,Adult
3016,None
3017,None
3018,Adult
3019,Senior
3020,Senior
3021,None
3022,None
3023,Adult
3024,None
3025,None
3026,None
3027,None
3028,Senior
3029,Senior
3030,None
3031,None
3032,None
3033,None
3034,None
3035,None
3036,None
3037,None
3038,None
3039,None
3040,None
3041,None
3042,None
3043,None
3044,None
3045,None
3046,Senior
3047,None
3048,None
3049,None
3050,None
3051,None
3052,None
3053,None
3054,None
3055,None
3056,None
3057,None
3058,None
3059,None
3060,None
3061,None
3062,None
3063,None
3064,Adult
3065,None
3066,None
3067,None
3068,Adult
3069,None
3070,None
3071,None
3072,None
3073,Disabled
3074,None
3075,None
3076,None
3077,None
3078,Adult
3079,None
3080,None
3081,None
3082,None
3083,None
3084,Adult
3085,None
3086,None
3087,Adult
3088,None
3089,Adult
3090,None
3091,None
3092,None
3093,None
3094,None
3095,None
3096,Adult
3097,Disabled
3098,Adult
3099,None
3100,None
3101,None
3102,None
3103,None
3104,None
3105,None
3106,None
3107,None
3108,None
3109,None
3110,None
3111,None
3112,None
3113,Senior
3114,None
3115,None
3116,Disabled
3117,None
3118,None
3119,None
3120,Disabled
3121,None
3122,None
3123,None
3124,None
3125,None
3126,Senior
3127,None
3128,None
3129,None
3130,None
3131,Adult
3132,None
3133,None
3134,None
3135,None
3136,None
3137,None
3138,None
3139,None
3140,None
3141,None
3142,Adult
3143,None
3144,Adult
3145,Senior
3146,None
3147,Senior
3148,Senior
3149,Disabled
3150,Senior
3151,Disabled
3152,None
3153,Disabled
3154,None
3155,Disabled
3156,Disabled
3157,None
3158,None
3159,None
3160,None
3161,None
3162,None
3163,None
3164,None
3165,None
3166,None
3167,Disabled
3168,None
3169,Adult
3170,None
3171,None
3172,None
3173,None
3174,None
3175,Disabled
3176,Senior
3177,None
3178,None
3179,None
3180,None
3181,None
3182,None
3183,None
3184,None
3185,None
3186,Disabled
3187,None
3188,Adult
3189,None
3190,None
3191,Adult
3192,Adult
3193,Senior
3194,None
3195,None
3196,None
3197,None
3198,Adult
3199,None
3200,None
3201,None
3202,None
3203,None
3204,None
3205,None
3206,Adult
3207,None
3208,None
3209,None
3210,None
3211,None
3212,None
3213,None
3214,Disabled
3215,None
3216,None
3217,None
3218,None
3219,None
3220,None
3221,Adult
3222,None
3223,Senior
3224,None
3225,Adult
3226,Senior
3227,None
3228,None
3229,None
3230,None
3231,None
3232,None
3233,None
3234,None
3235,None
3236,None
3237,None
3238,None
3239,Adult
3240,None
3241,None
3242,None
3243,Adult
3244,Adult
3245,Adult
3246,Adult
3247,Adult
3248,None
3249,None
3250,None
3251,Disabled
3252,None
3253,None
3254,Adult
3255,None
3256,None
3257,Disabled
3258,None
3259,Adult
3260,None
3261,None
3262,Adult
3263,Senior
3264,None
3265,None
3266,Adult
3267,Adult
3268,None
3269,Senior
3270,Adult
3271,Senior
3272,Senior
3273,None
3274,None
3275,None
3276,None
3277,None
3278,None
3279,None
3280,Senior
3281,None
3282,Senior
3283,None
3284,Adult
3285,Disabled
3286,Disabled
3287,Disabled
3288,None
3289,None
3290,None
3291,Adult
3292,None
3293,None
3294,None
3295,None
3296,None
3297,None
3298,Senior
3299,None
3300,None
3301,None
3302,None
3303,None
3304,None
3305,None
3306,Adult
3307,None
3308,None
3309,None
3310,None
3311,None
3312,Adult
3313,None
3314,None
3315,None
3316,None
3317,None
3318,Adult
3319,Adult
3320,Adult
3321,Adult
3322,Disabled
3323,None
3324,None
3325,None
3326,None
3327,Adult
3328,Disabled
3329,None
3330,None
3331,None
3332,None
3333,None
3334,None
3335,None
3336,None
3337,None
3338,None
3339,None
3340,None
3341,None
3342,Disabled
3343,Disabled
3344,Disabled
3345,None
3346,None
3347,None
3348,None
3349,Senior
3350,None
3351,Senior
3352,None
3353,None
3354,None
3355,Disabled
3356,Disabled
3357,None
3358,Disabled
3359,None
3360,Disabled
3361,Disabled
3362,None
3363,None
3364,None
3365,None
3366,None
3367,None
3368,None
3369,None
3370,Adult
3371,None
3372,Adult
3373,None
3374,None
3375,None
3376,None
3377,None
3378,None
3379,None
3380,None
3381,None
3382,None
3383,None
3384,None
3385,None
3386,None
3387,None
3388,None
3389,None
3390,None
3391,None
3392,None
3393,None
3394,None
3395,Adult
3396,None
3397,None
3398,Disabled
3399,None
3400,Senior
3401,None
3402,Senior
3403,Senior
3404,None
3405,Senior
3406,Senior
3407,Senior
3408,None
3409,None
3410,Adult
3411,Disabled
3412,Disabled
3413,None
3414,None
3415,None
3416,None
3417,None
3418,None
3419,None
3420,None
3421,Adult
3422,None
3423,None
3424,None
3425,None
3426,None
3427,None
3428,None
3429,None
3430,None
3431,None
3432,None
3433,None
3434,None
3435,None
3436,Disabled
3437,None
3438,None
3439,Disabled
3440,None
3441,None
3442,None
3443,Adult
3444,Adult
3445,None
3446,Adult
3447,Adult
3448,None
3449,None
3450,Senior
3451,Adult
3452,None
3453,None
3454,Adult
3455,Adult
3456,Adult
3457,None
3458,Senior
3459,None
3460,None
3461,None
3462,Adult
3463,None
3464,Senior
3465,None
3466,Adult
3467,None
3468,None
3469,Disabled
3470,None
3471,None
3472,Disabled
3473,None
3474,Disabled
3475,Disabled
3476,Disabled
3477,Disabled
3478,Disabled
3479,Disabled
3480,None
3481,None
3482,Disabled
3483,None
3484,Senior
3485,Adult
3486,Adult
3487,Adult
3488,Disabled
3489,Adult
3490,Senior
3491,Adult
3492,Senior
3493,Adult
3494,None
3495,None
3496,Adult
3497,None
3498,None
3499,None
3500,None
3501,None
3502,None
3503,None
3504,None
3505,Senior
3506,None
3507,Adult
3508,Adult
3509,None
3510,None
3511,None
3512,Adult
3513,None
3514,None
3515,None
3516,None
3517,None
3518,None
3519,None
3520,None
3521,None
3522,None
3523,None
3524,None
3525,Disabled
3526,Adult
3527,Disabled
3528,None
3529,None
3530,None
3531,None
3532,None
3533,Senior
3534,None
3535,None
3536,None
3537,Disabled
3538,None
3539,Senior
3540,None
3541,None
3542,None
3543,None
3544,Disabled
3545,None
3546,Adult
3547,Adult
3548,None
3549,Disabled
3550,Adult
3551,None
3552,Adult
3553,Adult
3554,None
3555,Senior
3556,Senior
3557,Senior
3558,Adult
3559,Senior
3560,None
3561,None
3562,Adult
3563,Adult
3564,None
3565,Adult
3566,None
3567,None
3568,None
3569,Adult
3570,Adult
3571,None
3572,Adult
3573,Adult
3574,None
3575,None
3576,None
3577,None
3578,None
3579,None
3580,None
3581,None
3582,None
3583,None
3584,None
3585,None
3586,None
3587,None
3588,None
3589,None
3590,Adult
3591,Senior
3592,None
3593,None
3594,None
3595,None
3596,None
3597,Adult
3598,None
3599,Disabled
3600,None
3601,None
3602,Adult
3603,None
3604,None
3605,None
3606,None
3607,None
3608,Adult
3609,Adult
3610,None
3611,None
3612,Adult
3613,None
3614,None
3615,None
3616,None
3617,None
3618,None
3619,None
3620,Senior
3621,None
3622,None
3623,None
3624,None
3625,Disabled
3626,None
3627,None
3628,Adult
3629,Disabled
3630,Disabled
3631,None
3632,None
3633,Adult
3634,None
3635,None
3636,Adult
3637,None
3638,None
3639,None
3640,None
3641,None
3642,Senior
3643,Senior
3644,None
3645,Senior
3646,None
3647,Senior
3648,Senior
3649,Senior
3650,None
3651,Disabled
3652,None
3653,Disabled
3654,Disabled
3655,None
3656,None
3657,None
3658,None
3659,Adult
3660,None
3661,None
3662,None
3663,None
3664,None
3665,None
3666,None
3667,None
3668,None
3669,None
3670,None
3671,None
3672,None
3673,Adult
3674,None
3675,Disabled
3676,None
3677,None
3678,None
3679,None
3680,None
3681,None
3682,Disabled
3683,Disabled
3684,Disabled
3685,Adult
3686,Adult
3687,None
3688,None
3689,None
3690,None
3691,None
3692,Senior
3693,Senior
3694,Senior
3695,Disabled
3696,Disabled
3697,Disabled
3698,None
3699,None
3700,None
3701,None
3702,None
3703,None
3704,None
3705,Disabled
3706,None
3707,Disabled
3708,None
3709,None
3710,None
3711,None
3712,None
3713,None
3714,None
3715,None
3716,Adult
3717,None
3718,None
3719,None
3720,None
3721,None
3722,None
3723,None
3724,None
3725,None
3726,Disabled
3727,None
3728,None
3729,None
3730,Adult
3731,None
3732,None
3733,None
3734,Adult
3735,None
3736,None
3737,None
3738,None
3739,None
3740,None
3741,None
3742,None
3743,None
3744,None
3745,None
3746,None
3747,None
3748,None
3749,None
3750,Senior
3751,Senior
3752,None
3753,Adult
3754,Senior
3755,Disabled
3756,Senior
3757,None
3758,None
3759,None
3760,None
3761,None
3762,None
3763,Disabled
3764,None
3765,Adult
3766,Adult
3767,None
3768,None
3769,None
3770,None
3771,Senior
3772,Adult
3773,None
3774,Adult
3775,Adult
3776,Adult
3777,Disabled
3778,Adult
3779,Adult
3780,Senior
3781,Adult
3782,None
3783,Adult
3784,None
3785,Adult
3786,Adult
3787,None
3788,None
3789,None
3790,None
3791,None
3792,None
3793,None
3794,Adult
3795,None
3796,None
3797,None
3798,None
3799,None
3800,None
3801,Senior
3802,None
3803,Adult
3804,None
3805,Adult
3806,Adult
3807,None
3808,None
3809,None
3810,None
3811,Adult
3812,None
3813,None
3814,None
3815,None
3816,None
3817,None
3818,Senior
3819,None
3820,None
3821,None
3822,Adult
3823,Adult
3824,Adult
3825,Adult
3826,None
3827,None
3828,Adult
3829,Senior
3830,None
3831,Senior
3832,None
3833,None
3834,Disabled
3835,Adult
3836,Senior
3837,None
3838,Senior
3839,None
3840,None
3841,None
3842,Senior
3843,Senior
3844,Senior
3845,Senior
3846,None
3847,Adult
3848,None
3849,Adult
3850,None
3851,None
3852,None
3853,None
3854,Adult
3855,None
3856,None
3857,None
3858,None
3859,None
3860,None
3861,None
3862,None
3863,None
3864,None
3865,Adult
3866,None
3867,Senior
3868,None
3869,None
3870,None
3871,None
3872,None
3873,Adult
3874,Disabled
3875,Disabled
3876,None
3877,None
3878,None
3879,Adult
3880,None
3881,None
3882,None
3883,None
3884,None
3885,None
3886,None
3887,Adult
3888,None
3889,None
3890,None
3891,None
3892,None
3893,Disabled
3894,None
3895,None
3896,None
3897,None
3898,None
3899,None
3900,None
3901,None
3902,None
3903,None
3904,Disabled
3905,Disabled
3906,None
3907,None
3908,None
3909,None
3910,Adult
3911,None
3912,None
3913,Disabled
3914,None
3915,Adult
3916,Senior
3917,Senior
3918,None
3919,None
3920,None
3921,Disabled
3922,Adult
3923,Disabled
3924,None
3925,None
3926,None
3927,None
3928,None
3929,None
3930,None
3931,None
3932,None
3933,None
3934,Disabled
3935,None
3936,Adult
3937,Adult
3938,Disabled
3939,None
3940,None
3941,None
3942,None
3943,None
3944,None
3945,Adult
3946,None
3947,None
3948,Senior
3949,Senior
3950,Senior
3951,Senior
3952,Senior
3953,Senior
3954,Senior
3955,Disabled
3956,None
3957,None
3958,None
3959,Disabled
3960,None
3961,None
3962,None
3963,None
3964,Adult
3965,None
3966,None
3967,None
3968,None
3969,None
3970,None
3971,None
3972,None
3973,None
3974,None
3975,None
3976,None
3977,Disabled
3978,None
3979,Adult
3980,None
3981,None
3982,None
3983,None
3984,None
3985,None
3986,None
3987,Disabled
3988,None
3989,None
3990,Disabled
3991,None
3992,None
3993,None
3994,None
3995,None
3996,None
3997,None
3998,Disabled
3999,None
4000,None
4001,None
4002,Adult
4003,None
4004,None
4005,Adult
4006,None
4007,None
4008,None
4009,None
4010,Senior
4011,Adult
4012,None
4013,None
4014,None
4015,None
4016,None
4017,None
4018,None
4019,Adult
4020,None
4021,None
4022,Senior
4023,Disabled
4024,Senior
4025,Disabled
4026,Disabled
4027,None
4028,None
4029,Disabled
4030,None
4031,None
4032,None
4033,Adult
4034,Disabled
4035,Adult
4036,None
4037,None
4038,None
4039,None
4040,Adult
4041,None
4042,Adult
4043,Adult
4044,None
4045,None
4046,None
4047,None
4048,Adult
4049,None
4050,None
4051,None
4052,None
4053,None
4054,None
4055,None
4056,Adult
4057,Disabled
4058,None
4059,Adult
4060,Senior
4061,None
4062,None
4063,None
4064,None
4065,Adult
4066,None
4067,None
4068,None
4069,None
4070,None
4071,Adult
4072,Adult
4073,Adult
4074,Adult
4075,None
4076,None
4077,None
4078,None
4079,None
4080,None
4081,None
4082,None
4083,Senior
4084,None
4085,None
4086,None
4087,None
4088,Disabled
4089,Adult
4090,Adult
4091,Adult
4092,None
4093,Adult
4094,Adult
4095,None
4096,Adult
4097,None
4098,None
4099,Adult
4100,Adult
4101,None
4102,None
4103,None
4104,Senior
4105,Adult
4106,Senior
4107,Senior
4108,Adult
4109,None
4110,None
4111,Senior
4112,Adult
4113,None
4114,Disabled
4115,None
4116,Senior
4117,None
4118,Adult
4119,Disabled
4120,None
4121,None
4122,None
4123,Adult
4124,None
4125,None
4126,None
4127,None
4128,None
4129,None
4130,None
4131,None
4132,None
4133,None
4134,Senior
4135,None
4136,None
4137,None
4138,None
4139,None
4140,None
4141,Disabled
4142,None
4143,Adult
4144,None
4145,None
4146,None
4147,None
4148,None
4149,None
4150,Disabled
4151,None
4152,Adult
4153,Adult
4154,Adult
4155,None
4156,Disabled
4157,None
4158,None
4159,None
4160,None
4161,None
4162,Adult
4163,None
4164,None
4165,None
4166,None
4167,None
4168,None
4169,None
4170,None
4171,None
4172,None
4173,None
4174,Disabled
4175,None
4176,None
4177,None
4178,None
4179,None
4180,None
4181,Adult
4182,None
4183,None
4184,None
4185,None
4186,Adult
4187,None
4188,None
4189,None
4190,None
4191,Disabled
4192,None
4193,None
4194,None
4195,None
4196,None
4197,None
4198,Adult
4199,Senior
4200,Disabled
4201,Disabled
4202,Adult
4203,None
4204,Disabled
4205,Adult
4206,None
4207,None
4208,None
4209,None
4210,None
4211,None
4212,Adult
4213,None
4214,None
4215,Disabled
4216,None
4217,None
4218,None
4219,None
4220,None
4221,None
4222,None
4223,None
4224,None
4225,None
4226,None
4227,None
4228,Disabled
4229,None
4230,None
4231,None
4232,None
4233,Adult
4234,None
4235,None
4236,None
4237,None
4238,None
4239,None
4240,Disabled
4241,None
4242,None
4243,None
4244,None
4245,None
4246,Adult
4247,Disabled
4248,Adult
4249,Senior
4250,Disabled
4251,Adult
4252,None
4253,Adult
4254,None
4255,None
4256,Senior
4257,None
4258,Senior
4259,Senior
4260,Senior
4261,Senior
4262,None
4263,Adult
4264,Disabled
4265,None
4266,Disabled
4267,None
4268,Disabled
4269,Disabled
4270,None
4271,None
4272,None
4273,None
4274,None
4275,None
4276,None
4277,None
4278,None
4279,None
4280,None
4281,None
4282,None
4283,Disabled
4284,None
4285,None
4286,None
4287,None
4288,None
4289,None
4290,None
4291,None
4292,None
4293,None
4294,None
4295,None
4296,None
4297,None
4298,Adult
4299,None
4300,Adult
4301,None
4302,None
4303,Disabled
4304,None
4305,None
4306,Disabled
4307,None
4308,None
4309,Adult
4310,None
4311,None
4312,Senior
4313,None
4314,Disabled
4315,Adult
4316,Adult
4317,None
4318,Disabled
4319,None
4320,None
4321,None
4322,None
4323,None
4324,Senior
4325,None
4326,None
4327,None
4328,Senior
4329,None
4330,None
4331,None
4332,None
4333,None
4334,Adult
4335,None
4336,Adult
4337,None
4338,None
4339,None
4340,None
4341,Senior
4342,None
4343,None
4344,None
4345,None
4346,None
4347,Disabled
4348,Adult
4349,None
4350,Disabled
4351,Adult
4352,Adult
4353,Adult
4354,Adult
4355,Adult
4356,None
4357,None
4358,Adult
4359,None
4360,None
4361,Adult
4362,None
4363,Adult
4364,Senior
4365,Adult
4366,None
4367,Adult
4368,None
4369,None
4370,None
4371,None
4372,None
4373,None
4374,None
4375,Disabled
4376,Adult
4377,Adult
4378,None
4379,None
4380,None
4381,None
4382,None
4383,None
4384,Disabled
4385,Disabled
4386,Senior
4387,None
4388,Senior
4389,Adult
4390,None
4391,None
4392,None
4393,None
4394,None
4395,None
4396,Adult
4397,Senior
4398,Senior
4399,None
4400,None
4401,None
4402,None
4403,None
4404,Disabled
4405,None
4406,Senior
4407,Adult
4408,None
4409,None
4410,Senior
4411,None
4412,Senior
4413,Senior
4414,Senior
4415,None
4416,Senior
4417,None
4418,None
4419,None
4420,None
4421,None
4422,None
4423,Adult
4424,None
4425,None
4426,None
4427,None
4428,None
4429,None
4430,None
4431,None
4432,None
4433,Senior
4434,None
4435,Adult
4436,None
4437,Disabled
4438,None
4439,None
4440,Senior
4441,None
4442,None
4443,None
4444,None
4445,Adult
4446,None
4447,None
4448,None
4449,Senior
4450,None
4451,Senior
4452,None
4453,Adult
4454,None
4455,None
4456,None
4457,Adult
4458,Disabled
4459,None
4460,None
4461,Adult
4462,Disabled
4463,Adult
4464,None
4465,Adult
4466,None
4467,None
4468,None
4469,None
4470,Senior
4471,None
4472,Senior
4473,None
4474,None
4475,None
4476,None
4477,None
4478,None
4479,None
4480,None
4481,None
4482,None
4483,Disabled
4484,Adult
4485,None
4486,None
4487,None
4488,None
4489,None
4490,None
4491,None
4492,None
4493,None
4494,None
4495,None
4496,Senior
4497,Senior
4498,Senior
4499,Senior
4500,Senior
4501,Disabled
4502,Senior
4503,Senior
4504,Senior
4505,Disabled
4506,Disabled
4507,None
4508,None
4509,Adult
4510,None
4511,None
4512,Disabled
4513,Disabled
4514,Disabled
4515,None
4516,None
4517,None
4518,Adult
4519,None
4520,None
4521,None
4522,Senior
4523,Adult
4524,None
4525,None
4526,None
4527,None
4528,None
4529,None
4530,None
4531,None
4532,None
4533,None
4534,None
4535,None
4536,None
4537,None
4538,None
4539,None
4540,None
4541,Disabled
4542,None
4543,None
4544,None
4545,None
4546,None
4547,None
4548,None
4549,None
4550,Adult
4551,Adult
4552,None
4553,Senior
4554,None
4555,Senior
4556,None
4557,Senior
4558,Senior
4559,None
4560,Disabled
4561,Disabled
4562,None
4563,None
4564,Disabled
4565,Disabled
4566,Disabled
4567,Disabled
4568,None
4569,None
4570,None
4571,None
4572,None
4573,None
4574,None
4575,None
4576,None
4577,None
4578,None
4579,None
4580,None
4581,None
4582,None
4583,Adult
4584,Senior
4585,None
4586,None
4587,None
4588,None
4589,Adult
4590,None
4591,None
4592,None
4593,None
4594,Adult
4595,None
4596,None
4597,None
4598,None
4599,None
4600,None
4601,Adult
4602,None
4603,Adult
4604,Senior
4605,None
4606,None
4607,Disabled
4608,None
4609,Disabled
4610,None
4611,None
4612,Adult
4613,Adult
4614,None
4615,None
4616,None
4617,Adult
4618,None
4619,None
4620,Adult
4621,None
4622,None
4623,Disabled
4624,None
4625,Adult
4626,None
4627,Disabled
4628,Disabled
4629,None
4630,None
4631,None
4632,None
4633,None
4634,None
4635,None
4636,Disabled
4637,None
4638,None
4639,Disabled
4640,Disabled
4641,Disabled
4642,None
4643,Adult
4644,Adult
4645,Disabled
4646,Disabled
4647,Adult
4648,None
4649,None
4650,None
4651,Adult
4652,None
4653,None
4654,None
4655,None
4656,None
4657,None
4658,None
4659,None
4660,None
4661,None
4662,None
4663,Disabled
4664,None
4665,None
4666,Disabled
4667,None
4668,Disabled
4669,Adult
4670,None
4671,None
4672,None
4673,None
4674,None
4675,None
4676,None
4677,Adult
4678,Adult
4679,None
4680,Adult
4681,None
4682,Disabled
4683,Senior
4684,None
4685,None
4686,None
4687,Adult
4688,Senior
4689,Adult
4690,Disabled
4691,None
4692,Disabled
4693,None
4694,Adult
4695,Disabled
4696,Adult
4697,None
4698,None
4699,Disabled
4700,Disabled
4701,None
4702,Adult
4703,Disabled
4704,None
4705,Adult
4706,None
4707,None
4708,Adult
4709,Adult
4710,None
4711,Senior
4712,Senior
4713,Senior
4714,None
4715,None
4716,None
4717,None
4718,None
4719,Disabled
4720,None
4721,None
4722,None
4723,None
4724,None
4725,Senior
4726,None
4727,Disabled
4728,Senior
4729,Disabled
4730,None
4731,None
4732,None
4733,None
4734,None
4735,None
4736,None
4737,None
4738,None
4739,None
4740,None
4741,None
4742,None
4743,None
4744,None
4745,None
4746,None
4747,None
4748,None
4749,None
4750,None
4751,None
4752,None
4753,None
4754,None
4755,Disabled
4756,None
4757,Adult
4758,None
4759,None
4760,None
4761,None
4762,Adult
4763,Disabled
4764,None
4765,None
4766,Disabled
4767,Adult
4768,Disabled
4769,None
4770,None
4771,None
4772,None
4773,None
4774,None
4775,None
4776,Adult
4777,Disabled
4778,None
4779,Disabled
4780,None
4781,Adult
4782,None
4783,None
4784,None
4785,Disabled
4786,Disabled
4787,None
4788,None
4789,None
4790,Disabled
4791,None
4792,None
4793,Adult
4794,None
4795,None
4796,None
4797,Disabled
4798,None
4799,None
4800,None
4801,Senior
4802,Senior
4803,None
4804,Disabled
4805,None
4806,None
4807,Disabled
4808,None
4809,None
4810,Disabled
4811,Senior
4812,None
4813,None
4814,None
4815,None
4816,None
4817,Adult
4818,Adult
4819,None
4820,None
4821,None
4822,None
4823,Disabled
4824,None
4825,None
4826,Senior
4827,None
4828,None
4829,None
4830,None
4831,None
4832,None
4833,None
4834,None
4835,None
4836,None
4837,None
4838,None
4839,None
4840,None
4841,None
4842,None
4843,None
4844,Adult
4845,Adult
4846,None
4847,None
4848,None
4849,None
4850,None
4851,None
4852,None
4853,Adult
4854,None
4855,None
4856,None
4857,Disabled
4858,None
4859,Senior
4860,Senior
4861,Senior
4862,None
4863,None
4864,None
4865,None
4866,None
4867,Disabled
4868,None
4869,Disabled
4870,None
4871,None
4872,None
4873,None
4874,None
4875,None
4876,None
4877,None
4878,None
4879,None
4880,None
4881,Adult
4882,None
4883,None
4884,Senior
4885,None
4886,None
4887,None
4888,None
4889,None
4890,Adult
4891,None
4892,None
4893,Adult
4894,Adult
4895,Adult
4896,None
4897,Disabled
4898,None
4899,None
4900,None
4901,Disabled
4902,None
4903,None
4904,Adult
4905,Adult
4906,None
4907,Disabled
4908,Senior
4909,Disabled
4910,Disabled
4911,None
4912,None
4913,None
4914,None
4915,Adult
4916,Adult
4917,Senior
4918,Disabled
4919,Adult
4920,None
4921,None
4922,None
4923,None
4924,Adult
4925,None
4926,None
4927,Senior
4928,None
4929,None
4930,Senior
4931,None
4932,None
4933,Adult
4934,None
4935,Adult
4936,None
4937,None
4938,None
4939,None
4940,Disabled
4941,Adult
4942,Disabled
4943,Adult
4944,Adult
4945,Disabled
4946,Senior
4947,None
4948,Adult
4949,None
4950,Adult
4951,Adult
4952,Adult
4953,None
4954,Adult
4955,None
4956,None
4957,Senior
4958,Senior
4959,Senior
4960,None
4961,None
4962,Adult
4963,None
4964,None
4965,Senior
4966,None
4967,Disabled
4968,None
4969,Adult
4970,None
4971,None
4972,None
4973,Adult
4974,None
4975,None
4976,None
4977,None
4978,None
4979,None
4980,Disabled
4981,None
4982,None
4983,None
4984,None
4985,None
4986,None
4987,Disabled
4988,None
4989,Adult
4990,None
4991,Adult
4992,None
4993,Adult
4994,None
4995,Adult
4996,Adult
4997,Adult
4998,None
4999,Adult
5000,Adult
5001,Senior
5002,None
5003,None
5004,None
5005,Senior
5006,Disabled
5007,None
5008,Senior
5009,Senior
5010,Senior
5011,Adult
5012,Adult
5013,None
5014,Adult
5015,None
5016,Adult
5017,None
5018,Adult
5019,Senior
5020,None
5021,None
5022,None
5023,Senior
5024,None
5025,None
5026,None
5027,None
5028,Adult
5029,None
5030,Disabled
5031,Disabled
5032,None
5033,None
5034,None
5035,None
5036,None
5037,None
5038,Adult
5039,None
5040,None
5041,Adult
5042,None
5043,Adult
5044,None
5045,None
5046,None
5047,None
5048,None
5049,None
5050,None
5051,None
5052,Disabled
5053,None
5054,None
5055,None
5056,None
5057,None
5058,None
5059,None
5060,None
5061,Disabled
5062,None
5063,Disabled
5064,Disabled
5065,Disabled
5066,Senior
5067,Adult
5068,None
5069,Adult
5070,None
5071,None
5072,None
5073,None
5074,None
5075,None
5076,Disabled
5077,None
5078,Adult
5079,None
5080,Disabled
5081,None
5082,Disabled
5083,None
5084,None
5085,None
5086,Adult
5087,None
5088,None
5089,None
5090,None
5091,None
5092,None
5093,Senior
5094,Senior
5095,None
5096,Disabled
5097,Disabled
5098,None
5099,None
5100,None
5101,None
5102,None
5103,None
5104,None
5105,Adult
5106,None
5107,Senior
5108,None
5109,Disabled
5110,None
5111,None
5112,None
5113,None
5114,None
5115,Adult
5116,None
5117,None
5118,None
5119,Disabled
5120,None
5121,None
5122,None
5123,None
5124,None
5125,None
5126,None
5127,None
5128,None
5129,Adult
5130,Adult
5131,None
5132,Senior
5133,Senior
5134,None
5135,None
5136,None
5137,Senior
5138,None
5139,None
5140,Disabled
5141,Disabled
5142,Disabled
5143,None
5144,None
5145,None
5146,None
5147,None
5148,None
5149,None
5150,Senior
5151,None
5152,None
5153,None
5154,None
5155,Adult
5156,None
5157,None
5158,None
5159,None
5160,None
5161,None
5162,None
5163,None
5164,None
5165,None
5166,None
5167,None
5168,None
5169,None
5170,None
5171,None
5172,None
5173,None
5174,None
5175,None
5176,Senior
5177,Disabled
5178,Adult
5179,None
5180,None
5181,Senior
5182,Adult
5183,None
5184,None
5185,None
5186,None
5187,Senior
5188,None
5189,None
5190,Senior
5191,None
5192,Adult
5193,Adult
5194,None
5195,None
5196,None
5197,None
5198,None
5199,None
5200,Senior
5201,None
5202,None
5203,None
5204,None
5205,Adult
5206,None
5207,None
5208,None
5209,Disabled
5210,Disabled
5211,None
5212,None
5213,Adult
5214,None
5215,Disabled
5216,Adult
5217,Disabled
5218,Disabled
5219,Senior
5220,Senior
5221,Adult
5222,Senior
5223,Adult
5224,Adult
5225,Adult
5226,None
5227,None
5228,None
5229,None
5230,None
5231,None
5232,None
5233,Senior
5234,None
5235,None
5236,Disabled
5237,Adult
5238,None
5239,Adult
5240,None
5241,None
5242,Senior
5243,Senior
5244,None
5245,Adult
5246,None
5247,Adult
5248,Adult
5249,None
5250,Adult
5251,Adult
5252,None
5253,Disabled
5254,None
5255,None
5256,None
5257,None
5258,None
5259,None
5260,Adult
5261,None
5262,Senior
5263,None
5264,Adult
5265,Adult
5266,None
5267,Adult
5268,Adult
5269,Senior
5270,None
5271,None
5272,None
5273,None
5274,Disabled
5275,None
5276,None
5277,None
5278,None
5279,Senior
5280,None
5281,None
5282,None
5283,None
5284,None
5285,Adult
5286,None
5287,Adult
5288,Adult
5289,Adult
5290,Adult
5291,None
5292,None
5293,Senior
5294,None
5295,None
5296,None
5297,None
5298,Adult
5299,None
5300,None
5301,None
5302,None
5303,None
5304,None
5305,None
5306,None
5307,None
5308,None
5309,Adult
5310,Senior
5311,Senior
5312,None
5313,Adult
5314,None
5315,None
5316,Disabled
5317,Adult
5318,Adult
5319,None
5320,None
5321,Adult
5322,Disabled
5323,None
5324,None
5325,Disabled
5326,None
5327,None
5328,Adult
5329,Senior
5330,None
5331,None
5332,Adult
5333,None
5334,None
5335,None
5336,None
5337,Adult
5338,None
5339,Adult
5340,None
5341,None
5342,Disabled
5343,None
5344,Adult
5345,None
5346,None
5347,Disabled
5348,None
5349,None
5350,None
5351,None
5352,None
5353,None
5354,Adult
5355,None
5356,None
5357,None
5358,Disabled
5359,Adult
5360,Disabled
5361,Adult
5362,None
5363,Disabled
5364,None
5365,None
5366,None
5367,None
5368,None
5369,None
5370,None
5371,None
5372,None
5373,None
5374,None
5375,Disabled
5376,None
5377,None
5378,Adult
5379,None
5380,None
5381,None
5382,None
5383,None
5384,None
5385,None
5386,None
5387,None
5388,None
5389,None
5390,None
5391,None
5392,Adult
5393,Senior
5394,None
5395,Senior
5396,None
5397,None
5398,Adult
5399,None
5400,Senior
5401,None
5402,None
5403,None
5404,None
5405,None
5406,None
5407,None
5408,None
5409,None
5410,None
5411,None
5412,None
5413,None
5414,None
5415,Senior
5416,None
5417,None
5418,Adult
5419,None
5420,None
5421,None
5422,None
5423,Disabled
5424,None
5425,Senior
5426,None
5427,None
5428,Adult
5429,None
5430,None
5431,None
5432,None
5433,None
5434,None
5435,None
5436,None
5437,Adult
5438,None
5439,None
5440,None
5441,Adult
5442,None
5443,Senior
5444,None
5445,None
5446,None
5447,None
5448,None
5449,Adult
5450,Senior
5451,None
5452,Disabled
5453,None
5454,None
5455,Adult
5456,Disabled
5457,Adult
5458,None
5459,None
5460,None
5461,Adult
5462,Disabled
5463,Disabled
5464,Adult
5465,None
5466,None
5467,None
5468,None
5469,None
5470,Adult
5471,None
5472,Disabled
5473,Disabled
5474,Disabled
5475,Adult
5476,Disabled
5477,Disabled
5478,Disabled
5479,Adult
5480,Senior
5481,None
5482,None
5483,Senior
5484,None
5485,Senior
5486,None
5487,None
5488,None
5489,None
5490,None
5491,None
5492,None
5493,None
5494,None
5495,None
5496,None
5497,None
5498,None
5499,None
5500,Adult
5501,None
5502,None
5503,Senior
5504,None
5505,None
5506,None
5507,Adult
5508,Adult
5509,None
5510,None
5511,Adult
5512,None
5513,None
5514,None
5515,None
5516,Adult
5517,None
5518,None
5519,None
5520,None
5521,Disabled
5522,None
5523,Adult
5524,None
5525,None
5526,Adult
5527,Disabled
5528,Adult
5529,None
5530,None
5531,Adult
5532,Adult
5533,Adult
5534,Adult
5535,Adult
5536,Senior
5537,Senior
5538,Senior
5539,Senior
5540,Senior
5541,Senior
5542,None
5543,None
5544,None
5545,None
5546,None
5547,None
5548,Senior
5549,None
5550,None
5551,Senior
5552,None
5553,None
5554,Disabled
5555,None
5556,None
5557,None
5558,Adult
5559,Adult
5560,Senior
5561,Senior
5562,None
5563,None
5564,None
5565,None
5566,None
5567,None
5568,None
5569,Disabled
5570,None
5571,None
5572,Adult
5573,None
5574,None
5575,None
5576,None
5577,None
5578,None
5579,Adult
5580,None
5581,Senior
5582,None
5583,Adult
5584,Adult
5585,Disabled
5586,None
5587,None
5588,None
5589,None
5590,Disabled
5591,None
5592,None
5593,None
5594,None
5595,None
5596,Disabled
5597,None
5598,Disabled
5599,None
5600,None
5601,Adult
5602,None
5603,None
5604,None
5605,None
5606,None
5607,None
5608,None
5609,None
5610,Adult
5611,Adult
5612,Adult
5613,None
5614,Adult
5615,Senior
5616,None
5617,Senior
5618,Senior
5619,None
5620,Senior
5621,Senior
5622,Senior
5623,None
5624,None
5625,Disabled
5626,None
5627,None
5628,None
5629,None
5630,None
5631,None
5632,Senior
5633,Adult
5634,Senior
5635,None
5636,Adult
5637,Disabled
5638,None
5639,None
5640,None
5641,None
5642,None
5643,Disabled
5644,None
5645,None
5646,None
5647,Adult
5648,None
5649,None
5650,Adult
5651,None
5652,None
5653,None
5654,None
5655,None
5656,Disabled
5657,None
5658,None
5659,None
5660,None
5661,None
5662,Disabled
5663,None
5664,None
5665,None
5666,Adult
5667,None
5668,Senior
5669,Senior
5670,Senior
5671,Senior
5672,None
5673,Senior
5674,None
5675,None
5676,None
5677,Senior
5678,Disabled
5679,None
5680,None
5681,None
5682,None
5683,None
5684,None
5685,None
5686,None
5687,Adult
5688,None
5689,None
5690,None
5691,None
5692,None
5693,None
5694,None
5695,Adult
5696,None
5697,None
5698,None
5699,None
5700,None
5701,None
5702,Adult
5703,None
5704,None
5705,None
5706,None
5707,None
5708,None
5709,None
5710,Disabled
5711,None
5712,Adult
5713,None
5714,None
5715,None
5716,Disabled
5717,None
5718,None
5719,None
5720,None
5721,Adult
5722,None
5723,None
5724,Adult
5725,None
5726,Senior
5727,Senior
5728,Senior
5729,None
5730,Disabled
5731,None
5732,None
5733,Adult
5734,None
5735,None
5736,Adult
5737,Senior
5738,None
5739,None
5740,None
5741,None
5742,None
5743,None
5744,None
5745,None
5746,Adult
5747,Senior
5748,None
5749,None
5750,Adult
5751,None
5752,Adult
5753,Adult
5754,None
5755,None
5756,None
5757,None
5758,None
5759,None
5760,None
5761,None
5762,None
5763,None
5764,None
5765,None
5766,Disabled
5767,None
5768,None
5769,Adult
5770,None
5771,None
5772,Disabled
5773,Adult
5774,None
5775,Adult
5776,None
5777,Adult
5778,None
5779,Adult
5780,Senior
5781,None
5782,None
5783,None
5784,None
5785,None
5786,None
5787,None
5788,Disabled
5789,Senior
5790,Adult
5791,None
5792,None
5793,Adult
5794,None
5795,None
5796,Disabled
5797,Adult
5798,None
5799,None
5800,None
5801,None
5802,None
5803,Senior
5804,None
5805,None
5806,None
5807,Adult
5808,Disabled
5809,Adult
5810,Senior
5811,None
5812,Disabled
5813,Adult
5814,Adult
5815,Adult
5816,Adult
5817,Adult
5818,Senior
5819,None
5820,Adult
5821,None
5822,Adult
5823,None
5824,None
5825,None
5826,None
5827,Adult
5828,None
5829,None
5830,Adult
5831,Senior
5832,Senior
5833,Senior
5834,Senior
5835,Senior
5836,Disabled
5837,None
5838,None
5839,Adult
5840,None
5841,None
5842,None
5843,None
5844,None
5845,None
5846,Adult
5847,None
5848,None
5849,None
5850,None
5851,None
5852,None
5853,None
5854,None
5855,None
5856,Senior
5857,None
5858,Adult
5859,None
5860,None
5861,None
5862,Disabled
5863,None
5864,None
5865,None
5866,None
5867,None
5868,Adult
5869,None
5870,Adult
5871,None
5872,Adult
5873,None
5874,None
5875,None
5876,None
5877,Adult
5878,None
5879,None
5880,None
5881,None
5882,Adult
5883,None
5884,None
5885,Disabled
5886,Disabled
5887,None
5888,None
5889,None
5890,None
5891,None
5892,None
5893,None
5894,None
5895,None
5896,Adult
5897,Adult
5898,None
5899,None
5900,None
5901,None
5902,None
5903,None
5904,None
5905,None
5906,Disabled
5907,Disabled
5908,None
5909,None
5910,None
5911,Adult
5912,None
5913,Disabled
5914,Disabled
5915,None
5916,Disabled
5917,None
5918,None
5919,Adult
5920,None
5921,None
5922,Senior
5923,Senior
5924,None
5925,Senior
5926,Disabled
5927,Disabled
5928,None
5929,Adult
5930,None
5931,None
5932,None
5933,None
5934,None
5935,Adult
5936,None
5937,None
5938,Disabled
5939,None
5940,Disabled
5941,None
5942,None
5943,None
5944,None
5945,None
5946,Disabled
5947,None
5948,None
5949,None
5950,None
5951,Disabled
5952,None
5953,None
5954,None
5955,None
5956,None
5957,None
5958,None
5959,None
5960,None
5961,None
5962,Senior
5963,Adult
5964,Disabled
5965,None
5966,Senior
5967,Senior
5968,None
5969,Senior
5970,Disabled
5971,Disabled
5972,Disabled
5973,Disabled
5974,Disabled
5975,Disabled
5976,None
5977,Adult
5978,Adult
5979,None
5980,None
5981,None
5982,None
5983,None
5984,Adult
5985,None
5986,Disabled
5987,None
5988,None
5989,None
5990,None
5991,None
5992,None
5993,None
5994,None
5995,None
5996,None
5997,None
5998,None
5999,None
6000,None
6001,None
6002,Adult
6003,Adult
6004,None
6005,None
6006,Senior
6007,None
6008,Disabled
6009,None
6010,None
6011,None
6012,None
6013,None
6014,None
6015,None
6016,None
6017,None
6018,None
6019,None
6020,Adult
6021,None
6022,None
6023,None
6024,None
6025,Disabled
6026,Adult
6027,None
6028,None
6029,None
6030,None
6031,Disabled
6032,Disabled
6033,Adult
6034,None
6035,Adult
6036,None
6037,None
6038,None
6039,Adult
6040,None
6041,Adult
6042,Senior
6043,None
6044,None
6045,None
6046,None
6047,None
6048,Senior
6049,Senior
6050,None
6051,None
6052,None
6053,None
6054,None
6055,None
6056,None
6057,None
6058,None
6059,None
6060,Senior
6061,None
6062,None
6063,None
6064,Senior
6065,None
6066,None
6067,Adult
6068,None
6069,Disabled
6070,Disabled
6071,Disabled
6072,Disabled
6073,Adult
6074,None
6075,Senior
6076,None
6077,None
6078,None
6079,None
6080,None
6081,None
6082,Disabled
6083,Disabled
6084,Disabled
6085,None
6086,Adult
6087,None
6088,None
6089,Adult
6090,None
6091,Adult
6092,None
6093,Adult
6094,Senior
6095,Senior
6096,Senior
6097,None
6098,None
6099,Adult
6100,Senior
6101,None
6102,None
6103,None
6104,None
6105,Disabled
6106,None
6107,None
6108,Adult
6109,Disabled
6110,Senior
6111,Senior
6112,Senior
6113,Senior
6114,Senior
6115,Senior
6116,Disabled
6117,None
6118,None
6119,Adult
6120,None
6121,Adult
6122,Adult
6123,None
6124,None
6125,None
6126,None
6127,None
6128,None
6129,None
6130,None
6131,None
6132,None
6133,None
6134,None
6135,None
6136,None
6137,None
6138,None
6139,None
6140,None
6141,None
6142,Adult
6143,None
6144,None
6145,None
6146,None
6147,None
6148,None
6149,Senior
6150,Senior
6151,Senior
6152,Disabled
6153,Senior
6154,None
6155,None
6156,None
6157,None
6158,None
6159,None
6160,Disabled
6161,Adult
6162,None
6163,Disabled
6164,None
6165,None
6166,None
6167,None
6168,None
6169,None
6170,None
6171,None
6172,None
6173,Adult
6174,None
6175,Disabled
6176,None
6177,Disabled
6178,None
6179,None
6180,None
6181,None
6182,None
6183,None
6184,None
6185,Disabled
6186,None
6187,None
6188,Adult
6189,None
6190,Disabled
6191,Adult
6192,None
6193,None
6194,None
6195,None
6196,None
6197,Adult
6198,None
6199,None
6200,Senior
6201,Senior
6202,None
6203,Senior
6204,None
6205,None
6206,None
6207,Disabled
6208,None
6209,None
6210,Disabled
6211,None
6212,None
6213,Adult
6214,None
6215,None
6216,None
6217,Senior
6218,None
6219,Adult
6220,None
6221,None
6222,None
6223,None
6224,None
6225,None
6226,Adult
6227,None
6228,Adult
6229,None
6230,None
6231,Disabled
6232,None
6233,None
6234,None
6235,None
6236,None
6237,None
6238,Disabled
6239,None
6240,None
6241,None
6242,Disabled
6243,None
6244,None
6245,None
6246,None
6247,Disabled
6248,Disabled
6249,None
6250,None
6251,Senior
6252,Senior
6253,Senior
6254,Senior
6255,Disabled
6256,Disabled
6257,None
6258,Adult
6259,Disabled
6260,None
6261,None
6262,None
6263,Senior
6264,Disabled
6265,Disabled
6266,None
6267,None
6268,Disabled
6269,None
6270,None
6271,Disabled
6272,Disabled
6273,None
6274,None
6275,None
6276,Disabled
6277,None
6278,Disabled
6279,None
6280,None
6281,None
6282,Adult
6283,None
6284,None
6285,Senior
6286,None
6287,None
6288,None
6289,None
6290,None
6291,None
6292,None
6293,None
6294,Disabled
6295,None
6296,Adult
6297,Adult
6298,Adult
6299,None
6300,Adult
6301,None
6302,None
6303,None
6304,None
6305,Adult
6306,Adult
6307,None
6308,Adult
6309,Adult
6310,None
6311,Adult
6312,Senior
6313,Adult
6314,None
6315,None
6316,None
6317,None
6318,None
6319,None
6320,Adult
6321,Senior
6322,Adult
6323,None
6324,None
6325,Adult
6326,None
6327,None
6328,None
6329,None
6330,None
6331,Adult
6332,Adult
6333,Adult
6334,Adult
6335,Senior
6336,Adult
6337,None
6338,None
6339,Disabled
6340,Adult
6341,None
6342,Disabled
6343,Adult
6344,Senior
6345,Adult
6346,Senior
6347,Adult
6348,Adult
6349,Adult
6350,Senior
6351,None
6352,None
6353,None
6354,None
6355,None
6356,Adult
6357,None
6358,None
6359,None
6360,None
6361,None
6362,None
6363,None
6364,None
6365,None
6366,None
6367,None
6368,None
6369,None
6370,None
6371,None
6372,None
6373,None
6374,None
6375,None
6376,None
6377,Senior
6378,Senior
6379,None
6380,Adult
6381,None
6382,None
6383,None
6384,None
6385,Disabled
6386,Disabled
6387,Adult
6388,Disabled
6389,None
6390,None
6391,Senior
6392,None
6393,None
6394,Disabled
6395,None
6396,None
6397,None
6398,Adult
6399,None
6400,Adult
6401,Disabled
6402,Senior
6403,None
6404,Adult
6405,None
6406,None
6407,Senior
6408,None
6409,None
6410,None
6411,None
6412,None
6413,None
6414,None
6415,None
6416,None
6417,Senior
6418,Adult
6419,None
6420,Adult
6421,Senior
6422,None
6423,None
6424,None
6425,None
6426,Senior
6427,None
6428,None
6429,None
6430,Adult
6431,None
6432,Adult
6433,None
6434,None
6435,Disabled
6436,None
6437,Senior
6438,None
6439,None
6440,None
6441,None
6442,Adult
6443,None
6444,None
6445,None
6446,None
6447,Adult
6448,Senior
6449,None
6450,None
6451,None
6452,Adult
6453,None
6454,None
6455,None
6456,None
6457,Adult
6458,None
6459,None
6460,Adult
6461,None
6462,Adult
6463,Adult
6464,None
6465,Disabled
6466,None
6467,None
6468,None
6469,None
6470,None
6471,Disabled
6472,None
6473,None
6474,None
6475,None
6476,None
6477,Adult
6478,None
6479,None
6480,None
6481,None
6482,None
6483,Adult
6484,None
6485,None
6486,None
6487,None
6488,Adult
6489,None
6490,None
6491,None
6492,None
6493,None
6494,None
6495,None
6496,None
6497,None
6498,Adult
6499,None
6500,Senior
6501,None
6502,Senior
6503,None
6504,Disabled
6505,None
6506,Adult
6507,Disabled
6508,Disabled
6509,None
6510,None
6511,Disabled
6512,None
6513,None
6514,None
6515,None
6516,None
6517,None
6518,Adult
6519,None
6520,Senior
6521,None
6522,None
6523,None
6524,None
6525,None
6526,None
6527,Adult
6528,None
6529,Adult
6530,None
6531,None
6532,None
6533,Disabled
6534,None
6535,None
6536,Disabled
6537,Disabled
6538,None
6539,None
6540,None
6541,Adult
6542,None
6543,None
6544,None
6545,None
6546,None
6547,None
6548,None
6549,Senior
6550,None
6551,Senior
6552,Senior
6553,Disabled
6554,None
6555,None
6556,Disabled
6557,None
6558,None
6559,None
6560,None
6561,Adult
6562,None
6563,None
6564,None
6565,None
6566,None
6567,None
6568,None
6569,Disabled
6570,None
6571,None
6572,None
6573,None
6574,Senior
6575,None
6576,None
6577,None
6578,None
6579,None
6580,Disabled
6581,Disabled
6582,None
6583,None
6584,None
6585,Adult
6586,Adult
6587,None
6588,None
6589,None
6590,None
6591,None
6592,None
6593,None
6594,Adult
6595,None
6596,Senior
6597,Disabled
6598,Disabled
6599,None
6600,None
6601,None
6602,None
6603,None
6604,None
6605,None
6606,None
6607,None
6608,None
6609,None
6610,None
6611,None
6612,None
6613,None
6614,None
6615,None
6616,Adult
6617,None
6618,Senior
6619,Adult
6620,None
6621,Adult
6622,None
6623,None
6624,None
6625,None
6626,None
6627,Senior
6628,None
6629,None
6630,None
6631,None
6632,Disabled
6633,None
6634,Adult
6635,Senior
6636,Adult
6637,Disabled
6638,Disabled
6639,Disabled
6640,None
6641,Adult
6642,Adult
6643,None
6644,Adult
6645,None
6646,Senior
6647,None
6648,None
6649,None
6650,None
6651,None
6652,None
6653,None
6654,None
6655,Disabled
6656,None
6657,Senior
6658,None
6659,None
6660,None
6661,None
6662,Senior
6663,Disabled
6664,Disabled
6665,None
6666,Disabled
6667,None
6668,Adult
6669,None
6670,None
6671,Adult
6672,None
6673,None
6674,None
6675,None
6676,None
6677,Senior
6678,Disabled
6679,Disabled
6680,Disabled
6681,Disabled
6682,Adult
6683,Adult
6684,Adult
6685,Disabled
6686,Adult
6687,Adult
6688,Adult
6689,None
6690,None
6691,Senior
6692,Senior
6693,Disabled
6694,Adult
6695,None
6696,None
6697,None
6698,None
6699,None
6700,Senior
6701,None
6702,Senior
6703,Adult
6704,Adult
6705,Adult
6706,Adult
6707,None
6708,Adult
6709,Adult
6710,Adult
6711,Adult
6712,None
6713,None
6714,None
6715,None
6716,None
6717,None
6718,None
6719,None
6720,None
6721,None
6722,None
6723,Adult
6724,None
6725,None
6726,None
6727,None
6728,None
6729,Adult
6730,None
6731,Disabled
6732,None
6733,Adult
6734,Adult
6735,Adult
6736,None
6737,None
6738,None
6739,None
6740,None
6741,None
6742,None
6743,None
6744,Adult
6745,Adult
6746,None
6747,None
6748,Disabled
6749,None
6750,None
6751,None
6752,None
6753,Disabled
6754,Disabled
6755,None
6756,None
6757,Disabled
6758,None
6759,None
6760,None
6761,None
6762,None
6763,None
6764,None
6765,None
6766,None
6767,None
6768,None
6769,None
6770,Disabled
6771,None
6772,None
6773,None
6774,Adult
6775,Disabled
6776,None
6777,None
6778,Disabled
6779,None
6780,None
6781,Disabled
6782,Senior
6783,None
6784,Senior
6785,None
6786,Senior
6787,None
6788,None
6789,Senior
6790,Disabled
6791,None
6792,Senior
6793,None
6794,None
6795,None
6796,Disabled
6797,Disabled
6798,Disabled
6799,None
6800,Adult
6801,None
6802,None
6803,None
6804,Senior
6805,None
6806,Disabled
6807,Adult
6808,Disabled
6809,None
6810,None
6811,None
6812,None
6813,Senior
6814,None
6815,Senior
6816,None
6817,None
6818,None
6819,None
6820,Adult
6821,None
6822,None
6823,None
6824,None
6825,None
6826,None
6827,None
6828,None
6829,Adult
6830,None
6831,None
6832,None
6833,None
6834,None
6835,None
6836,None
6837,None
6838,None
6839,None
6840,Disabled
6841,None
6842,None
6843,Senior
6844,Senior
6845,Disabled
6846,None
6847,None
6848,None
6849,Adult
6850,None
6851,Adult
6852,Disabled
6853,None
6854,Disabled
6855,None
6856,None
6857,None
6858,None
6859,None
6860,None
6861,None
6862,None
6863,None
6864,None
6865,None
6866,None
6867,None
6868,None
6869,None
6870,None
6871,Disabled
6872,Disabled
6873,Disabled
6874,None
6875,None
6876,Adult
6877,None
6878,None
6879,None
6880,None
6881,None
6882,Disabled
6883,Adult
6884,None
6885,None
6886,None
6887,None
6888,None
6889,None
6890,Senior
6891,Adult
6892,Adult
6893,None
6894,None
6895,None
6896,None
6897,Adult
6898,Senior
6899,Senior
6900,Disabled
6901,Senior
6902,None
6903,None
6904,None
6905,Disabled
6906,Adult
6907,Senior
6908,None
6909,Senior
6910,None
6911,Disabled
6912,None
6913,None
6914,None
6915,Disabled
6916,Disabled
6917,Adult
6918,Senior
6919,Adult
6920,None
6921,Adult
6922,Adult
6923,None
6924,Disabled
6925,Disabled
6926,Senior
6927,Senior
6928,None
6929,Adult
6930,None
6931,Adult
6932,None
6933,None
6934,None
6935,None
6936,None
6937,None
6938,None
6939,None
6940,None
6941,Adult
6942,Adult
6943,None
6944,None
6945,None
6946,None
6947,None
6948,Disabled
6949,None
6950,None
6951,Disabled
6952,None
6953,Adult
6954,None
6955,None
6956,None
6957,None
6958,None
6959,None
6960,None
6961,Senior
6962,None
6963,Adult
6964,Adult
6965,Adult
6966,Adult
6967,Adult
6968,Adult
6969,None
6970,Adult
6971,Adult
6972,None
6973,Senior
6974,Senior
6975,None
6976,None
6977,None
6978,None
6979,None
6980,None
6981,None
6982,Disabled
6983,Senior
6984,Senior
6985,None
6986,Senior
6987,None
6988,None
6989,None
6990,None
6991,None
6992,None
6993,Disabled
6994,None
6995,Adult
6996,None
6997,None
6998,None
6999,None
7000,Senior
7001,None
7002,None
7003,None
7004,None
7005,None
7006,None
7007,None
7008,None
7009,None
7010,None
7011,None
7012,None
7013,None
7014,None
7015,None
7016,None
7017,None
7018,None
7019,Adult
7020,None
7021,None
7022,None
7023,None
7024,Adult
7025,Adult
7026,Adult
7027,None
7028,None
7029,None
7030,None
7031,Adult
7032,None
7033,Adult
7034,Adult
7035,Adult
7036,Adult
7037,Adult
7038,Disabled
7039,None
7040,None
7041,Disabled
7042,None
7043,None
7044,None
7045,Disabled
7046,Senior
7047,None
7048,None
7049,Adult
7050,None
7051,None
7052,None
7053,None
7054,Disabled
7055,Disabled
7056,Disabled
7057,None
7058,None
7059,None
7060,None
7061,None
7062,None
7063,None
7064,None
7065,None
7066,None
7067,Disabled
7068,None
7069,Senior
7070,None
7071,None
7072,Disabled
7073,None
7074,None
7075,Disabled
7076,None
7077,Disabled
7078,None
7079,None
7080,None
7081,None
7082,Adult
7083,None
7084,Disabled
7085,None
7086,None
7087,None
7088,None
7089,None
7090,None
7091,None
7092,None
7093,None
7094,None
7095,Adult
7096,None
7097,None
7098,None
7099,Adult
7100,Adult
7101,None
7102,None
7103,None
7104,None
7105,Adult
7106,None
7107,None
7108,None
7109,None
7110,None
7111,None
7112,Senior
7113,None
7114,Senior
7115,Senior
7116,Senior
7117,Senior
7118,Senior
7119,Senior
7120,Adult
7121,Senior
7122,None
7123,Disabled
7124,Disabled
7125,None
7126,None
7127,Disabled
7128,Disabled
7129,Disabled
7130,Disabled
7131,Adult
7132,None
7133,None
7134,None
7135,None
7136,None
7137,None
7138,None
7139,None
7140,None
7141,Adult
7142,None
7143,None
7144,None
7145,None
7146,None
7147,None
7148,None
7149,None
7150,None
7151,None
7152,None
7153,None
7154,None
7155,None
7156,None
7157,None
7158,None
7159,Adult
7160,None
7161,None
7162,None
7163,None
7164,None
7165,Disabled
7166,None
7167,None
7168,None
7169,Adult
7170,None
7171,Disabled
7172,Disabled
7173,Senior
7174,Adult
7175,Adult
7176,Adult
7177,None
7178,None
7179,None
7180,None
7181,None
7182,Senior
7183,None
7184,Adult
7185,None
7186,Adult
7187,Senior
7188,None
7189,None
7190,None
7191,None
7192,Adult
7193,Senior
7194,None
7195,Adult
7196,Senior
7197,None
7198,None
7199,None
7200,Adult
7201,None
7202,None
7203,Disabled
7204,Disabled
7205,Disabled
7206,None
7207,None
7208,Disabled
7209,Adult
7210,Adult
7211,Adult
7212,Disabled
7213,Adult
7214,Senior
7215,None
7216,Adult
7217,Senior
7218,Adult
7219,None
7220,None
7221,None
7222,None
7223,None
7224,None
7225,None
7226,None
7227,None
7228,None
7229,Disabled
7230,None
7231,Adult
7232,Adult
7233,None
7234,None
7235,Adult
7236,None
7237,None
7238,None
7239,Senior
7240,None
7241,Adult
7242,Disabled
7243,None
7244,None
7245,Disabled
7246,None
7247,Senior
7248,None
7249,None
7250,None
7251,None
7252,Disabled
7253,Adult
7254,Adult
7255,None
7256,Adult
7257,None
7258,Adult
7259,Adult
7260,None
7261,None
7262,Adult
7263,None
7264,None
7265,Adult
7266,Adult
7267,Senior
7268,None
7269,None
7270,None
7271,None
7272,Senior
7273,Senior
7274,Adult
7275,Adult
7276,Senior
7277,None
7278,Adult
7279,Adult
7280,None
7281,Disabled
7282,None
7283,None
7284,Adult
7285,None
7286,None
7287,Adult
7288,None
7289,None
7290,None
7291,None
7292,None
7293,None
7294,None
7295,None
7296,None
7297,None
7298,None
7299,None
7300,None
7301,None
7302,None
7303,None
7304,None
7305,None
7306,None
7307,None
7308,Senior
7309,None
7310,Adult
7311,Senior
7312,None
7313,Adult
7314,Adult
7315,Adult
7316,Adult
7317,Adult
7318,None
7319,None
7320,Adult
7321,None
7322,None
7323,Disabled
7324,Disabled
7325,Adult
7326,None
7327,Adult
7328,None
7329,Disabled
7330,Disabled
7331,Adult
7332,Disabled
7333,None
7334,None
7335,None
7336,None
7337,None
7338,None
7339,None
7340,None
7341,None
7342,None
7343,None
7344,None
7345,None
7346,None
7347,None
7348,None
7349,None
7350,None
7351,Senior
7352,None
7353,Senior
7354,None
7355,Disabled
7356,None
7357,None
7358,None
7359,Disabled
7360,None
7361,None
7362,None
7363,None
7364,Adult
7365,None
7366,None
7367,None
7368,None
7369,None
7370,None
7371,None
7372,None
7373,Disabled
7374,None
7375,None
7376,None
7377,None
7378,None
7379,Disabled
7380,None
7381,Adult
7382,None
7383,Disabled
7384,None
7385,Adult
7386,None
7387,None
7388,None
7389,Disabled
7390,None
7391,None
7392,None
7393,None
7394,None
7395,Adult
7396,None
7397,None
7398,None
7399,Adult
7400,Disabled
7401,Disabled
7402,Senior
7403,Senior
7404,Disabled
7405,None
7406,None
7407,None
7408,Adult
7409,Disabled
7410,Disabled
7411,None
7412,None
7413,None
7414,None
7415,None
7416,None
7417,None
7418,None
7419,None
7420,None
7421,None
7422,None
7423,None
7424,None
7425,Disabled
7426,None
7427,None
7428,None
7429,None
7430,None
7431,None
7432,None
7433,None
7434,None
7435,None
7436,None
7437,None
7438,None
7439,None
7440,Disabled
7441,Disabled
7442,None
7443,None
7444,None
7445,None
7446,Senior
7447,None
7448,None
7449,Adult
7450,Adult
7451,Disabled
7452,None
7453,Disabled
7454,Disabled
7455,None
7456,None
7457,None
7458,Senior
7459,None
7460,None
7461,Senior
7462,Adult
7463,None
7464,None
7465,None
7466,Disabled
7467,Disabled
7468,None
7469,None
7470,None
7471,None
7472,Disabled
7473,Disabled
7474,None
7475,Adult
7476,Disabled
7477,Disabled
7478,Senior
7479,Adult
7480,Adult
7481,Adult
7482,Adult
7483,None
7484,Senior
7485,None
7486,None
7487,Adult
7488,Adult
7489,None
7490,None
7491,None
7492,None
7493,None
7494,None
7495,None
7496,Disabled
7497,Disabled
7498,None
7499,Adult
7500,None
7501,None
7502,Adult
7503,None
7504,None
7505,Adult
7506,None
7507,Senior
7508,None
7509,None
7510,Adult
7511,None
7512,Disabled
7513,None
7514,Adult
7515,None
7516,None
7517,None
7518,Senior
7519,None
7520,Senior
7521,Senior
7522,None
7523,None
7524,None
7525,None
7526,None
7527,Disabled
7528,None
7529,None
7530,Senior
7531,None
7532,Senior
7533,Adult
7534,Adult
7535,Adult
7536,Adult
7537,Adult
7538,Adult
7539,None
7540,Adult
7541,Adult
7542,Adult
7543,Senior
7544,Adult
7545,Senior
7546,None
7547,Senior
7548,Senior
7549,Senior
7550,None
7551,None
7552,None
7553,None
7554,Disabled
7555,Senior
7556,Senior
7557,Senior
7558,Senior
7559,None
7560,Senior
7561,Senior
7562,None
7563,Disabled
7564,None
7565,Adult
7566,None
7567,None
7568,None
7569,None
7570,None
7571,None
7572,None
7573,None
7574,Adult
7575,None
7576,None
7577,None
7578,None
7579,Adult
7580,None
7581,None
7582,None
7583,None
7584,None
7585,None
7586,None
7587,Adult
7588,None
7589,None
7590,None
7591,None
7592,None
7593,None
7594,None
7595,None
7596,None
7597,None
7598,None
7599,None
7600,Adult
7601,None
7602,None
7603,Disabled
7604,None
7605,Disabled
7606,None
7607,None
7608,None
7609,None
7610,None
7611,None
7612,None
7613,None
7614,Disabled
7615,Disabled
7616,None
7617,None
7618,None
7619,None
7620,Adult
7621,Senior
7622,Adult
7623,None
7624,None
7625,None
7626,None
7627,Disabled
7628,None
7629,Disabled
7630,Disabled
7631,None
7632,Adult
7633,Adult
7634,None
7635,None
7636,None
7637,None
7638,None
7639,None
7640,None
7641,Senior
7642,None
7643,Senior
7644,Senior
7645,Adult
7646,Senior
7647,Senior
7648,Senior
7649,Senior
7650,Disabled
7651,Disabled
7652,None
7653,None
7654,Adult
7655,Disabled
7656,None
7657,None
7658,None
7659,Disabled
7660,None
7661,None
7662,None
7663,None
7664,None
7665,None
7666,Senior
7667,None
7668,Disabled
7669,None
7670,None
7671,None
7672,None
7673,None
7674,None
7675,None
7676,None
7677,None
7678,None
7679,Adult
7680,None
7681,None
7682,Disabled
7683,None
7684,None
7685,None
7686,None
7687,None
7688,Disabled
7689,None
7690,None
7691,Disabled
7692,None
7693,Disabled
7694,Senior
7695,Senior
7696,Senior
7697,None
7698,Senior
7699,None
7700,None
7701,None
7702,None
7703,None
7704,None
7705,Disabled
7706,Disabled
7707,None
7708,None
7709,None
7710,None
7711,None
7712,None
7713,None
7714,None
7715,None
7716,None
7717,None
7718,None
7719,Disabled
7720,None
7721,None
7722,None
7723,None
7724,None
7725,None
7726,None
7727,None
7728,None
7729,Adult
7730,None
7731,None
7732,None
7733,None
7734,Adult
7735,None
7736,Senior
7737,None
7738,None
7739,None
7740,None
7741,None
7742,None
7743,None
7744,Adult
7745,Adult
7746,None
7747,None
7748,None
7749,None
7750,None
7751,None
7752,Adult
7753,None
7754,Adult
7755,None
7756,None
7757,None
7758,Adult
7759,None
7760,Adult
7761,None
7762,Senior
7763,Senior
7764,None
7765,None
7766,None
7767,Adult
7768,None
7769,Disabled
7770,Disabled
7771,None
7772,None
7773,Disabled
7774,None
7775,Disabled
7776,Disabled
7777,None
7778,Senior
7779,Senior
7780,Adult
7781,Adult
7782,Adult
7783,None
7784,Senior
7785,Senior
7786,None
7787,None
7788,None
7789,Adult
7790,None
7791,None
7792,None
7793,None
7794,None
7795,None
7796,None
7797,None
7798,Adult
7799,None
7800,Senior
7801,Adult
7802,None
7803,None
7804,Adult
7805,None
7806,None
7807,None
7808,Senior
7809,None
7810,None
7811,None
7812,None
7813,Adult
7814,Disabled
7815,None
7816,Disabled
7817,None
7818,None
7819,None
7820,Senior
7821,None
7822,None
7823,None
7824,None
7825,None
7826,Disabled
7827,Adult
7828,None
7829,None
7830,None
7831,Adult
7832,None
7833,None
7834,None
7835,None
7836,Adult
7837,Disabled
7838,None
7839,Adult
7840,Adult
7841,Adult
7842,Adult
7843,Adult
7844,Adult
7845,Adult
7846,None
7847,Adult
7848,Senior
7849,Senior
7850,None
7851,None
7852,None
7853,None
7854,Adult
7855,Adult
7856,None
7857,None
7858,None
7859,None
7860,Adult
7861,None
7862,Senior
7863,None
7864,Senior
7865,Senior
7866,None
7867,None
7868,None
7869,None
7870,None
7871,None
7872,Adult
7873,None
7874,None
7875,None
7876,None
7877,None
7878,None
7879,Adult
7880,None
7881,None
7882,None
7883,None
7884,None
7885,None
7886,None
7887,Adult
7888,Adult
7889,None
7890,None
7891,None
7892,None
7893,None
7894,None
7895,None
7896,None
7897,None
7898,None
7899,Adult
7900,None
7901,Adult
7902,Adult
7903,None
7904,Disabled
7905,Adult
7906,None
7907,Adult
7908,None
7909,Disabled
7910,Disabled
7911,Disabled
7912,Senior
7913,None
7914,None
7915,Disabled
7916,None
7917,None
7918,None
7919,None
7920,None
7921,None
7922,None
7923,None
7924,None
7925,Senior
7926,Disabled
7927,None
7928,Disabled
7929,Disabled
7930,None
7931,None
7932,None
7933,None
7934,None
7935,None
7936,None
7937,None
7938,None
7939,None
7940,None
7941,None
7942,None
7943,None
7944,None
7945,None
7946,None
7947,None
7948,Disabled
7949,None
7950,Disabled
7951,None
7952,None
7953,None
7954,None
7955,None
7956,Adult
7957,Senior
7958,None
7959,Disabled
7960,None
7961,Disabled
7962,Senior
7963,Senior
7964,None
7965,None
7966,Disabled
7967,Adult
7968,None
7969,Senior
7970,None
7971,None
7972,None
7973,Disabled
7974,Disabled
7975,None
7976,Adult
7977,None
7978,Senior
7979,None
7980,None
7981,None
7982,None
7983,None
7984,Adult
7985,Adult
7986,Disabled
7987,Adult
7988,Adult
7989,Adult
7990,Adult
7991,Adult
7992,Adult
7993,None
7994,None
7995,None
7996,Adult
7997,None
7998,Senior
7999,None
8000,Disabled
8001,None
8002,None
8003,Adult
8004,None
8005,None
8006,Adult
8007,None
8008,Adult
8009,None
8010,None
8011,Adult
8012,None
8013,None
8014,None
8015,Disabled
8016,None
8017,Senior
8018,Senior
8019,None
8020,None
8021,None
8022,None
8023,None
8024,Adult
8025,None
8026,None
8027,Adult
8028,Senior
8029,Senior
8030,Adult
8031,None
8032,Disabled
8033,Adult
8034,None
8035,Adult
8036,None
8037,Adult
8038,None
8039,None
8040,Adult
8041,None
8042,None
8043,None
8044,None
8045,None
8046,Senior
8047,None
8048,Adult
8049,None
8050,Disabled
8051,Adult
8052,Disabled
8053,None
8054,None
8055,None
8056,None
8057,None
8058,None
8059,None
8060,None
8061,None
8062,None
8063,Adult
8064,None
8065,Disabled
8066,None
8067,None
8068,Disabled
8069,None
8070,Disabled
8071,Disabled
8072,None
8073,None
8074,Adult
8075,Disabled
8076,None
8077,None
8078,Adult
8079,None
8080,None
8081,None
8082,None
8083,None
8084,None
8085,None
8086,None
8087,None
8088,Disabled
8089,None
8090,None
8091,None
8092,None
8093,Disabled
8094,None
8095,None
8096,None
8097,None
8098,None
8099,None
8100,None
8101,None
8102,None
8103,None
8104,Adult
8105,None
8106,None
8107,None
8108,Senior
8109,None
8110,Senior
8111,Senior
8112,None
8113,None
8114,Adult
8115,None
8116,Senior
8117,None
8118,Senior
8119,Senior
8120,Disabled
8121,Disabled
8122,Adult
8123,Adult
8124,None
8125,None
8126,None
8127,Disabled
8128,Disabled
8129,Disabled
8130,None
8131,Adult
8132,Adult
8133,None
8134,Adult
8135,None
8136,None
8137,None
8138,None
8139,None
8140,Senior
8141,Adult
8142,Adult
8143,Senior
8144,None
8145,None
8146,None
8147,None
8148,None
8149,None
8150,None
8151,None
8152,None
8153,None
8154,None
8155,None
8156,Disabled
8157,Adult
8158,Adult
8159,None
8160,None
8161,None
8162,None
8163,None
8164,None
8165,None
8166,None
8167,None
8168,None
8169,Disabled
8170,None
8171,Adult
8172,Disabled
8173,None
8174,None
8175,Disabled
8176,None
8177,Disabled
8178,None
8179,None
8180,Disabled
8181,None
8182,None
8183,None
8184,None
8185,None
8186,None
8187,None
8188,None
8189,None
8190,None
8191,None
8192,None
8193,None
8194,None
8195,None
8196,None
8197,None
8198,None
8199,None
8200,None
8201,None
8202,Senior
8203,Disabled
8204,Senior
8205,None
8206,Disabled
8207,Disabled
8208,Senior
8209,Senior
8210,Senior
8211,Senior
8212,None
8213,None
8214,None
8215,None
8216,Disabled
8217,None
8218,None
8219,None
8220,None
8221,None
8222,None
8223,Adult
8224,Adult
8225,None
8226,None
8227,Adult
8228,None
8229,None
8230,Senior
8231,Adult
8232,None
8233,None
8234,Disabled
8235,Disabled
8236,None
8237,None
8238,None
8239,None
8240,Disabled
8241,None
8242,None
8243,None
8244,None
8245,None
8246,None
8247,None
8248,Adult
8249,None
8250,Disabled
8251,None
8252,None
8253,None
8254,None
8255,None
8256,None
8257,None
8258,None
8259,None
8260,None
8261,Adult
8262,None
8263,None
8264,Adult
8265,Adult
8266,None
8267,None
8268,None
8269,None
8270,Adult
8271,None
8272,None
8273,None
8274,None
8275,None
8276,None
8277,Senior
8278,Senior
8279,Disabled
8280,Adult
8281,Senior
8282,Senior
8283,Adult
8284,None
8285,Adult
8286,None
8287,None
8288,None
8289,Adult
8290,Senior
8291,None
8292,Adult
8293,Senior
8294,Senior
8295,None
8296,Senior
8297,None
8298,None
8299,Adult
8300,None
8301,None
8302,None
8303,Disabled
8304,None
8305,Disabled
8306,Disabled
8307,None
8308,Disabled
8309,Adult
8310,Disabled
8311,None
8312,Disabled
8313,Adult
8314,Adult
8315,Adult
8316,Adult
8317,None
8318,Adult
8319,Adult
8320,Adult
8321,Disabled
8322,Disabled
8323,Adult
8324,Adult
8325,None
8326,None
8327,Adult
8328,None
8329,Adult
8330,None
8331,Adult
8332,Senior
8333,None
8334,Adult
8335,Adult
8336,None
8337,None
8338,Senior
8339,None
8340,None
8341,None
8342,None
8343,None
8344,None
8345,None
8346,None
8347,None
8348,None
8349,Disabled
8350,None
8351,None
8352,Senior
8353,Senior
8354,None
8355,None
8356,None
8357,None
8358,None
8359,Adult
8360,None
8361,None
8362,None
8363,None
8364,None
8365,Senior
8366,None
8367,None
8368,None
8369,None
8370,None
8371,Adult
8372,Adult
8373,Adult
8374,None
8375,None
8376,None
8377,Adult
8378,None
8379,None
8380,None
8381,Senior
8382,None
8383,None
8384,None
8385,None
8386,Senior
8387,None
8388,Disabled
8389,Senior
8390,None
8391,None
8392,None
8393,None
8394,None
8395,None
8396,None
8397,None
8398,Adult
8399,None
8400,None
8401,None
8402,None
8403,Adult
8404,None
8405,None
8406,Adult
8407,Adult
8408,Senior
8409,Senior
8410,Senior
8411,Senior
8412,None
8413,None
8414,Senior
8415,None
8416,Disabled
8417,Disabled
8418,None
8419,None
8420,None
8421,None
8422,Adult
8423,None
8424,None
8425,Senior
8426,None
8427,Senior
8428,None
8429,None
8430,None
8431,Senior
8432,None
8433,None
8434,None
8435,Adult
8436,None
8437,Disabled
8438,None
8439,None
8440,None
8441,Disabled
8442,None
8443,Adult
8444,None
8445,None
8446,None
8447,None
8448,None
8449,Senior
8450,None
8451,None
8452,Adult
8453,None
8454,None
8455,None
8456,None
8457,None
8458,None
8459,None
8460,Adult
8461,None
8462,None
8463,None
8464,None
8465,Senior
8466,None
8467,None
8468,None
8469,None
8470,None
8471,None
8472,Adult
8473,None
8474,Disabled
8475,None
8476,None
8477,None
8478,Disabled
8479,None
8480,None
8481,None
8482,None
8483,None
8484,None
8485,None
8486,None
8487,None
8488,Senior
8489,None
8490,Adult
8491,Adult
8492,None
8493,None
8494,None
8495,None
8496,None
8497,None
8498,None
8499,None
8500,None
8501,Disabled
8502,Adult
8503,None
8504,None
8505,Adult
8506,None
8507,None
8508,None
8509,None
8510,None
8511,None
8512,None
8513,Senior
8514,None
8515,Senior
8516,Senior
8517,Senior
8518,Senior
8519,Senior
8520,Senior
8521,Senior
8522,None
8523,Disabled
8524,Disabled
8525,None
8526,None
8527,None
8528,Disabled
8529,None
8530,None
8531,None
8532,Adult
8533,None
8534,Disabled
8535,Disabled
8536,Disabled
8537,None
8538,None
8539,None
8540,None
8541,None
8542,None
8543,None
8544,None
8545,None
8546,None
8547,None
8548,None
8549,None
8550,None
8551,None
8552,None
8553,Adult
8554,None
8555,Adult
8556,None
8557,None
8558,None
8559,None
8560,Adult
8561,Senior
8562,Adult
8563,Disabled
8564,None
8565,Senior
8566,None
8567,None
8568,Disabled
8569,Adult
8570,None
8571,Adult
8572,None
8573,None
8574,None
8575,None
8576,Adult
8577,None
8578,None
8579,None
8580,None
8581,Adult
8582,None
8583,None
8584,None
8585,Disabled
8586,None
8587,None
8588,None
8589,Disabled
8590,None
8591,None
8592,Senior
8593,None
8594,None
8595,None
8596,None
8597,None
8598,None
8599,Disabled
8600,None
8601,Senior
8602,Disabled
8603,Adult
8604,None
8605,None
8606,None
8607,None
8608,None
8609,None
8610,None
8611,None
8612,None
8613,None
8614,None
8615,None
8616,None
8617,Adult
8618,None
8619,None
8620,Adult
8621,Senior
8622,None
8623,Adult
8624,None
8625,None
8626,None
8627,None
8628,None
8629,None
8630,None
8631,None
8632,None
8633,None
8634,None
8635,Senior
8636,None
8637,None
8638,None
8639,Senior
8640,None
8641,None
8642,Senior
8643,None
8644,None
8645,None
8646,Disabled
8647,None
8648,Disabled
8649,Adult
8650,Adult
8651,Disabled
8652,Disabled
8653,Disabled
8654,Disabled
8655,None
8656,None
8657,None
8658,Senior
8659,Adult
8660,Adult
8661,None
8662,None
8663,None
8664,None
8665,None
8666,None
8667,Adult
8668,None
8669,None
8670,None
8671,None
8672,None
8673,Adult
8674,None
8675,None
8676,None
8677,None
8678,None
8679,None
8680,None
8681,Disabled
8682,None
8683,None
8684,Adult
8685,Adult
8686,None
8687,None
8688,None
8689,None
8690,Adult
8691,Senior
8692,Senior
8693,None
8694,Disabled
8695,Senior
8696,None
8697,None
8698,Adult
8699,Adult
8700,None
8701,None
8702,Adult
8703,Adult
8704,None
8705,Senior
8706,Adult
8707,None
8708,None
8709,None
8710,Adult
8711,Senior
8712,Senior
8713,None
8714,None
8715,Disabled
8716,Senior
8717,None
8718,None
8719,None
8720,None
8721,Adult
8722,Adult
8723,None
8724,None
8725,None
8726,None
8727,None
8728,None
8729,None
8730,None
8731,None
8732,None
8733,None
8734,Disabled
8735,None
8736,None
8737,None
8738,None
8739,Senior
8740,None
8741,None
8742,None
8743,None
8744,None
8745,Adult
8746,None
8747,Disabled
8748,Adult
8749,None
8750,None
8751,Disabled
8752,Adult
8753,Disabled
8754,None
8755,Disabled
8756,None
8757,None
8758,None
8759,None
8760,None
8761,None
8762,None
8763,None
8764,None
8765,Adult
8766,None
8767,Disabled
8768,None
8769,Disabled
8770,None
8771,None
8772,Disabled
8773,Senior
8774,None
8775,None
8776,Senior
8777,Senior
8778,Adult
8779,None
8780,Adult
8781,Senior
8782,Senior
8783,Adult
8784,Adult
8785,None
8786,None
8787,None
8788,None
8789,None
8790,None
8791,None
8792,None
8793,None
8794,None
8795,None
8796,None
8797,Disabled
8798,None
8799,None
8800,None
8801,None
8802,None
8803,None
8804,None
8805,Adult
8806,None
8807,None
8808,Adult
8809,None
8810,Disabled
8811,None
8812,None
8813,None
8814,None
8815,None
8816,None
8817,Adult
8818,None
8819,None
8820,None
8821,None
8822,None
8823,None
8824,None
8825,None
8826,Senior
8827,None
8828,Senior
8829,Senior
8830,None
8831,None
8832,Disabled
8833,None
8834,Disabled
8835,None
8836,Disabled
8837,None
8838,Adult
8839,None
8840,None
8841,None
8842,None
8843,None
8844,None
8845,Adult
8846,None
8847,Senior
8848,Disabled
8849,Adult
8850,None
8851,None
8852,None
8853,None
8854,None
8855,None
8856,None
8857,None
8858,None
8859,None
8860,None
8861,None
8862,Disabled
8863,None
8864,None
8865,None
8866,None
8867,None
8868,Adult
8869,None
8870,None
8871,Adult
8872,None
8873,Adult
8874,None
8875,None
8876,Disabled
8877,None
8878,None
8879,None
8880,Adult
8881,None
8882,None
8883,None
8884,None
8885,None
8886,None
8887,None
8888,None
8889,None
8890,Disabled
8891,Senior
8892,Senior
8893,Senior
8894,Senior
8895,Senior
8896,None
8897,Senior
8898,Senior
8899,Senior
8900,None
8901,Senior
8902,Senior
8903,Senior
8904,Senior
8905,Senior
8906,Senior
8907,None
8908,None
8909,None
8910,None
8911,Disabled
8912,None
8913,None
8914,Adult
8915,None
8916,Disabled
8917,Disabled
8918,Disabled
8919,None
8920,None
8921,Disabled
8922,Disabled
8923,None
8924,None
8925,None
8926,None
8927,None
8928,None
8929,None
8930,None
8931,None
8932,None
8933,None
8934,None
8935,None
8936,None
8937,None
8938,None
8939,None
8940,None
8941,None
8942,None
8943,None
8944,None
8945,None
8946,None
8947,None
8948,None
8949,None
8950,None
8951,None
8952,None
8953,Adult
8954,None
8955,Adult
8956,None
8957,Adult
8958,Adult
8959,None
8960,None
8961,Disabled
8962,None
8963,None
8964,None
8965,None
8966,Disabled
8967,None
8968,None
8969,None
8970,None
8971,None
8972,None
8973,None
8974,None
8975,None
8976,None
8977,None
8978,None
8979,None
8980,None
8981,None
8982,None
8983,None
8984,None
8985,None
8986,None
8987,None
8988,None
8989,None
8990,Disabled
8991,Adult
8992,None
8993,Adult
8994,None
8995,None
8996,Senior
8997,None
8998,None
8999,None
9000,Adult
9001,Senior
9002,None
9003,None
9004,None
9005,None
9006,Adult
9007,Disabled
9008,Adult
9009,None
9010,Senior
9011,Disabled
9012,None
9013,Senior
9014,None
9015,Adult
9016,None
9017,None
9018,None
9019,None
9020,Senior
9021,None
9022,Disabled
9023,Disabled
9024,None
9025,None
9026,None
9027,None
9028,None
9029,None
9030,Adult
9031,None
9032,Adult
9033,None
9034,None
9035,Adult
9036,Adult
9037,None
9038,Disabled
9039,None
9040,Disabled
9041,None
9042,None
9043,Disabled
9044,Senior
9045,None
9046,None
9047,Disabled
9048,None
9049,None
9050,Disabled
9051,Disabled
9052,None
9053,Disabled
9054,Adult
9055,None
9056,None
9057,Disabled
9058,None
9059,Disabled
9060,Disabled
9061,Disabled
9062,None
9063,None
9064,Adult
9065,None
9066,None
9067,Senior
9068,Senior
9069,Adult
9070,Senior
9071,None
9072,None
9073,None
9074,None
9075,None
9076,None
9077,None
9078,None
9079,None
9080,None
9081,None
9082,Adult
9083,None
9084,None
9085,None
9086,Senior
9087,None
9088,None
9089,None
9090,None
9091,None
9092,None
9093,None
9094,None
9095,None
9096,Adult
9097,Adult
9098,None
9099,Disabled
9100,None
9101,None
9102,None
9103,Disabled
9104,None
9105,Disabled
9106,None
9107,Disabled
9108,Disabled
9109,Disabled
9110,Disabled
9111,None
9112,None
9113,None
9114,None
9115,None
9116,Disabled
9117,Adult
9118,None
9119,None
9120,None
9121,None
9122,None
9123,None
9124,None
9125,None
9126,Disabled
9127,Adult
9128,None
9129,Adult
9130,Adult
9131,Senior
9132,Senior
9133,Adult
9134,Senior
9135,Disabled
9136,None
9137,Adult
9138,None
9139,Adult
9140,None
9141,Adult
9142,Adult
9143,Adult
9144,None
9145,None
9146,Adult
9147,Adult
9148,Adult
9149,Senior
9150,None
9151,Adult
9152,None
9153,Senior
9154,Senior
9155,None
9156,None
9157,None
9158,None
9159,None
9160,None
9161,None
9162,None
9163,Senior
9164,None
9165,None
9166,None
9167,None
9168,None
9169,Senior
9170,Adult
9171,Senior
9172,None
9173,None
9174,None
9175,Adult
9176,None
9177,None
9178,Senior
9179,Senior
9180,Senior
9181,Senior
9182,Senior
9183,None
9184,Senior
9185,None
9186,Adult
9187,Senior
9188,None
9189,Senior
9190,Disabled
9191,Adult
9192,None
9193,Adult
9194,None
9195,None
9196,Disabled
9197,None
9198,Adult
9199,None
9200,None
9201,None
9202,Senior
9203,None
9204,None
9205,None
9206,None
9207,None
9208,None
9209,None
9210,None
9211,None
9212,None
9213,None
9214,None
9215,None
9216,None
9217,None
9218,None
9219,None
9220,None
9221,None
9222,None
9223,None
9224,None
9225,None
9226,None
9227,None
9228,None
9229,None
9230,None
9231,None
9232,None
9233,Senior
9234,None
9235,None
9236,None
9237,None
9238,None
9239,None
9240,None
9241,None
9242,None
9243,None
9244,None
9245,None
9246,None
9247,None
9248,Adult
9249,None
9250,None
9251,None
9252,None
9253,None
9254,Adult
9255,None
9256,None
9257,None
9258,None
9259,None
9260,Disabled
9261,Disabled
9262,None
9263,Adult
9264,None
9265,Disabled
9266,Adult
9267,Disabled
9268,None
9269,Adult
9270,None
9271,None
9272,Disabled
9273,None
9274,None
9275,None
9276,Adult
9277,None
9278,None
9279,Disabled
9280,None
9281,Disabled
9282,None
9283,None
9284,Disabled
9285,Senior
9286,Senior
9287,Adult
9288,Senior
9289,None
9290,None
9291,Adult
9292,None
9293,None
9294,None
9295,None
9296,Disabled
9297,None
9298,None
9299,Adult
9300,None
9301,None
9302,None
9303,None
9304,None
9305,None
9306,None
9307,None
9308,None
9309,None
9310,None
9311,Adult
9312,None
9313,None
9314,None
9315,Adult
9316,Senior
9317,None
9318,Disabled
9319,Disabled
9320,None
9321,None
9322,Disabled
9323,None
9324,None
9325,None
9326,None
9327,None
9328,Adult
9329,None
9330,Disabled
9331,Adult
9332,None
9333,Senior
9334,Adult
9335,None
9336,None
9337,Disabled
9338,None
9339,None
9340,None
9341,None
9342,None
9343,Disabled
9344,Disabled
9345,None
9346,Disabled
9347,Disabled
9348,None
9349,None
9350,Adult
9351,None
9352,Senior
9353,None
9354,Adult
9355,Adult
9356,Disabled
9357,None
9358,None
9359,None
9360,None
9361,None
9362,None
9363,None
9364,None
9365,None
9366,None
9367,Adult
9368,None
9369,None
9370,None
9371,None
9372,None
9373,None
9374,None
9375,None
9376,None
9377,None
9378,None
9379,Disabled
9380,None
9381,None
9382,Adult
9383,None
9384,None
9385,None
9386,None
9387,None
9388,None
9389,Adult
9390,None
9391,None
9392,Adult
9393,None
9394,None
9395,Senior
9396,Senior
9397,Senior
9398,Disabled
9399,None
9400,Disabled
9401,None
9402,Senior
9403,Senior
9404,None
9405,Disabled
9406,None
9407,None
9408,None
9409,Disabled
9410,Disabled
9411,Adult
9412,Adult
9413,None
9414,None
9415,None
9416,Disabled
9417,None
9418,Disabled
9419,Disabled
9420,None
9421,None
9422,None
9423,None
9424,None
9425,None
9426,None
9427,None
9428,None
9429,None
9430,None
9431,None
9432,None
9433,None
9434,None
9435,None
9436,None
9437,None
9438,None
9439,None
9440,None
9441,None
9442,None
9443,None
9444,None
9445,None
9446,None
9447,None
9448,Disabled
9449,None
9450,None
9451,None
9452,Adult
9453,None
9454,None
9455,None
9456,None
9457,None
9458,None
9459,None
9460,Adult
9461,None
9462,Disabled
9463,None
9464,None
9465,None
9466,None
9467,Adult
9468,Disabled
9469,Disabled
9470,None
9471,None
9472,None
9473,Adult
9474,None
9475,Disabled
9476,Senior
9477,None
9478,Adult
9479,None
9480,None
9481,None
9482,None
9483,Adult
9484,None
9485,Senior
9486,None
9487,None
9488,None
9489,Disabled
9490,None
9491,None
9492,Adult
9493,Senior
9494,Adult
9495,Senior
9496,Senior
9497,Adult
9498,None
9499,Adult
9500,Disabled
9501,None
9502,None
9503,None
9504,Senior
9505,Adult
9506,None
9507,Adult
9508,None
9509,Adult
9510,Adult
9511,None
9512,None
9513,None
9514,None
9515,None
9516,None
9517,None
9518,Adult
9519,None
9520,Adult
9521,Adult
9522,None
9523,None
9524,Disabled
9525,Senior
9526,None
9527,Senior
9528,None
9529,None
9530,Adult
9531,Senior
9532,None
9533,None
9534,None
9535,None
9536,Adult
9537,None
9538,Disabled
9539,Adult
9540,Adult
9541,None
9542,Adult
9543,Adult
9544,Adult
9545,Adult
9546,Adult
9547,None
9548,Disabled
9549,None
9550,Disabled
9551,None
9552,Senior
9553,None
9554,Senior
9555,None
9556,None
9557,Senior
9558,Adult
9559,None
9560,Senior
9561,Senior
9562,Senior
9563,Senior
9564,None
9565,None
9566,None
9567,None
9568,None
9569,None
9570,None
9571,None
9572,None
9573,None
9574,None
9575,None
9576,Adult
9577,None
9578,Adult
9579,Adult
9580,None
9581,None
9582,None
9583,None
9584,Adult
9585,None
9586,None
9587,Senior
9588,Senior
9589,None
9590,None
9591,Disabled
9592,None
9593,None
9594,Adult
9595,Adult
9596,None
9597,None
9598,None
9599,None
9600,None
9601,None
9602,None
9603,None
9604,None
9605,None
9606,None
9607,Adult
9608,Adult
9609,None
9610,Disabled
9611,Adult
9612,Senior
9613,Adult
9614,Disabled
9615,Adult
9616,Disabled
9617,None
9618,Disabled
9619,Disabled
9620,Disabled
9621,Adult
9622,Adult
9623,Adult
9624,Adult
9625,Adult
9626,Adult
9627,Adult
9628,None
9629,Adult
9630,Adult
9631,Adult
9632,Adult
9633,Senior
9634,None
9635,Senior
9636,None
9637,Disabled
9638,None
9639,None
9640,None
9641,None
9642,None
9643,None
9644,None
9645,Senior
9646,None
9647,Senior
9648,Adult
9649,None
9650,Senior
9651,Senior
9652,None
9653,Senior
9654,Senior
9655,Senior
9656,None
9657,Senior
9658,Senior
9659,Senior
9660,Senior
9661,Disabled
9662,Senior
9663,Adult
9664,None
9665,None
9666,None
9667,None
9668,Adult
9669,None
9670,None
9671,None
9672,None
9673,None
9674,None
9675,None
9676,None
9677,Adult
9678,Adult
9679,None
9680,None
9681,None
9682,None
9683,None
9684,None
9685,None
9686,None
9687,None
9688,None
9689,None
9690,None
9691,Senior
9692,Senior
9693,None
9694,None
9695,None
9696,None
9697,None
9698,None
9699,None
9700,None
9701,Senior
9702,None
9703,None
9704,None
9705,None
9706,Senior
9707,None
9708,None
9709,None
9710,None
9711,None
9712,None
9713,None
9714,None
9715,None
9716,None
9717,None
9718,None
9719,Adult
9720,Adult
9721,Adult
9722,None
9723,None
9724,None
9725,None
9726,None
9727,Adult
9728,None
9729,Adult
9730,None
9731,None
9732,Adult
9733,None
9734,None
9735,None
9736,None
9737,Adult
9738,None
9739,None
9740,None
9741,Disabled
9742,None
9743,Adult
9744,None
9745,None
9746,Adult
9747,Senior
9748,Senior
9749,None
9750,None
9751,None
9752,None
9753,Adult
9754,None
9755,Disabled
9756,None
9757,Disabled
9758,Adult
9759,Adult
9760,None
9761,Adult
9762,None
9763,Disabled
9764,Disabled
9765,Disabled
9766,None
9767,None
9768,None
9769,None
9770,None
9771,None
9772,Disabled
9773,Disabled
9774,None
9775,Senior
9776,None
9777,None
9778,Adult
9779,None
9780,None
9781,None
9782,None
9783,None
9784,Adult
9785,None
9786,Disabled
9787,None
9788,Disabled
9789,None
9790,None
9791,None
9792,None
9793,None
9794,None
9795,Adult
9796,None
9797,None
9798,None
9799,None
9800,Senior
9801,None
9802,None
9803,None
9804,None
9805,None
9806,Disabled
9807,None
9808,None
9809,None
9810,None
9811,Disabled
9812,None
9813,None
9814,None
9815,None
9816,Disabled
9817,None
9818,None
9819,Disabled
9820,None
9821,None
9822,None
9823,None
9824,Adult
9825,None
9826,None
9827,Adult
9828,None
9829,Adult
9830,None
9831,None
9832,None
9833,None
9834,None
9835,None
9836,None
9837,None
9838,None
9839,None
9840,None
9841,None
9842,None
9843,None
9844,None
9845,None
9846,None
9847,None
9848,None
9849,None
9850,None
9851,None
9852,Adult
9853,None
9854,None
9855,None
9856,Disabled
9857,Disabled
9858,Disabled
9859,None
9860,None
9861,None
9862,None
9863,None
9864,Adult
9865,None
9866,None
9867,None
9868,None
9869,None
9870,None
9871,None
9872,Senior
9873,Disabled
9874,Senior
9875,Senior
9876,Senior
9877,Disabled
9878,Senior
9879,Senior
9880,None
9881,None
9882,Disabled
9883,Disabled
9884,None
9885,None
9886,Disabled
9887,Disabled
9888,Disabled
9889,None
9890,None
9891,None
9892,None
9893,None
9894,None
9895,None
9896,None
9897,None
9898,None
9899,None
9900,None
9901,None
9902,Adult
9903,None
9904,None
9905,None
9906,None
9907,None
9908,None
9909,None
9910,Adult
9911,None
9912,None
9913,None
9914,None
9915,None
9916,None
9917,Disabled
9918,None
9919,Disabled
9920,None
9921,None
9922,None
9923,None
9924,None
9925,None
9926,None
9927,None
9928,None
9929,None
9930,None
9931,None
9932,None
9933,None
9934,None
9935,None
9936,None
9937,None
9938,None
9939,None
9940,None
9941,Disabled
9942,Disabled
9943,None
9944,None
9945,None
9946,None
9947,Adult
9948,None
9949,Disabled
9950,Disabled
9951,Disabled
9952,None
9953,Senior
9954,None
9955,None
9956,None
9957,None
9958,Adult
9959,Adult
9960,Adult
9961,Senior
9962,None
9963,None
9964,Disabled
9965,None
9966,None
9967,None
9968,Senior
9969,None
9970,None
9971,Adult
9972,None
9973,None
9974,None
9975,None
9976,None
9977,None
9978,Adult
9979,None
9980,None
9981,None
9982,Adult
9983,Adult
9984,None
9985,Disabled
9986,Adult
9987,None
9988,Disabled
9989,None
9990,None
9991,Senior
9992,None
9993,None
9994,Disabled
9995,Senior
9996,None
9997,None
9998,None
9999,None
10000,None
10001,None
10002,None
10003,None
10004,None
10005,None
10006,None
10007,Disabled
10008,Disabled
10009,Disabled
10010,Disabled
10011,Disabled
10012,None
10013,Disabled
10014,Adult
10015,None
10016,None
10017,Adult
10018,None
10019,Adult
10020,Senior
10021,Adult
10022,None
10023,Senior
10024,Senior
10025,Senior
10026,Adult
10027,Senior
10028,Senior
10029,Senior
10030,None
10031,None
10032,None
10033,None
10034,Adult
10035,None
10036,None
10037,None
10038,None
10039,None
10040,None
10041,None
10042,None
10043,Adult
10044,Adult
10045,None
10046,None
10047,Senior
10048,None
10049,None
10050,None
10051,None
10052,None
10053,None
10054,None
10055,Disabled
10056,Adult
10057,None
10058,None
10059,None
10060,None
10061,None
10062,Disabled
10063,None
10064,None
10065,Senior
10066,Senior
10067,None
10068,Disabled
10069,Disabled
10070,None
10071,Adult
10072,Adult
10073,Adult
10074,Adult
10075,None
10076,None
10077,Disabled
10078,None
10079,Adult
10080,None
10081,None
10082,Adult
10083,Adult
10084,Adult
10085,Adult
10086,None
10087,Senior
10088,Senior
10089,None
10090,None
10091,None
10092,None
10093,None
10094,None
10095,None
10096,None
10097,None
10098,None
10099,None
10100,Adult
10101,None
10102,Adult
10103,None
10104,Senior
10105,Senior
10106,Senior
10107,Senior
10108,Senior
10109,Senior
10110,None
10111,Adult
10112,Adult
10113,None
10114,Disabled
10115,None
10116,None
10117,Adult
10118,None
10119,None
10120,Adult
10121,Adult
10122,None
10123,Adult
10124,None
10125,None
10126,None
10127,Senior
10128,None
10129,None
10130,None
10131,None
10132,None
10133,None
10134,None
10135,None
10136,None
10137,None
10138,None
10139,None
10140,Disabled
10141,None
10142,None
10143,None
10144,None
10145,None
10146,None
10147,None
10148,Adult
10149,None
10150,None
10151,None
10152,None
10153,Adult
10154,None
10155,None
10156,None
10157,None
10158,None
10159,None
10160,None
10161,None
10162,None
10163,None
10164,None
10165,None
10166,None
10167,None
10168,Adult
10169,None
10170,None
10171,None
10172,None
10173,Adult
10174,Adult
10175,None
10176,None
10177,Adult
10178,None
10179,Adult
10180,Disabled
10181,None
10182,None
10183,None
10184,None
10185,None
10186,None
10187,Adult
10188,Adult
10189,None
10190,None
10191,None
10192,None
10193,None
10194,None
10195,None
10196,Disabled
10197,Disabled
10198,None
10199,None
10200,Adult
10201,Adult
10202,None
10203,None
10204,None
10205,None
10206,None
10207,Adult
10208,None
10209,None
10210,None
10211,None
10212,None
10213,None
10214,None
10215,None
10216,None
10217,None
10218,None
10219,Adult
10220,None
10221,None
10222,None
10223,None
10224,None
10225,None
10226,None
10227,Senior
10228,Senior
10229,None
10230,None
10231,None
10232,None
10233,None
10234,None
10235,None
10236,Disabled
10237,Adult
10238,Disabled
10239,None
10240,None
10241,None
10242,Disabled
10243,Disabled
10244,None
10245,Adult
10246,Adult
10247,None
10248,Senior
10249,None
10250,None
10251,None
10252,None
10253,None
10254,None
10255,None
10256,None
10257,None
10258,None
10259,None
10260,None
10261,None
10262,None
10263,None
10264,None
10265,None
10266,None
10267,None
10268,None
10269,None
10270,None
10271,None
10272,Adult
10273,None
10274,Adult
10275,None
10276,None
10277,None
10278,None
10279,None
10280,None
10281,None
10282,None
10283,None
10284,None
10285,Adult
10286,Disabled
10287,None
10288,Senior
10289,Senior
10290,Disabled
10291,Senior
10292,Senior
10293,Senior
10294,Senior
10295,Senior
10296,None
10297,None
10298,None
10299,Disabled
10300,None
10301,None
10302,Disabled
10303,Senior
10304,Adult
10305,Disabled
10306,Disabled
10307,None
10308,None
10309,Disabled
10310,Disabled
10311,None
10312,None
10313,None
10314,None
10315,None
10316,None
10317,None
10318,None
10319,None
10320,None
10321,None
10322,None
10323,None
10324,Adult
10325,None
10326,None
10327,None
10328,None
10329,None
10330,None
10331,None
10332,None
10333,None
10334,None
10335,None
10336,None
10337,None
10338,None
10339,None
10340,None
10341,None
10342,None
10343,Senior
10344,None
10345,None
10346,Disabled
10347,None
10348,Disabled
10349,None
10350,None
10351,None
10352,Disabled
10353,Disabled
10354,Adult
10355,None
10356,None
10357,None
10358,None
10359,None
10360,None
10361,None
10362,None
10363,Senior
10364,None
10365,None
10366,Adult
10367,Adult
10368,Senior
10369,None
10370,Adult
10371,None
10372,None
10373,None
10374,Adult
10375,Adult
10376,Disabled
10377,Disabled
10378,None
10379,None
10380,None
10381,None
10382,None
10383,None
10384,Adult
10385,None
10386,None
10387,Disabled
10388,None
10389,Adult
10390,Adult
10391,None
10392,None
10393,None
10394,None
10395,Senior
10396,None
10397,Adult
10398,None
10399,None
10400,Disabled
10401,None
10402,None
10403,None
10404,Adult
10405,None
10406,None
10407,None
10408,None
10409,None
10410,Adult
10411,None
10412,None
10413,None
10414,Disabled
10415,None
10416,None
10417,None
10418,Adult
10419,Disabled
10420,Disabled
10421,Adult
10422,None
10423,None
10424,None
10425,None
10426,Disabled
10427,Adult
10428,Adult
10429,None
10430,None
10431,Adult
10432,Adult
10433,None
10434,Senior
10435,Senior
10436,None
10437,None
10438,None
10439,None
10440,None
10441,None
10442,None
10443,None
10444,None
10445,None
10446,None
10447,Adult
10448,None
10449,None
10450,Adult
10451,None
10452,None
10453,None
10454,None
10455,None
10456,Disabled
10457,None
10458,Adult
10459,Adult
10460,None
10461,None
10462,None
10463,None
10464,None
10465,None
10466,Adult
10467,None
10468,None
10469,Disabled
10470,None
10471,None
10472,None
10473,Adult
10474,Adult
10475,Disabled
10476,Adult
10477,Adult
10478,Adult
10479,Adult
10480,Adult
10481,None
10482,Adult
10483,Adult
10484,None
10485,None
10486,Adult
10487,Adult
10488,Adult
10489,Adult
10490,Adult
10491,Adult
10492,None
10493,None
10494,Senior
10495,None
10496,None
10497,None
10498,None
10499,None
10500,Disabled
10501,None
10502,None
10503,Senior
10504,Senior
10505,None
10506,None
10507,Adult
10508,None
10509,None
10510,Senior
10511,None
10512,Adult
10513,Adult
10514,None
10515,None
10516,None
10517,None
10518,None
10519,None
10520,None
10521,None
10522,None
10523,Adult
10524,Adult
10525,None
10526,Adult
10527,None
10528,None
10529,None
10530,None
10531,None
10532,None
10533,None
10534,Senior
10535,None
10536,None
10537,None
10538,None
10539,Adult
10540,None
10541,None
10542,None
10543,None
10544,Senior
10545,None
10546,None
10547,None
10548,None
10549,Adult
10550,None
10551,None
10552,None
10553,Senior
10554,None
10555,None
10556,None
10557,Adult
10558,None
10559,None
10560,None
10561,Adult
10562,Adult
10563,None
10564,None
10565,None
10566,Adult
10567,None
10568,Adult
10569,None
10570,Adult
10571,None
10572,Disabled
10573,None
10574,Adult
10575,None
10576,Adult
10577,Disabled
10578,Disabled
10579,Disabled
10580,None
10581,None
10582,Disabled
10583,Disabled
10584,Disabled
10585,Adult
10586,Disabled
10587,None
10588,None
10589,Senior
10590,None
10591,Senior
10592,Adult
10593,Adult
10594,None
10595,None
10596,None
10597,None
10598,None
10599,None
10600,None
10601,None
10602,None
10603,None
10604,None
10605,None
10606,None
10607,None
10608,Adult
10609,Adult
10610,None
10611,None
10612,Disabled
10613,None
10614,Adult
10615,Disabled
10616,None
10617,None
10618,None
10619,Disabled
10620,None
10621,Disabled
10622,None
10623,None
10624,None
10625,Senior
10626,None
10627,None
10628,Senior
10629,Senior
10630,Senior
10631,Senior
10632,Senior
10633,Senior
10634,Senior
10635,Senior
10636,None
10637,None
10638,Disabled
10639,None
10640,Disabled
10641,None
10642,None
10643,Disabled
10644,None
10645,None
10646,None
10647,None
10648,None
10649,None
10650,Disabled
10651,None
10652,Disabled
10653,None
10654,None
10655,None
10656,None
10657,None
10658,None
10659,None
10660,None
10661,None
10662,None
10663,None
10664,None
10665,None
10666,None
10667,None
10668,None
10669,None
10670,None
10671,Adult
10672,None
10673,None
10674,None
10675,None
10676,None
10677,None
10678,None
10679,Senior
10680,Adult
10681,Senior
10682,Disabled
10683,Senior
10684,Senior
10685,None
10686,None
10687,Senior
10688,Senior
10689,None
10690,Adult
10691,None
10692,Senior
10693,Disabled
10694,None
10695,Disabled
10696,Disabled
10697,Disabled
10698,None
10699,Disabled
10700,None
10701,None
10702,None
10703,None
10704,None
10705,Adult
10706,None
10707,None
10708,None
10709,Adult
10710,Disabled
10711,None
10712,None
10713,None
10714,None
10715,None
10716,None
10717,None
10718,None
10719,None
10720,None
10721,Adult
10722,None
10723,Adult
10724,None
10725,None
10726,Disabled
10727,None
10728,None
10729,None
10730,None
10731,None
10732,None
10733,None
10734,None
10735,None
10736,None
10737,None
10738,None
10739,Adult
10740,None
10741,None
10742,None
10743,None
10744,None
10745,Disabled
10746,None
10747,None
10748,None
10749,None
10750,None
10751,None
10752,None
10753,Senior
10754,None
10755,None
10756,None
10757,None
10758,Adult
10759,Adult
10760,None
10761,Disabled
10762,Adult
10763,None
10764,None
10765,Senior
10766,None
10767,None
10768,None
10769,None
10770,None
10771,None
10772,Disabled
10773,Adult
10774,Adult
10775,Senior
10776,Adult
10777,None
10778,Adult
10779,None
10780,None
10781,None
10782,None
10783,Adult
10784,Adult
10785,None
10786,None
10787,Adult
10788,Senior
10789,Adult
10790,Senior
10791,Adult
10792,None
10793,None
10794,None
10795,None
10796,None
10797,None
10798,None
10799,None
10800,Adult
10801,None
10802,None
10803,Disabled
10804,None
10805,None
10806,Adult
10807,Adult
10808,None
10809,None
10810,None
10811,Adult
10812,None
10813,Adult
10814,None
10815,Disabled
10816,None
10817,None
10818,Disabled
10819,Adult
10820,Disabled
10821,Adult
10822,None
10823,None
10824,None
10825,None
10826,Adult
10827,Senior
10828,Senior
10829,None
10830,Adult
10831,None
10832,None
10833,None
10834,None
10835,None
10836,None
10837,None
10838,None
10839,Disabled
10840,None
10841,Disabled
10842,None
10843,None
10844,None
10845,None
10846,None
10847,None
10848,None
10849,Adult
10850,None
10851,None
10852,Disabled
10853,Senior
10854,Disabled
10855,Senior
10856,Adult
10857,None
10858,None
10859,None
10860,None
10861,None
10862,Senior
10863,Senior
10864,None
10865,Disabled
10866,Disabled
10867,None
10868,Senior
10869,Adult
10870,Adult
10871,Disabled
10872,Adult
10873,Disabled
10874,Disabled
10875,Adult
10876,Adult
10877,Adult
10878,Adult
10879,None
10880,None
10881,Adult
10882,Adult
10883,Adult
10884,None
10885,None
10886,None
10887,None
10888,None
10889,None
10890,Adult
10891,None
10892,Disabled
10893,None
10894,None
10895,Disabled
10896,None
10897,None
10898,None
10899,Senior
10900,Senior
10901,None
10902,None
10903,None
10904,Adult
10905,Senior
10906,Disabled
10907,None
10908,Senior
10909,None
10910,None
10911,None
10912,None
10913,Disabled
10914,Adult
10915,Adult
10916,Adult
10917,Adult
10918,Adult
10919,Adult
10920,Adult
10921,Adult
10922,None
10923,None
10924,None
10925,None
10926,None
10927,None
10928,None
10929,None
10930,None
10931,None
10932,None
10933,None
10934,None
10935,None
10936,None
10937,None
10938,None
10939,None
10940,None
10941,None
10942,Disabled
10943,None
10944,None
10945,None
10946,None
10947,None
10948,None
10949,Adult
10950,Adult
10951,Adult
10952,Disabled
10953,None
10954,None
10955,None
10956,None
10957,None
10958,None
10959,None
10960,None
10961,Adult
10962,None
10963,None
10964,Adult
10965,None
10966,Adult
10967,None
10968,None
10969,None
10970,Disabled
10971,Adult
10972,None
10973,Adult
10974,None
10975,None
10976,None
10977,None
10978,None
10979,Adult
10980,None
10981,None
10982,Adult
10983,None
10984,Adult
10985,Adult
10986,Adult
10987,None
10988,Disabled
10989,None
10990,Disabled
10991,Disabled
10992,None
10993,None
10994,None
10995,None
10996,Adult
10997,None
10998,Senior
10999,Adult
11000,Adult
11001,Adult
11002,None
11003,None
11004,None
11005,None
11006,Adult
11007,None
11008,None
11009,None
11010,None
11011,Adult
11012,None
11013,None
11014,None
11015,Adult
11016,None
11017,None
11018,None
11019,None
11020,Disabled
11021,None
11022,None
11023,Senior
11024,Senior
11025,Senior
11026,None
11027,None
11028,Disabled
11029,None
11030,None
11031,None
11032,None
11033,None
11034,None
11035,None
11036,None
11037,None
11038,None
11039,Disabled
11040,Adult
11041,Adult
11042,Senior
11043,Adult
11044,Adult
11045,Disabled
11046,None
11047,None
11048,Senior
11049,None
11050,None
11051,None
11052,None
11053,None
11054,None
11055,None
11056,None
11057,Disabled
11058,Adult
11059,None
11060,Adult
11061,None
11062,None
11063,Adult
11064,Disabled
11065,Adult
11066,None
11067,None
11068,None
11069,Adult
11070,None
11071,None
11072,None
11073,None
11074,None
11075,Senior
11076,Senior
11077,Senior
11078,Disabled
11079,Senior
11080,Senior
11081,Senior
11082,Senior
11083,Senior
11084,Senior
11085,Senior
11086,None
11087,Senior
11088,None
11089,Senior
11090,None
11091,None
11092,Senior
11093,None
11094,None
11095,None
11096,None
11097,None
11098,Disabled
11099,Senior
11100,Disabled
11101,None
11102,None
11103,None
11104,Disabled
11105,None
11106,None
11107,None
11108,None
11109,None
11110,None
11111,None
11112,None
11113,None
11114,None
11115,None
11116,None
11117,None
11118,None
11119,None
11120,None
11121,None
11122,None
11123,None
11124,None
11125,None
11126,None
11127,None
11128,None
11129,Adult
11130,None
11131,None
11132,None
11133,None
11134,None
11135,None
11136,None
11137,None
11138,Adult
11139,None
11140,None
11141,None
11142,None
11143,None
11144,None
11145,None
11146,None
11147,None
11148,None
11149,None
11150,None
11151,None
11152,None
11153,None
11154,None
11155,None
11156,None
11157,None
11158,None
11159,None
11160,None
11161,None
11162,None
11163,None
11164,Adult
11165,None
11166,None
11167,None
11168,Adult
11169,None
11170,None
11171,Adult
11172,Disabled
11173,Senior
11174,Senior
11175,Adult
11176,None
11177,None
11178,Disabled
11179,None
11180,Adult
11181,None
11182,Adult
11183,Senior
11184,None
11185,None
11186,None
11187,None
11188,Adult
11189,None
11190,None
11191,Senior
11192,Adult
11193,None
11194,Senior
11195,None
11196,Adult
11197,None
11198,None
11199,Adult
11200,Senior
11201,None
11202,None
11203,None
11204,Adult
11205,None
11206,None
11207,None
11208,Adult
11209,None
11210,None
11211,Adult
11212,Adult
11213,Adult
11214,Disabled
11215,None
11216,None
11217,None
11218,None
11219,Adult
11220,Adult
11221,None
11222,None
11223,Disabled
11224,None
11225,Adult
11226,None
11227,None
11228,None
11229,Senior
11230,None
11231,Senior
11232,None
11233,Senior
11234,None
11235,None
11236,None
11237,None
11238,Adult
11239,None
11240,None
11241,Adult
11242,None
11243,None
11244,None
11245,None
11246,None
11247,None
11248,None
11249,None
11250,None
11251,None
11252,Disabled
11253,Adult
11254,None
11255,None
11256,None
11257,Disabled
11258,Senior
11259,Disabled
11260,None
11261,Adult
11262,Disabled
11263,None
11264,Adult
11265,Disabled
11266,Disabled
11267,None
11268,None
11269,None
11270,None
11271,Disabled
11272,None
11273,None
11274,None
11275,Senior
11276,Disabled
11277,Disabled
11278,Senior
11279,None
11280,Adult
11281,Adult
11282,Adult
11283,Adult
11284,Adult
11285,Adult
11286,Adult
11287,None
11288,Adult
11289,Adult
11290,Adult
11291,Senior
11292,Senior
11293,None
11294,None
11295,Senior
11296,None
11297,None
11298,None
11299,None
11300,None
11301,Adult
11302,None
11303,Senior
11304,Senior
11305,Adult
11306,None
11307,None
11308,None
11309,Senior
11310,Senior
11311,None
11312,Senior
11313,None
11314,None
11315,Disabled
11316,None
11317,None
11318,Senior
11319,None
11320,Senior
11321,None
11322,Senior
11323,Senior
11324,Senior
11325,None
11326,None
11327,Senior
11328,Adult
11329,None
11330,Adult
11331,Senior
11332,None
11333,Adult
11334,None
11335,None
11336,None
11337,None
11338,Adult
11339,Adult
11340,Adult
11341,Adult
11342,None
11343,None
11344,Senior
11345,None
11346,None
11347,None
11348,None
11349,None
11350,Senior
11351,Adult
11352,None
11353,None
11354,None
11355,None
11356,None
11357,None
11358,None
11359,None
11360,None
11361,None
11362,None
11363,None
11364,None
11365,Adult
11366,None
11367,None
11368,None
11369,Adult
11370,Adult
11371,None
11372,None
11373,None
11374,Adult
11375,Adult
11376,None
11377,None
11378,None
11379,None
11380,Disabled
11381,Adult
11382,None
11383,None
11384,None
11385,Adult
11386,None
11387,None
11388,None
11389,None
11390,None
11391,None
11392,None
11393,None
11394,None
11395,None
11396,None
11397,None
11398,Adult
11399,None
11400,Adult
11401,None
11402,Adult
11403,None
11404,None
11405,Disabled
11406,None
11407,Disabled
11408,None
11409,None
11410,None
11411,None
11412,None
11413,None
11414,Adult
11415,Adult
11416,Disabled
11417,None
11418,None
11419,None
11420,Adult
11421,None
11422,None
11423,None
11424,Adult
11425,None
11426,None
11427,None
11428,None
11429,None
11430,None
11431,None
11432,None
11433,Senior
11434,None
11435,Adult
11436,Adult
11437,None
11438,None
11439,None
11440,Disabled
11441,None
11442,None
11443,None
11444,None
11445,None
11446,Senior
11447,None
11448,None
11449,None
11450,None
11451,None
11452,None
11453,None
11454,None
11455,None
11456,None
11457,None
11458,None
11459,None
11460,Senior
11461,Disabled
11462,None
11463,None
11464,None
11465,None
11466,None
11467,None
11468,None
11469,None
11470,None
11471,None
11472,None
11473,None
11474,None
11475,None
11476,Adult
11477,None
11478,None
11479,None
11480,Disabled
11481,Senior
11482,None
11483,None
11484,Disabled
11485,Senior
11486,None
11487,Senior
11488,Senior
11489,None
11490,Senior
11491,Disabled
11492,None
11493,Disabled
11494,Disabled
11495,Disabled
11496,None
11497,None
11498,None
11499,Adult
11500,Adult
11501,Disabled
11502,Adult
11503,None
11504,None
11505,None
11506,None
11507,None
11508,None
11509,None
11510,None
11511,None
11512,None
11513,None
11514,None
11515,None
11516,Adult
11517,None
11518,None
11519,None
11520,None
11521,None
11522,None
11523,None
11524,None
11525,None
11526,None
11527,None
11528,None
11529,None
11530,None
11531,None
11532,Disabled
11533,None
11534,None
11535,None
11536,None
11537,None
11538,Disabled
11539,None
11540,None
11541,None
11542,Disabled
11543,None
11544,None
11545,Disabled
11546,None
11547,None
11548,None
11549,None
11550,None
11551,None
11552,None
11553,None
11554,Adult
11555,None
11556,None
11557,None
11558,Adult
11559,None
11560,None
11561,None
11562,Disabled
11563,None
11564,None
11565,Adult
11566,Adult
11567,None
11568,Adult
11569,None
11570,Senior
11571,Senior
11572,Senior
11573,None
11574,None
11575,None
11576,None
11577,Adult
11578,None
11579,None
11580,None
11581,None
11582,Adult
11583,None
11584,None
11585,Disabled
11586,Adult
11587,None
11588,None
11589,None
11590,None
11591,None
11592,None
11593,None
11594,None
11595,Adult
11596,Adult
11597,Disabled
11598,Disabled
11599,Disabled
11600,Disabled
11601,Disabled
11602,None
11603,Disabled
11604,None
11605,Adult
11606,None
11607,Disabled
11608,None
11609,None
11610,Adult
11611,Adult
11612,Senior
11613,Senior
11614,Adult
11615,Adult
11616,None
11617,None
11618,None
11619,None
11620,Adult
11621,None
11622,None
11623,None
11624,Adult
11625,None
11626,None
11627,None
11628,None
11629,Adult
11630,None
11631,None
11632,Adult
11633,None
11634,Senior
11635,Adult
11636,Senior
11637,None
11638,None
11639,Adult
11640,Adult
11641,None
11642,None
11643,Adult
11644,Adult
11645,None
11646,None
11647,None
11648,None
11649,None
11650,Adult
11651,Adult
11652,Adult
11653,None
11654,None
11655,Adult
11656,None
11657,Adult
11658,Disabled
11659,Senior
11660,Senior
11661,Adult
11662,Adult
11663,Adult
11664,Adult
11665,Senior
11666,Adult
11667,None
11668,Adult
11669,None
11670,None
11671,Adult
11672,Adult
11673,Adult
11674,None
11675,None
11676,None
11677,Adult
11678,None
11679,Adult
11680,Disabled
11681,None
11682,None
11683,None
11684,Disabled
11685,Disabled
11686,None
11687,Adult
11688,None
11689,Adult
11690,None
11691,Senior
11692,Senior
11693,None
11694,Senior
11695,None
11696,None
11697,None
11698,None
11699,Adult
11700,None
11701,None
11702,Adult
11703,Adult
11704,None
11705,None
11706,None
11707,None
11708,None
11709,None
11710,None
11711,Disabled
11712,None
11713,None
11714,Senior
11715,None
11716,None
11717,None
11718,None
11719,None
11720,None
11721,None
11722,Adult
11723,None
11724,None
11725,None
11726,None
11727,None
11728,Adult
11729,None
11730,None
11731,None
11732,None
11733,None
11734,None
11735,None
11736,None
11737,None
11738,None
11739,Disabled
11740,None
11741,None
11742,None
11743,None
11744,None
11745,None
11746,None
11747,Senior
11748,None
11749,None
11750,None
11751,None
11752,Adult
11753,None
11754,None
11755,None
11756,None
11757,None
11758,None
11759,None
11760,None
11761,None
11762,None
11763,None
11764,Adult
11765,Adult
11766,Senior
11767,Adult
11768,Adult
11769,Adult
11770,None
11771,Disabled
11772,None
11773,None
11774,None
11775,Disabled
11776,Adult
11777,Disabled
11778,None
11779,Adult
11780,None
11781,None
11782,None
11783,None
11784,Disabled
11785,None
11786,Disabled
11787,None
11788,Disabled
11789,Adult
11790,Adult
11791,Adult
11792,None
11793,Adult
11794,None
11795,None
11796,None
11797,None
11798,None
11799,Adult
11800,None
11801,None
11802,None
11803,None
11804,None
11805,None
11806,None
11807,None
11808,None
11809,None
11810,None
11811,None
11812,None
11813,None
11814,None
11815,None
11816,None
11817,Disabled
11818,Senior
11819,Senior
11820,None
11821,Disabled
11822,Disabled
11823,Adult
11824,None
11825,None
11826,None
11827,Adult
11828,None
11829,Disabled
11830,Adult
11831,None
11832,None
11833,None
11834,None
11835,None
11836,Senior
11837,None
11838,None
11839,Adult
11840,Adult
11841,Adult
11842,None
11843,None
11844,None
11845,None
11846,None
11847,None
11848,None
11849,None
11850,None
11851,Disabled
11852,None
11853,None
11854,None
11855,None
11856,Adult
11857,None
11858,None
11859,None
11860,None
11861,None
11862,None
11863,Adult
11864,None
11865,Adult
11866,None
11867,None
11868,None
11869,None
11870,Disabled
11871,Senior
11872,None
11873,Senior
11874,None
11875,Adult
11876,Senior
11877,Senior
11878,Senior
11879,None
11880,None
11881,None
11882,Adult
11883,Disabled
11884,Disabled
11885,None
11886,None
11887,Disabled
11888,Disabled
11889,None
11890,None
11891,Disabled
11892,Disabled
11893,Senior
11894,Disabled
11895,None
11896,None
11897,None
11898,None
11899,None
11900,None
11901,None
11902,None
11903,None
11904,None
11905,None
11906,None
11907,None
11908,None
11909,None
11910,None
11911,None
11912,None
11913,Adult
11914,None
11915,None
11916,None
11917,None
11918,None
11919,None
11920,None
11921,None
11922,None
11923,None
11924,None
11925,None
11926,None
11927,None
11928,None
11929,None
11930,None
11931,Adult
11932,None
11933,None
11934,None
11935,None
11936,None
11937,Adult
11938,None
11939,None
11940,None
11941,None
11942,Adult
11943,None
11944,None
11945,None
11946,None
11947,None
11948,Adult
11949,Disabled
11950,None
11951,Adult
11952,None
11953,None
11954,None
11955,Adult
11956,None
11957,Adult
11958,None
11959,Senior
11960,None
11961,Senior
11962,None
11963,None
11964,Adult
11965,None
11966,Disabled
11967,Disabled
11968,None
11969,Adult
11970,None
11971,None
11972,Adult
11973,None
11974,Adult
11975,Disabled
11976,None
11977,None
11978,None
11979,Adult
11980,Adult
11981,None
11982,None
11983,Disabled
11984,Adult
11985,Adult
11986,Disabled
11987,None
11988,None
11989,None
11990,None
11991,None
11992,None
11993,Disabled
11994,None
11995,None
11996,Disabled
11997,Disabled
11998,Disabled
11999,Disabled
12000,None
12001,Disabled
12002,None
12003,None
12004,None
12005,None
12006,None
12007,None
12008,Senior
12009,Adult
12010,None
12011,None
12012,None
12013,Adult
12014,Adult
12015,None
12016,Senior
12017,Senior
12018,None
12019,None
12020,Senior
12021,None
12022,Adult
12023,None
12024,None
12025,None
12026,None
12027,None
12028,Disabled
12029,Disabled
12030,Senior
12031,None
12032,None
12033,Adult
12034,Senior
12035,Adult
12036,None
12037,None
12038,None
12039,None
12040,None
12041,Disabled
12042,None
12043,None
12044,None
12045,None
12046,None
12047,Disabled
12048,None
12049,None
12050,None
12051,None
12052,Disabled
12053,Disabled
12054,None
12055,Disabled
12056,Senior
12057,None
12058,Adult
12059,Disabled
12060,Adult
12061,None
12062,None
12063,None
12064,Adult
12065,None
12066,None
12067,None
12068,Adult
12069,None
12070,None
12071,Adult
12072,Adult
12073,Senior
12074,Senior
12075,None
12076,None
12077,None
12078,None
12079,Senior
12080,Adult
12081,Senior
12082,None
12083,None
12084,None
12085,Disabled
12086,None
12087,Senior
12088,Senior
12089,Senior
12090,Adult
12091,None
12092,Adult
12093,Adult
12094,Senior
12095,Senior
12096,Senior
12097,None
12098,Disabled
12099,None
12100,None
12101,Adult
12102,None
12103,None
12104,Adult
12105,None
12106,None
12107,None
12108,None
12109,None
12110,None
12111,Adult
12112,None
12113,None
12114,None
12115,None
12116,None
12117,None
12118,None
12119,None
12120,None
12121,None
12122,None
12123,None
12124,None
12125,None
12126,None
12127,Disabled
12128,None
12129,None
12130,None
12131,None
12132,None
12133,None
12134,None
12135,None
12136,None
12137,Disabled
12138,None
12139,None
12140,Adult
12141,Adult
12142,None
12143,None
12144,None
12145,None
12146,Adult
12147,None
12148,None
12149,None
12150,Adult
12151,None
12152,None
12153,None
12154,Adult
12155,Adult
12156,None
12157,None
12158,None
12159,None
12160,Adult
12161,None
12162,None
12163,None
12164,None
12165,None
12166,None
12167,None
12168,Adult
12169,None
12170,None
12171,Disabled
12172,None
12173,Disabled
12174,None
12175,None
12176,None
12177,None
12178,None
12179,None
12180,None
12181,None
12182,Disabled
12183,None
12184,None
12185,None
12186,Disabled
12187,None
12188,None
12189,Adult
12190,None
12191,Adult
12192,None
12193,Adult
12194,Adult
12195,None
12196,None
12197,None
12198,Adult
12199,Disabled
12200,None
12201,None
12202,None
12203,None
12204,None
12205,None
12206,Adult
12207,Adult
12208,None
12209,Senior
12210,Disabled
12211,None
12212,Adult
12213,None
12214,Disabled
12215,Disabled
12216,None
12217,None
12218,None
12219,None
12220,None
12221,Adult
12222,Adult
12223,Disabled
12224,Disabled
12225,Adult
12226,None
12227,None
12228,None
12229,None
12230,None
12231,None
12232,None
12233,None
12234,None
12235,None
12236,None
12237,Disabled
12238,Adult
12239,Adult
12240,None
12241,None
12242,None
12243,None
12244,None
12245,None
12246,None
12247,Adult
12248,None
12249,Senior
12250,None
12251,None
12252,Senior
12253,None
12254,None
12255,Senior
12256,Senior
12257,None
12258,Disabled
12259,Disabled
12260,None
12261,Disabled
12262,None
12263,Adult
12264,Disabled
12265,None
12266,None
12267,Disabled
12268,None
12269,None
12270,Disabled
12271,None
12272,None
12273,None
12274,None
12275,None
12276,None
12277,None
12278,None
12279,None
12280,None
12281,None
12282,None
12283,None
12284,None
12285,None
12286,None
12287,None
12288,None
12289,None
12290,None
12291,Adult
12292,Senior
12293,Senior
12294,None
12295,None
12296,None
12297,None
12298,Adult
12299,None
12300,None
12301,None
12302,Adult
12303,None
12304,None
12305,None
12306,Disabled
12307,None
12308,None
12309,None
12310,None
12311,None
12312,None
12313,None
12314,None
12315,None
12316,None
12317,Disabled
12318,Disabled
12319,Disabled
12320,None
12321,None
12322,Disabled
12323,None
12324,Senior
12325,None
12326,None
12327,None
12328,None
12329,None
12330,None
12331,None
12332,None
12333,Senior
12334,None
12335,Senior
12336,None
12337,None
12338,None
12339,Adult
12340,None
12341,None
12342,None
12343,None
12344,Adult
12345,None
12346,Disabled
12347,None
12348,None
12349,None
12350,Adult
12351,None
12352,Adult
12353,None
12354,None
12355,None
12356,Adult
12357,None
12358,None
12359,Adult
12360,None
12361,None
12362,None
12363,None
12364,None
12365,None
12366,None
12367,Senior
12368,None
12369,Senior
12370,None
12371,None
12372,Adult
12373,None
12374,Disabled
12375,Adult
12376,None
12377,None
12378,Disabled
12379,Senior
12380,Adult
12381,Adult
12382,Adult
12383,Adult
12384,None
12385,None
12386,None
12387,None
12388,None
12389,None
12390,None
12391,None
12392,None
12393,None
12394,None
12395,None
12396,None
12397,None
12398,None
12399,None
12400,Adult
12401,None
12402,None
12403,None
12404,None
12405,None
12406,Adult
12407,None
12408,Disabled
12409,None
12410,Adult
12411,Adult
12412,None
12413,None
12414,None
12415,None
12416,None
12417,None
12418,None
12419,None
12420,None
12421,None
12422,Senior
12423,None
12424,None
12425,Adult
12426,Adult
12427,None
12428,Adult
12429,Disabled
12430,Adult
12431,Adult
12432,None
12433,Adult
12434,None
12435,Adult
12436,Adult
12437,Adult
12438,Adult
12439,Adult
12440,Senior
12441,Adult
12442,None
12443,None
12444,Disabled
12445,None
12446,Adult
12447,None
12448,None
12449,None
12450,Adult
12451,None
12452,None
12453,Adult
12454,None
12455,Senior
12456,Adult
12457,None
12458,Adult
12459,Senior
12460,Senior
12461,None
12462,Senior
12463,Senior
12464,None
12465,None
12466,None
12467,Adult
12468,None
12469,None
12470,None
12471,None
12472,None
12473,None
12474,None
12475,None
12476,Senior
12477,None
12478,None
12479,None
12480,None
12481,None
12482,Adult
12483,None
12484,None
12485,None
12486,None
12487,None
12488,None
12489,None
12490,None
12491,None
12492,None
12493,None
12494,None
12495,None
12496,None
12497,None
12498,Senior
12499,Disabled
12500,Disabled
12501,None
12502,None
12503,None
12504,None
12505,None
12506,None
12507,None
12508,None
12509,None
12510,None
12511,None
12512,Adult
12513,None
12514,None
12515,None
12516,Disabled
12517,None
12518,None
12519,Disabled
12520,Disabled
12521,None
12522,None
12523,None
12524,None
12525,None
12526,None
12527,None
12528,None
12529,None
12530,None
12531,None
12532,Adult
12533,None
12534,None
12535,Adult
12536,None
12537,None
12538,None
12539,None
12540,None
12541,None
12542,None
12543,Disabled
12544,None
12545,None
12546,Adult
12547,None
12548,None
12549,None
12550,None
12551,Senior
12552,None
12553,Disabled
12554,None
12555,Senior
12556,None
12557,Disabled
12558,Disabled
12559,None
12560,None
12561,None
12562,None
12563,None
12564,None
12565,None
12566,None
12567,None
12568,None
12569,None
12570,None
12571,None
12572,None
12573,None
12574,None
12575,None
12576,None
12577,None
12578,None
12579,None
12580,None
12581,None
12582,None
12583,None
12584,None
12585,None
12586,Adult
12587,None
12588,None
12589,None
12590,Adult
12591,None
12592,Adult
12593,Adult
12594,None
12595,None
12596,Senior
12597,None
12598,None
12599,Senior
12600,None
12601,None
12602,Senior
12603,None
12604,Adult
12605,Adult
12606,Adult
12607,None
12608,Disabled
12609,None
12610,Disabled
12611,Disabled
12612,Adult
12613,Disabled
12614,Disabled
12615,None
12616,Disabled
12617,None
12618,None
12619,None
12620,None
12621,None
12622,None
12623,None
12624,None
12625,None
12626,None
12627,None
12628,None
12629,None
12630,None
12631,Adult
12632,None
12633,None
12634,None
12635,None
12636,None
12637,Adult
12638,None
12639,Senior
12640,Disabled
12641,None
12642,None
12643,None
12644,None
12645,None
12646,None
12647,None
12648,Disabled
12649,None
12650,None
12651,None
12652,None
12653,None
12654,None
12655,None
12656,Disabled
12657,None
12658,Adult
12659,None
12660,Adult
12661,Adult
12662,Disabled
12663,Adult
12664,None
12665,None
12666,Senior
12667,None
12668,None
12669,None
12670,None
12671,None
12672,None
12673,None
12674,None
12675,None
12676,None
12677,None
12678,Senior
12679,Adult
12680,None
12681,None
12682,Senior
12683,None
12684,None
12685,None
12686,Senior
12687,None
12688,None
12689,Adult
12690,None
12691,None
12692,Adult
12693,Senior
12694,Adult
12695,Disabled
12696,Adult
12697,None
12698,None
12699,Adult
12700,Adult
12701,Disabled
12702,None
12703,Disabled
12704,None
12705,Disabled
12706,None
12707,None
12708,None
12709,None
12710,Adult
12711,Disabled
12712,Disabled
12713,None
12714,None
12715,None
12716,Disabled
12717,None
12718,None
12719,Disabled
12720,None
12721,Adult
12722,Disabled
12723,None
12724,None
12725,Senior
12726,None
12727,Adult
12728,Senior
12729,Senior
12730,None
12731,None
12732,None
12733,None
12734,None
12735,None
12736,Adult
12737,None
12738,Senior
12739,None
12740,None
12741,None
12742,None
12743,Disabled
12744,Adult
12745,None
12746,None
12747,Adult
12748,Adult
12749,None
12750,Senior
12751,None
12752,Senior
12753,None
12754,None
12755,None
12756,Adult
12757,None
12758,Adult
12759,Adult
12760,None
12761,None
12762,Disabled
12763,None
12764,Disabled
12765,None
12766,None
12767,None
12768,Adult
12769,None
12770,None
12771,Disabled
12772,Adult
12773,Adult
12774,None
12775,Adult
12776,None
12777,None
12778,Adult
12779,None
12780,None
12781,Adult
12782,Adult
12783,Adult
12784,Senior
12785,Senior
12786,Adult
12787,None
12788,Adult
12789,None
12790,None
12791,None
12792,None
12793,Disabled
12794,Senior
12795,None
12796,Adult
12797,Senior
12798,Senior
12799,Senior
12800,Senior
12801,None
12802,None
12803,Adult
12804,None
12805,Adult
12806,None
12807,None
12808,None
12809,None
12810,Adult
12811,Adult
12812,Adult
12813,None
12814,None
12815,None
12816,None
12817,None
12818,None
12819,None
12820,None
12821,None
12822,None
12823,None
12824,None
12825,None
12826,None
12827,None
12828,None
12829,None
12830,None
12831,None
12832,None
12833,None
12834,None
12835,None
12836,None
12837,Disabled
12838,None
12839,None
12840,None
12841,None
12842,None
12843,None
12844,None
12845,Adult
12846,Disabled
12847,None
12848,None
12849,Adult
12850,Adult
12851,None
12852,Disabled
12853,None
12854,Disabled
12855,None
12856,None
12857,None
12858,None
12859,None
12860,None
12861,None
12862,None
12863,None
12864,None
12865,None
12866,Disabled
12867,None
12868,Disabled
12869,None
12870,None
12871,None
12872,None
12873,None
12874,None
12875,None
12876,None
12877,None
12878,Adult
12879,None
12880,None
12881,None
12882,None
12883,None
12884,None
12885,Adult
12886,None
12887,None
12888,None
12889,None
12890,None
12891,Adult
12892,None
12893,None
12894,None
12895,None
12896,None
12897,None
12898,None
12899,None
12900,None
12901,None
12902,None
12903,None
12904,None
12905,Senior
12906,None
12907,None
12908,None
12909,None
12910,None
12911,None
12912,None
12913,Senior
12914,None
12915,None
12916,None
12917,None
12918,None
12919,Disabled
12920,None
12921,None
12922,None
12923,None
12924,Disabled
12925,Adult
12926,None
12927,None
12928,None
12929,None
12930,Disabled
12931,Senior
12932,Senior
12933,Senior
12934,Senior
12935,Senior
12936,None
12937,None
12938,None
12939,None
12940,Disabled
12941,Disabled
12942,Adult
12943,Disabled
12944,None
12945,None
12946,None
12947,None
12948,None
12949,None
12950,None
12951,None
12952,None
12953,None
12954,None
12955,None
12956,None
12957,None
12958,None
12959,None
12960,None
12961,None
12962,None
12963,None
12964,None
12965,None
12966,None
12967,None
12968,None
12969,None
12970,None
12971,None
12972,None
12973,None
12974,Disabled
12975,None
12976,None
12977,None
12978,None
12979,None
12980,None
12981,None
12982,None
12983,Disabled
12984,Disabled
12985,None
12986,None
12987,None
12988,None
12989,None
12990,Senior
12991,Senior
12992,Disabled
12993,None
12994,None
12995,None
12996,None
12997,None
12998,Adult
12999,None
13000,None
13001,Adult
13002,Disabled
13003,None
13004,Adult
13005,Adult
13006,None
13007,Adult
13008,Adult
13009,None
13010,Senior
13011,None
13012,None
13013,None
13014,None
13015,None
13016,None
13017,Adult
13018,None
13019,None
13020,Adult
13021,Senior
13022,None
13023,Adult
13024,None
13025,None
13026,None
13027,None
13028,None
13029,None
13030,None
13031,None
13032,None
13033,None
13034,None
13035,Senior
13036,None
13037,Adult
13038,None
13039,Disabled
13040,None
13041,None
13042,None
13043,Senior
13044,None
13045,None
13046,Adult
13047,Disabled
13048,Adult
13049,None
13050,None
13051,None
13052,None
13053,None
13054,None
13055,None
13056,None
13057,None
13058,None
13059,Disabled
13060,Senior
13061,Adult
13062,Disabled
13063,Adult
13064,Senior
13065,Adult
13066,Adult
13067,Adult
13068,None
13069,Adult
13070,Adult
13071,None
13072,Adult
13073,Senior
13074,None
13075,Senior
13076,Senior
13077,Senior
13078,Senior
13079,None
13080,None
13081,None
13082,None
13083,None
13084,Senior
13085,Adult
13086,None
13087,None
13088,Senior
13089,None
13090,Senior
13091,Senior
13092,Senior
13093,Senior
13094,None
13095,Adult
13096,Adult
13097,None
13098,None
13099,None
13100,Adult
13101,None
13102,None
13103,None
13104,None
13105,None
13106,None
13107,Senior
13108,Senior
13109,None
13110,None
13111,None
13112,None
13113,None
13114,None
13115,None
13116,None
13117,None
13118,None
13119,Senior
13120,None
13121,None
13122,None
13123,None
13124,None
13125,Adult
13126,None
13127,None
13128,None
13129,None
13130,None
13131,Adult
13132,None
13133,None
13134,None
13135,None
13136,None
13137,Adult
13138,Adult
13139,None
13140,None
13141,None
13142,None
13143,None
13144,None
13145,None
13146,None
13147,None
13148,None
13149,Disabled
13150,None
13151,Adult
13152,None
13153,None
13154,None
13155,None
13156,None
13157,None
13158,None
13159,None
13160,Disabled
13161,Disabled
13162,Disabled
13163,None
13164,None
13165,Disabled
13166,Disabled
13167,Adult
13168,Senior
13169,None
13170,None
13171,None
13172,None
13173,None
13174,None
13175,None
13176,None
13177,Disabled
13178,Disabled
13179,None
13180,None
13181,None
13182,None
13183,None
13184,None
13185,Disabled
13186,None
13187,None
13188,None
13189,None
13190,None
13191,None
13192,None
13193,Senior
13194,Disabled
13195,None
13196,None
13197,None
13198,None
13199,None
13200,None
13201,None
13202,None
13203,Adult
13204,None
13205,Adult
13206,None
13207,None
13208,None
13209,None
13210,None
13211,None
13212,None
13213,None
13214,Adult
13215,None
13216,Disabled
13217,None
13218,None
13219,None
13220,None
13221,None
13222,None
13223,None
13224,None
13225,Disabled
13226,None
13227,None
13228,None
13229,Adult
13230,Senior
13231,None
13232,None
13233,Senior
13234,None
13235,None
13236,None
13237,None
13238,Adult
13239,None
13240,Disabled
13241,Disabled
13242,Disabled
13243,None
13244,None
13245,Disabled
13246,Disabled
13247,Disabled
13248,Disabled
13249,None
13250,None
13251,None
13252,None
13253,None
13254,None
13255,None
13256,None
13257,None
13258,None
13259,None
13260,Adult
13261,None
13262,None
13263,None
13264,None
13265,None
13266,Disabled
13267,None
13268,None
13269,None
13270,None
13271,None
13272,None
13273,None
13274,Disabled
13275,None
13276,None
13277,None
13278,None
13279,None
13280,None
13281,None
13282,None
13283,None
13284,None
13285,None
13286,None
13287,Adult
13288,None
13289,None
13290,None
13291,None
13292,None
13293,None
13294,None
13295,Adult
13296,None
13297,Adult
13298,Senior
13299,None
13300,Senior
13301,Adult
13302,None
13303,Adult
13304,Disabled
13305,None
13306,Adult
13307,None
13308,None
13309,None
13310,Adult
13311,None
13312,None
13313,Adult
13314,None
13315,None
13316,Senior
13317,None
13318,None
13319,None
13320,None
13321,None
13322,None
13323,Disabled
13324,None
13325,None
13326,Disabled
13327,Disabled
13328,Disabled
13329,None
13330,Adult
13331,Adult
13332,None
13333,None
13334,None
13335,Adult
13336,Disabled
13337,Adult
13338,Adult
13339,Senior
13340,None
13341,None
13342,None
13343,Senior
13344,Adult
13345,None
13346,Adult
13347,None
13348,Senior
13349,Senior
13350,None
13351,None
13352,None
13353,None
13354,None
13355,Adult
13356,None
13357,None
13358,Senior
13359,None
13360,None
13361,Adult
13362,None
13363,Adult
13364,None
13365,None
13366,None
13367,Senior
13368,Senior
13369,None
13370,None
13371,None
13372,None
13373,Adult
13374,None
13375,Senior
13376,Adult
13377,None
13378,Adult
13379,Adult
13380,None
13381,None
13382,Disabled
13383,None
13384,None
13385,None
13386,None
13387,Adult
13388,None
13389,Adult
13390,Disabled
13391,Disabled
13392,Adult
13393,None
13394,None
13395,Adult
13396,Disabled
13397,Senior
13398,None
13399,None
13400,Adult
13401,Adult
13402,Adult
13403,Senior
13404,Adult
13405,Senior
13406,None
13407,None
13408,None
13409,None
13410,Adult
13411,Senior
13412,None
13413,None
13414,None
13415,None
13416,None
13417,Senior
13418,None
13419,Senior
13420,Senior
13421,Senior
13422,Senior
13423,None
13424,None
13425,None
13426,None
13427,None
13428,None
13429,None
13430,None
13431,None
13432,None
13433,None
13434,None
13435,None
13436,None
13437,None
13438,None
13439,None
13440,None
13441,None
13442,None
13443,None
13444,Adult
13445,None
13446,Adult
13447,None
13448,Adult
13449,None
13450,None
13451,Adult
13452,Adult
13453,Adult
13454,None
13455,None
13456,None
13457,None
13458,None
13459,None
13460,Adult
13461,None
13462,None
13463,Disabled
13464,None
13465,None
13466,Disabled
13467,Adult
13468,None
13469,Adult
13470,Adult
13471,None
13472,None
13473,Disabled
13474,None
13475,None
13476,None
13477,None
13478,Disabled
13479,None
13480,Disabled
13481,Adult
13482,None
13483,Disabled
13484,Senior
13485,Adult
13486,None
13487,Adult
13488,Adult
13489,None
13490,None
13491,None
13492,None
13493,None
13494,None
13495,None
13496,None
13497,None
13498,Disabled
13499,None
13500,None
13501,None
13502,None
13503,None
13504,None
13505,None
13506,Senior
13507,None
13508,Senior
13509,None
13510,None
13511,Senior
13512,None
13513,Disabled
13514,Senior
13515,Disabled
13516,Disabled
13517,None
13518,None
13519,None
13520,None
13521,None
13522,None
13523,None
13524,None
13525,Adult
13526,Senior
13527,Adult
13528,Disabled
13529,None
13530,None
13531,None
13532,None
13533,None
13534,None
13535,None
13536,None
13537,None
13538,Disabled
13539,None
13540,None
13541,None
13542,Adult
13543,None
13544,None
13545,None
13546,None
13547,None
13548,None
13549,None
13550,None
13551,Adult
13552,Adult
13553,None
13554,Senior
13555,Senior
13556,Senior
13557,Senior
13558,Senior
13559,Senior
13560,Senior
13561,None
13562,None
13563,None
13564,None
13565,Adult
13566,None
13567,None
13568,None
13569,Adult
13570,Disabled
13571,Disabled
13572,None
13573,Disabled
13574,Adult
13575,None
13576,None
13577,None
13578,None
13579,None
13580,None
13581,None
13582,None
13583,None
13584,None
13585,None
13586,None
13587,None
13588,None
13589,None
13590,None
13591,None
13592,Disabled
13593,None
13594,None
13595,None
13596,None
13597,None
13598,None
13599,None
13600,None
13601,None
13602,None
13603,None
13604,None
13605,None
13606,None
13607,Disabled
13608,None
13609,None
13610,None
13611,None
13612,None
13613,None
13614,Adult
13615,Disabled
13616,Adult
13617,Adult
13618,None
13619,None
13620,None
13621,None
13622,None
13623,Adult
13624,Adult
13625,Adult
13626,None
13627,None
13628,None
13629,None
13630,Adult
13631,Adult
13632,None
13633,None
13634,Adult
13635,None
13636,None
13637,None
13638,None
13639,None
13640,None
13641,None
13642,None
13643,None
13644,None
13645,None
13646,Adult
13647,Disabled
13648,Adult
13649,Adult
13650,Adult
13651,None
13652,Senior
13653,Adult
13654,Adult
13655,Adult
13656,Senior
13657,None
13658,None
13659,None
13660,None
13661,None
13662,None
13663,None
13664,None
13665,None
13666,None
13667,Senior
13668,Disabled
13669,Senior
13670,Disabled
13671,None
13672,None
13673,None
13674,None
13675,Senior
13676,None
13677,None
13678,None
13679,None
13680,None
13681,None
13682,Adult
13683,Senior
13684,Disabled
13685,None
13686,None
13687,None
13688,Disabled
13689,Disabled
13690,None
13691,None
13692,None
13693,Disabled
13694,None
13695,Adult
13696,Adult
13697,Adult
13698,Adult
13699,Adult
13700,Adult
13701,Adult
13702,None
13703,Disabled
13704,Adult
13705,Adult
13706,Adult
13707,Adult
13708,Adult
13709,None
13710,Adult
13711,None
13712,Adult
13713,Senior
13714,None
13715,None
13716,None
13717,None
13718,None
13719,None
13720,None
13721,Disabled
13722,Senior
13723,None
13724,None
13725,Disabled
13726,None
13727,None
13728,Adult
13729,Senior
13730,None
13731,None
13732,Senior
13733,Senior
13734,Senior
13735,Senior
13736,None
13737,Adult
13738,Adult
13739,None
13740,None
13741,None
13742,None
13743,None
13744,None
13745,None
13746,Adult
13747,Adult
13748,Adult
13749,None
13750,None
13751,None
13752,None
13753,None
13754,None
13755,Senior
13756,None
13757,None
13758,None
13759,None
13760,None
13761,None
13762,None
13763,None
13764,None
13765,None
13766,None
13767,None
13768,Disabled
13769,Adult
13770,None
13771,None
13772,None
13773,None
13774,None
13775,Adult
13776,Adult
13777,None
13778,Adult
13779,None
13780,Adult
13781,None
13782,None
13783,None
13784,Adult
13785,None
13786,None
13787,Adult
13788,None
13789,None
13790,None
13791,None
13792,None
13793,Adult
13794,None
13795,Adult
13796,None
13797,None
13798,None
13799,None
13800,None
13801,Disabled
13802,None
13803,None
13804,None
13805,Disabled
13806,None
13807,Adult
13808,None
13809,None
13810,None
13811,None
13812,None
13813,Senior
13814,Disabled
13815,None
13816,None
13817,None
13818,Adult
13819,None
13820,None
13821,None
13822,None
13823,None
13824,None
13825,None
13826,None
13827,None
13828,None
13829,None
13830,None
13831,None
13832,Adult
13833,None
13834,None
13835,None
13836,None
13837,Adult
13838,None
13839,None
13840,None
13841,None
13842,Adult
13843,None
13844,None
13845,None
13846,Senior
13847,Disabled
13848,None
13849,None
13850,Disabled
13851,Disabled
13852,Disabled
13853,None
13854,None
13855,Disabled
13856,None
13857,None
13858,None
13859,None
13860,None
13861,None
13862,None
13863,None
13864,None
13865,Senior
13866,None
13867,None
13868,None
13869,None
13870,None
13871,None
13872,None
13873,None
13874,None
13875,Adult
13876,None
13877,None
13878,None
13879,None
13880,None
13881,None
13882,None
13883,None
13884,Disabled
13885,None
13886,None
13887,None
13888,None
13889,None
13890,None
13891,Adult
13892,Senior
13893,Senior
13894,None
13895,None
13896,Adult
13897,None
13898,Adult
13899,None
13900,Adult
13901,None
13902,Adult
13903,None
13904,None
13905,None
13906,None
13907,None
13908,Disabled
13909,None
13910,Senior
13911,None
13912,Senior
13913,None
13914,None
13915,None
13916,None
13917,None
13918,None
13919,None
13920,None
13921,None
13922,Disabled
13923,None
13924,None
13925,None
13926,None
13927,Disabled
13928,Adult
13929,None
13930,None
13931,None
13932,Adult
13933,None
13934,Adult
13935,Adult
13936,Adult
13937,None
13938,Adult
13939,Senior
13940,Senior
13941,None
13942,None
13943,None
13944,None
13945,None
13946,None
13947,None
13948,Senior
13949,None
13950,Adult
13951,None
13952,Disabled
13953,Disabled
13954,None
13955,None
13956,None
13957,None
13958,None
13959,None
13960,Senior
13961,None
13962,None
13963,Disabled
13964,None
13965,Adult
13966,Disabled
13967,Disabled
13968,Disabled
13969,None
13970,None
13971,None
13972,None
13973,Adult
13974,Adult
13975,Adult
13976,Adult
13977,Senior
13978,Adult
13979,Adult
13980,Adult
13981,Disabled
13982,Disabled
13983,Adult
13984,None
13985,Adult
13986,Adult
13987,Adult
13988,Adult
13989,Senior
13990,Senior
13991,Senior
13992,None
13993,Adult
13994,None
13995,None
13996,None
13997,Senior
13998,None
13999,None
14000,None
14001,Senior
14002,Senior
14003,None
14004,Senior
14005,None
14006,None
14007,Adult
14008,Adult
14009,None
14010,Adult
14011,Senior
14012,None
14013,None
14014,None
14015,None
14016,None
14017,None
14018,Adult
14019,None
14020,None
14021,Senior
14022,None
14023,None
14024,None
14025,None
14026,None
14027,None
14028,None
14029,None
14030,Disabled
14031,None
14032,Adult
14033,None
14034,Adult
14035,None
14036,None
14037,None
14038,Adult
14039,None
14040,None
14041,Adult
14042,None
14043,Adult
14044,None
14045,None
14046,Adult
14047,Adult
14048,None
14049,None
14050,None
14051,None
14052,None
14053,Disabled
14054,None
14055,Disabled
14056,None
14057,None
14058,Adult
14059,None
14060,None
14061,None
14062,None
14063,None
14064,Disabled
14065,Disabled
14066,None
14067,None
14068,None
14069,Adult
14070,None
14071,None
14072,None
14073,None
14074,None
14075,None
14076,None
14077,None
14078,Senior
14079,None
14080,None
14081,Disabled
14082,None
14083,Disabled
14084,None
14085,None
14086,Disabled
14087,Adult
14088,None
14089,None
14090,None
14091,None
14092,None
14093,None
14094,Adult
14095,Disabled
14096,Adult
14097,None
14098,Disabled
14099,None
14100,None
14101,None
14102,None
14103,None
14104,None
14105,None
14106,None
14107,None
14108,None
14109,Senior
14110,None
14111,None
14112,Senior
14113,Senior
14114,None
14115,None
14116,Senior
14117,Senior
14118,None
14119,Disabled
14120,Disabled
14121,None
14122,None
14123,Disabled
14124,None
14125,Disabled
14126,None
14127,None
14128,None
14129,None
14130,None
14131,None
14132,None
14133,None
14134,None
14135,None
14136,None
14137,None
14138,None
14139,None
14140,None
14141,Disabled
14142,None
14143,None
14144,None
14145,None
14146,None
14147,None
14148,None
14149,None
14150,Disabled
14151,None
14152,None
14153,None
14154,None
14155,None
14156,None
14157,None
14158,None
14159,None
14160,None
14161,None
14162,None
14163,Disabled
14164,None
14165,None
14166,None
14167,None
14168,Senior
14169,None
14170,None
14171,Adult
14172,None
14173,Senior
14174,Senior
14175,Senior
14176,None
14177,Disabled
14178,None
14179,None
14180,None
14181,None
14182,Adult
14183,None
14184,None
14185,Adult
14186,None
14187,Adult
14188,None
14189,None
14190,None
14191,None
14192,Senior
14193,None
14194,Adult
14195,Adult
14196,Disabled
14197,None
14198,None
14199,Senior
14200,Adult
14201,Senior
14202,None
14203,None
14204,None
14205,Disabled
14206,Disabled
14207,None
14208,None
14209,None
14210,Disabled
14211,Adult
14212,None
14213,None
14214,None
14215,None
14216,Disabled
14217,None
14218,None
14219,None
14220,Adult
14221,None
14222,Adult
14223,None
14224,None
14225,None
14226,Disabled
14227,Disabled
14228,Adult
14229,None
14230,Disabled
14231,Adult
14232,Adult
14233,Adult
14234,Adult
14235,Adult
14236,None
14237,Adult
14238,Senior
14239,None
14240,None
14241,None
14242,None
14243,None
14244,None
14245,Senior
14246,Senior
14247,Senior
14248,None
14249,Adult
14250,Senior
14251,Disabled
14252,None
14253,None
14254,None
14255,Adult
14256,Adult
14257,None
14258,None
14259,None
14260,Senior
14261,None
14262,None
14263,Adult
14264,None
14265,None
14266,None
14267,None
14268,Senior
14269,Senior
14270,None
14271,None
14272,None
14273,None
14274,None
14275,None
14276,None
14277,None
14278,None
14279,Adult
14280,None
14281,None
14282,None
14283,None
14284,None
14285,Adult
14286,None
14287,Adult
14288,None
14289,None
14290,None
14291,None
14292,None
14293,None
14294,None
14295,None
14296,None
14297,None
14298,Adult
14299,None
14300,None
14301,None
14302,Disabled
14303,None
14304,None
14305,Adult
14306,None
14307,None
14308,None
14309,None
14310,None
14311,None
14312,None
14313,None
14314,None
14315,Adult
14316,None
14317,None
14318,None
14319,None
14320,Senior
14321,None
14322,Disabled
14323,None
14324,None
14325,None
14326,None
14327,Adult
14328,None
14329,None
14330,None
14331,None
14332,Disabled
14333,None
14334,None
14335,None
14336,Adult
14337,None
14338,None
14339,None
14340,None
14341,None
14342,Senior
14343,Disabled
14344,None
14345,Senior
14346,Senior
14347,None
14348,Disabled
14349,Senior
14350,None
14351,Disabled
14352,None
14353,None
14354,None
14355,None
14356,None
14357,None
14358,None
14359,None
14360,None
14361,None
14362,None
14363,None
14364,None
14365,None
14366,None
14367,None
14368,None
14369,None
14370,None
14371,Disabled
14372,None
14373,None
14374,None
14375,Adult
14376,None
14377,None
14378,None
14379,None
14380,Disabled
14381,None
14382,None
14383,Adult
14384,Disabled
14385,None
14386,None
14387,Adult
14388,Senior
14389,None
14390,None
14391,Adult
14392,None
14393,None
14394,None
14395,None
14396,None
14397,None
14398,Senior
14399,None
14400,None
14401,Adult
14402,Adult
14403,None
14404,None
14405,None
14406,None
14407,None
14408,None
14409,Adult
14410,None
14411,None
14412,None
14413,None
14414,None
14415,Disabled
14416,Adult
14417,Disabled
14418,Senior
14419,Senior
14420,Senior
14421,Adult
14422,Adult
14423,Senior
14424,Senior
14425,None
14426,None
14427,Senior
14428,Senior
14429,None
14430,None
14431,None
14432,None
14433,None
14434,Adult
14435,Adult
14436,None
14437,Senior
14438,None
14439,Senior
14440,None
14441,Disabled
14442,None
14443,None
14444,None
14445,Adult
14446,None
14447,None
14448,Adult
14449,None
14450,Disabled
14451,None
14452,Senior
14453,Adult
14454,Disabled
14455,Adult
14456,Adult
14457,Senior
14458,Adult
14459,Adult
14460,Adult
14461,Adult
14462,None
14463,None
14464,Adult
14465,Adult
14466,Senior
14467,Senior
14468,None
14469,None
14470,None
14471,None
14472,Senior
14473,None
14474,Senior
14475,None
14476,Senior
14477,Senior
14478,Senior
14479,Senior
14480,None
14481,Adult
14482,None
14483,None
14484,Disabled
14485,None
14486,None
14487,Adult
14488,None
14489,Adult
14490,None
14491,None
14492,None
14493,None
14494,None
14495,None
14496,None
14497,None
14498,None
14499,None
14500,None
14501,None
14502,None
14503,None
14504,None
14505,None
14506,Disabled
14507,None
14508,None
14509,None
14510,Disabled
14511,Disabled
14512,None
14513,None
14514,None
14515,None
14516,Adult
14517,None
14518,Disabled
14519,Disabled
14520,None
14521,None
14522,None
14523,Disabled
14524,None
14525,None
14526,Disabled
14527,None
14528,Senior
14529,Disabled
14530,None
14531,None
14532,None
14533,Disabled
14534,None
14535,None
14536,None
14537,Adult
14538,None
14539,None
14540,None
14541,None
14542,None
14543,None
14544,None
14545,Senior
14546,Disabled
14547,None
14548,None
14549,Adult
14550,Adult
14551,Adult
14552,None
14553,None
14554,None
14555,None
14556,None
14557,Senior
14558,Disabled
14559,None
14560,None
14561,None
14562,None
14563,None
14564,None
14565,Adult
14566,None
14567,None
14568,None
14569,None
14570,None
14571,None
14572,None
14573,Adult
14574,Disabled
14575,Adult
14576,Adult
14577,None
14578,Senior
14579,Senior
14580,None
14581,Senior
14582,Senior
14583,Senior
14584,None
14585,Disabled
14586,Disabled
14587,Adult
14588,Disabled
14589,Disabled
14590,None
14591,None
14592,None
14593,None
14594,None
14595,None
14596,None
14597,Adult
14598,Adult
14599,Adult
14600,None
14601,None
14602,Senior
14603,Adult
14604,None
14605,Adult
14606,None
14607,Disabled
14608,None
14609,None
14610,None
14611,Adult
14612,None
14613,Senior
14614,None
14615,None
14616,Senior
14617,Adult
14618,None
14619,None
14620,None
14621,Adult
14622,None
14623,None
14624,None
14625,Adult
14626,None
14627,None
14628,None
14629,None
14630,Adult
14631,None
14632,Senior
14633,Senior
14634,None
14635,None
14636,Disabled
14637,Disabled
14638,None
14639,None
14640,None
14641,None
14642,None
14643,None
14644,Senior
14645,None
14646,None
14647,None
14648,None
14649,None
14650,None
14651,None
14652,None
14653,Adult
14654,Adult
14655,None
14656,Adult
14657,None
14658,Senior
14659,None
14660,Disabled
14661,Disabled
14662,Disabled
14663,None
14664,None
14665,Disabled
14666,None
14667,None
14668,Adult
14669,None
14670,Disabled
14671,Disabled
14672,Disabled
14673,Adult
14674,Adult
14675,None
14676,None
14677,None
14678,Adult
14679,None
14680,None
14681,None
14682,None
14683,None
14684,None
14685,Adult
14686,None
14687,Senior
14688,Senior
14689,None
14690,None
14691,None
14692,None
14693,Adult
14694,None
14695,Adult
14696,None
14697,None
14698,None
14699,None
14700,None
14701,None
14702,None
14703,None
14704,None
14705,None
14706,None
14707,None
14708,None
14709,None
14710,None
14711,None
14712,None
14713,None
14714,Adult
14715,None
14716,None
14717,None
14718,None
14719,None
14720,None
14721,None
14722,None
14723,None
14724,None
14725,None
14726,None
14727,None
14728,None
14729,None
14730,None
14731,Disabled
14732,None
14733,Disabled
14734,None
14735,None
14736,Senior
14737,None
14738,None
14739,Adult
14740,None
14741,None
14742,None
14743,None
14744,Adult
14745,Adult
14746,None
14747,Disabled
14748,None
14749,None
14750,Adult
14751,None
14752,None
14753,None
14754,None
14755,Adult
14756,None
14757,None
14758,None
14759,None
14760,None
14761,Adult
14762,None
14763,None
14764,Disabled
14765,None
14766,None
14767,Disabled
14768,Adult
14769,Senior
14770,None
14771,Senior
14772,None
14773,Senior
14774,Senior
14775,Disabled
14776,Disabled
14777,Disabled
14778,None
14779,None
14780,None
14781,None
14782,None
14783,None
14784,None
14785,None
14786,None
14787,None
14788,None
14789,Adult
14790,None
14791,None
14792,None
14793,None
14794,None
14795,None
14796,None
14797,None
14798,Adult
14799,None
14800,None
14801,Senior
14802,None
14803,None
14804,Disabled
14805,None
14806,Adult
14807,None
14808,Disabled
14809,None
14810,Senior
14811,Adult
14812,None
14813,None
14814,None
14815,Adult
14816,None
14817,None
14818,None
14819,None
14820,None
14821,None
14822,Adult
14823,Disabled
14824,None
14825,Senior
14826,Disabled
14827,None
14828,Adult
14829,Adult
14830,Adult
14831,None
14832,Adult
14833,Senior
14834,Senior
14835,None
14836,Senior
14837,Senior
14838,Senior
14839,None
14840,None
14841,Adult
14842,Disabled
14843,None
14844,Adult
14845,None
14846,Adult
14847,Adult
14848,Adult
14849,Disabled
14850,None
14851,Adult
14852,Disabled
14853,None
14854,None
14855,Adult
14856,None
14857,Adult
14858,Adult
14859,Adult
14860,None
14861,Adult
14862,Adult
14863,Adult
14864,None
14865,Adult
14866,Senior
14867,Senior
14868,None
14869,None
14870,None
14871,None
14872,None
14873,None
14874,None
14875,None
14876,None
14877,None
14878,None
14879,Adult
14880,Adult
14881,Adult
14882,None
14883,Adult
14884,Adult
14885,Senior
14886,None
14887,None
14888,None
14889,None
14890,None
14891,None
14892,None
14893,None
14894,None
14895,None
14896,None
14897,Disabled
14898,None
14899,None
14900,None
14901,None
14902,Adult
14903,None
14904,Adult
14905,Adult
14906,Adult
14907,None
14908,Disabled
14909,Disabled
14910,None
14911,None
14912,None
14913,Disabled
14914,Senior
14915,None
14916,None
14917,Senior
14918,Senior
14919,Senior
14920,None
14921,Senior
14922,None
14923,Adult
14924,Disabled
14925,None
14926,None
14927,None
14928,None
14929,None
14930,None
14931,None
14932,None
14933,None
14934,None
14935,None
14936,None
14937,None
14938,None
14939,None
14940,None
14941,None
14942,None
14943,Disabled
14944,None
14945,Senior
14946,None
14947,Senior
14948,Senior
14949,Senior
14950,Disabled
14951,None
14952,Disabled
14953,Disabled
14954,Disabled
14955,Adult
14956,None
14957,None
14958,None
14959,None
14960,None
14961,None
14962,None
14963,None
14964,None
14965,Adult
14966,Adult
14967,None
14968,None
14969,None
14970,None
14971,None
14972,None
14973,None
14974,None
14975,None
14976,None
14977,Senior
14978,Adult
14979,None
14980,None
14981,None
14982,None
14983,Disabled
14984,None
14985,None
14986,Senior
14987,Adult
14988,None
14989,None
14990,None
14991,None
14992,Disabled
14993,None
14994,Senior
14995,None
14996,None
14997,Senior
14998,Senior
14999,None
15000,None
15001,None
15002,None
15003,None
15004,None
15005,None
15006,None
15007,Senior
15008,Adult
15009,None
15010,Adult
15011,Disabled
15012,Senior
15013,None
15014,None
15015,None
15016,Adult
15017,Disabled
15018,Senior
15019,Adult
15020,Adult
15021,Adult
15022,None
15023,Adult
15024,Senior
15025,None
15026,None
15027,None
15028,None
15029,Senior
15030,None
15031,None
15032,None
15033,Adult
15034,Senior
15035,Senior
15036,None
15037,Senior
15038,Senior
15039,None
15040,None
15041,None
15042,None
15043,Senior
15044,None
15045,None
15046,None
15047,None
15048,None
15049,None
15050,None
15051,Adult
15052,None
15053,None
15054,Adult
15055,None
15056,None
15057,None
15058,None
15059,Senior
15060,None
15061,None
15062,None
15063,None
15064,None
15065,None
15066,None
15067,None
15068,Senior
15069,Adult
15070,Adult
15071,None
15072,None
15073,None
15074,Disabled
15075,Disabled
15076,Adult
15077,Adult
15078,None
15079,None
15080,None
15081,None
15082,None
15083,Senior
15084,Senior
15085,Senior
15086,Disabled
15087,Disabled
15088,None
15089,Disabled
15090,None
15091,None
15092,None
15093,None
15094,None
15095,None
15096,None
15097,None
15098,None
15099,None
15100,None
15101,Adult
15102,None
15103,None
15104,None
15105,Disabled
15106,None
15107,Senior
15108,Senior
15109,None
15110,Disabled
15111,Adult
15112,Disabled
15113,Disabled
15114,None
15115,None
15116,None
15117,None
15118,None
15119,None
15120,None
15121,None
15122,None
15123,None
15124,None
15125,None
15126,None
15127,Adult
15128,None
15129,None
15130,None
15131,Adult
15132,Disabled
15133,None
15134,Adult
15135,None
15136,Disabled
15137,None
15138,Senior
15139,None
15140,None
15141,None
15142,None
15143,None
15144,Disabled
15145,None
15146,Senior
15147,None
15148,Senior
15149,None
15150,Adult
15151,None
15152,Adult
15153,None
15154,None
15155,None
15156,Senior
15157,None
15158,None
15159,None
15160,Adult
15161,None
15162,None
15163,None
15164,Senior
15165,Senior
15166,Adult
15167,Senior
15168,Adult
15169,None
15170,Adult
15171,None
15172,None
15173,Adult
15174,None
15175,None
15176,Senior
15177,Senior
15178,None
15179,Senior
15180,None
15181,None
15182,None
15183,None
15184,None
15185,None
15186,Senior
15187,None
15188,None
15189,Senior
15190,None
15191,None
15192,None
15193,None
15194,None
15195,None
15196,Adult
15197,Adult
15198,None
15199,None
15200,None
15201,Disabled
15202,None
15203,None
15204,None
15205,None
15206,None
15207,None
15208,None
15209,Adult
15210,None
15211,None
15212,None
15213,None
15214,Adult
15215,Adult
15216,Adult
15217,None
15218,None
15219,None
15220,None
15221,None
15222,None
15223,None
15224,Disabled
15225,None
15226,None
15227,Senior
15228,None
15229,None
15230,None
15231,Disabled
15232,None
15233,None
15234,None
15235,None
15236,None
15237,None
15238,None
15239,Adult
15240,None
15241,None
15242,None
15243,None
15244,None
15245,None
15246,None
15247,None
15248,Senior
15249,Senior
15250,None
15251,Senior
15252,Senior
15253,None
15254,Senior
15255,Senior
15256,None
15257,Disabled
15258,Adult
15259,None
15260,None
15261,None
15262,None
15263,None
15264,None
15265,None
15266,Senior
15267,None
15268,None
15269,None
15270,None
15271,Disabled
15272,None
15273,None
15274,None
15275,None
15276,None
15277,None
15278,None
15279,None
15280,None
15281,None
15282,Adult
15283,Senior
15284,Adult
15285,None
15286,None
15287,None
15288,None
15289,None
15290,None
15291,None
15292,None
15293,None
15294,Adult
15295,Senior
15296,Adult
15297,None
15298,None
15299,None
15300,None
15301,Adult
15302,Senior
15303,Adult
15304,Adult
15305,None
15306,Senior
15307,None
15308,Adult
15309,None
15310,None
15311,None
15312,Adult
15313,Adult
15314,Adult
15315,Disabled
15316,None
15317,Adult
15318,Disabled
15319,Adult
15320,Adult
15321,None
15322,None
15323,None
15324,None
15325,None
15326,Adult
15327,Senior
15328,Senior
15329,Senior
15330,Senior
15331,Adult
15332,None
15333,None
15334,None
15335,None
15336,None
15337,None
15338,None
15339,Adult
15340,None
15341,None
15342,Adult
15343,None
15344,None
15345,None
15346,None
15347,None
15348,None
15349,None
15350,None
15351,Adult
15352,None
15353,Adult
15354,Adult
15355,None
15356,None
15357,Adult
15358,None
15359,None
15360,None
15361,None
15362,None
15363,None
15364,Disabled
15365,Adult
15366,Disabled
15367,None
15368,None
15369,None
15370,Disabled
15371,None
15372,None
15373,None
15374,None
15375,Disabled
15376,Disabled
15377,None
15378,None
15379,Senior
15380,None
15381,Adult
15382,None
15383,None
15384,None
15385,None
15386,Senior
15387,Senior
15388,Disabled
15389,None
15390,None
15391,None
15392,None
15393,None
15394,None
15395,Adult
15396,None
15397,None
15398,None
15399,None
15400,None
15401,Senior
15402,None
15403,None
15404,None
15405,Adult
15406,None
15407,None
15408,None
15409,Adult
15410,None
15411,Disabled
15412,Disabled
15413,Adult
15414,None
15415,None
15416,None
15417,None
15418,Senior
15419,Disabled
15420,None
15421,None
15422,None
15423,None
15424,Disabled
15425,None
15426,None
15427,Adult
15428,Senior
15429,None
15430,Disabled
15431,None
15432,None
15433,None
15434,Adult
15435,None
15436,None
15437,Adult
15438,Disabled
15439,Disabled
15440,Adult
15441,Adult
15442,Adult
15443,Adult
15444,Senior
15445,None
15446,None
15447,Adult
15448,None
15449,None
15450,None
15451,None
15452,None
15453,Disabled
15454,None
15455,None
15456,None
15457,None
15458,None
15459,None
15460,None
15461,Disabled
15462,None
15463,None
15464,Adult
15465,None
15466,Adult
15467,Adult
15468,None
15469,None
15470,Adult
15471,None
15472,None
15473,None
15474,None
15475,None
15476,None
15477,None
15478,Senior
15479,None
15480,None
15481,None
15482,None
15483,None
15484,Adult
15485,None
15486,None
15487,None
15488,None
15489,Adult
15490,None
15491,None
15492,None
15493,None
15494,None
15495,None
15496,Senior
15497,None
15498,None
15499,Disabled
15500,None
15501,None
15502,None
15503,None
15504,Adult
15505,None
15506,None
15507,None
15508,None
15509,None
15510,None
15511,None
15512,None
15513,None
15514,None
15515,Senior
15516,None
15517,None
15518,Adult
15519,None
15520,None
15521,None
15522,None
15523,Disabled
15524,None
15525,Disabled
15526,Disabled
15527,Disabled
15528,Senior
15529,None
15530,Adult
15531,None
15532,None
15533,None
15534,None
15535,Adult
15536,None
15537,Adult
15538,None
15539,None
15540,Adult
15541,Senior
15542,Adult
15543,None
15544,None
15545,Disabled
15546,None
15547,Adult
15548,None
15549,None
15550,None
15551,None
15552,None
15553,None
15554,None
15555,None
15556,Adult
15557,None
15558,Adult
15559,None
15560,None
15561,Adult
15562,Adult
15563,None
15564,None
15565,Disabled
15566,Disabled
15567,Adult
15568,None
15569,None
15570,None
15571,None
15572,None
15573,None
15574,None
15575,None
15576,None
15577,Disabled
15578,Disabled
15579,None
15580,None
15581,None
15582,None
15583,None
15584,None
15585,None
15586,Disabled
15587,None
15588,Disabled
15589,None
15590,Disabled
15591,None
15592,None
15593,None
15594,None
15595,None
15596,None
15597,None
15598,None
15599,None
15600,Adult
15601,None
15602,Adult
15603,None
15604,None
15605,Adult
15606,None
15607,Disabled
15608,None
15609,None
15610,None
15611,Disabled
15612,Adult
15613,Disabled
15614,None
15615,None
15616,None
15617,None
15618,None
15619,Adult
15620,Adult
15621,None
15622,None
15623,Senior
15624,None
15625,Disabled
15626,None
15627,None
15628,Adult
15629,Adult
15630,Adult
15631,None
15632,Senior
15633,None
15634,Senior
15635,None
15636,None
15637,None
15638,Disabled
15639,None
15640,Senior
15641,None
15642,Adult
15643,None
15644,None
15645,Senior
15646,None
15647,None
15648,Senior
15649,None
15650,None
15651,None
15652,None
15653,None
15654,None
15655,None
15656,None
15657,Disabled
15658,None
15659,None
15660,Adult
15661,Senior
15662,None
15663,None
15664,Disabled
15665,None
15666,None
15667,None
15668,None
15669,None
15670,None
15671,None
15672,None
15673,None
15674,None
15675,Disabled
15676,Disabled
15677,None
15678,None
15679,None
15680,Senior
15681,Senior
15682,Senior
15683,Adult
15684,None
15685,None
15686,None
15687,None
15688,None
15689,None
15690,Disabled
15691,Disabled
15692,None
15693,Senior
15694,Senior
15695,None
15696,None
15697,None
15698,Adult
15699,None
15700,None
15701,Senior
15702,None
15703,None
15704,None
15705,Disabled
15706,None
15707,Senior
15708,Disabled
15709,None
15710,None
15711,None
15712,Disabled
15713,Adult
15714,Senior
15715,None
15716,None
15717,None
15718,Adult
15719,None
15720,None
15721,None
15722,None
15723,Adult
15724,None
15725,None
15726,None
15727,Adult
15728,None
15729,Adult
15730,Disabled
15731,None
15732,None
15733,Adult
15734,None
15735,None
15736,Senior
15737,None
15738,None
15739,None
15740,None
15741,Disabled
15742,None
15743,None
15744,Disabled
15745,Disabled
15746,None
15747,None
15748,Adult
15749,None
15750,None
15751,None
15752,None
15753,None
15754,None
15755,Adult
15756,None
15757,Adult
15758,None
15759,Adult
15760,None
15761,Disabled
15762,Senior
15763,None
15764,None
15765,None
15766,None
15767,None
15768,Disabled
15769,None
15770,None
15771,None
15772,Adult
15773,Adult
15774,Adult
15775,Senior
15776,None
15777,None
15778,Senior
15779,None
15780,None
15781,Adult
15782,None
15783,Adult
15784,Adult
15785,Adult
15786,None
15787,None
15788,Adult
15789,None
15790,None
15791,None
15792,Adult
15793,None
15794,None
15795,None
15796,None
15797,Disabled
15798,Adult
15799,Adult
15800,None
15801,Adult
15802,Senior
15803,None
15804,None
15805,None
15806,None
15807,None
15808,None
15809,None
15810,None
15811,None
15812,Adult
15813,Disabled
15814,None
15815,None
15816,Disabled
15817,None
15818,None
15819,None
15820,None
15821,None
15822,Disabled
15823,None
15824,None
15825,None
15826,None
15827,None
15828,None
15829,None
15830,None
15831,Senior
15832,None
15833,Adult
15834,Adult
15835,Disabled
15836,None
15837,Adult
15838,None
15839,None
15840,Senior
15841,None
15842,Adult
15843,None
15844,Adult
15845,None
15846,None
15847,Senior
15848,None
15849,None
15850,Senior
15851,None
15852,None
15853,None
15854,None
15855,None
15856,None
15857,Senior
15858,None
15859,None
15860,None
15861,None
15862,None
15863,None
15864,None
15865,Adult
15866,None
15867,None
15868,Adult
15869,Disabled
15870,None
15871,None
15872,None
15873,Senior
15874,Disabled
15875,None
15876,None
15877,None
15878,Senior
15879,Disabled
15880,None
15881,None
15882,None
15883,None
15884,None
15885,Adult
15886,None
15887,Adult
15888,None
15889,None
15890,None
15891,Adult
15892,None
15893,None
15894,None
15895,Adult
15896,None
15897,Adult
15898,None
15899,Senior
15900,None
15901,None
15902,None
15903,None
15904,None
15905,Senior
15906,None
15907,None
15908,Senior
15909,Senior
15910,Senior
15911,Disabled
15912,None
15913,Disabled
15914,None
15915,Senior
15916,Senior
15917,None
15918,None
15919,None
15920,None
15921,None
15922,None
15923,Disabled
15924,None
15925,None
15926,None
15927,Disabled
15928,None
15929,None
15930,None
15931,None
15932,Disabled
15933,None
15934,None
15935,Disabled
15936,None
15937,None
15938,None
15939,None
15940,None
15941,None
15942,None
15943,Adult
15944,Adult
15945,Senior
15946,Disabled
15947,Disabled
15948,Senior
15949,Senior
15950,Disabled
15951,None
15952,Senior
15953,None
15954,Disabled
15955,None
15956,None
15957,None
15958,None
15959,Disabled
15960,None
15961,None
15962,None
15963,None
15964,None
15965,None
15966,None
15967,None
15968,None
15969,None
15970,None
15971,None
15972,None
15973,None
15974,None
15975,None
15976,None
15977,Disabled
15978,None
15979,Senior
15980,None
15981,Disabled
15982,None
15983,None
15984,None
15985,None
15986,None
15987,None
15988,None
15989,None
15990,None
15991,None
15992,None
15993,None
15994,Adult
15995,None
15996,None
15997,None
15998,Disabled
15999,Senior
16000,None
16001,Adult
16002,None
16003,None
16004,Adult
16005,None
16006,Adult
16007,None
16008,Senior
16009,Disabled
16010,Adult
16011,None
16012,Senior
16013,None
16014,None
16015,Adult
16016,Senior
16017,Disabled
16018,Senior
16019,None
16020,None
16021,None
16022,None
16023,None
16024,None
16025,Disabled
16026,None
16027,None
16028,Adult
16029,Adult
16030,Disabled
16031,None
16032,Adult
16033,Disabled
16034,None
16035,None
16036,Adult
16037,None
16038,None
16039,None
16040,Senior
16041,None
16042,None
16043,None
16044,None
16045,None
16046,None
16047,None
16048,None
16049,None
16050,None
16051,None
16052,None
16053,Adult
16054,None
16055,None
16056,None
16057,None
16058,None
16059,Disabled
16060,None
16061,None
16062,None
16063,None
16064,None
16065,None
16066,None
16067,Disabled
16068,None
16069,Disabled
16070,None
16071,Adult
16072,None
16073,Disabled
16074,Disabled
16075,None
16076,None
16077,None
16078,None
16079,Adult
16080,Senior
16081,Senior
16082,None
16083,None
16084,Adult
16085,Disabled
16086,Adult
16087,Senior
16088,None
16089,None
16090,Senior
16091,Senior
16092,None
16093,None
16094,None
16095,None
16096,None
16097,None
16098,None
16099,None
16100,None
16101,None
16102,None
16103,None
16104,None
16105,None
16106,None
16107,None
16108,None
16109,None
16110,None
16111,None
16112,None
16113,Adult
16114,Adult
16115,None
16116,Adult
16117,Senior
16118,Adult
16119,None
16120,None
16121,Senior
16122,Adult
16123,Adult
16124,Adult
16125,Disabled
16126,Adult
16127,None
16128,None
16129,None
16130,Adult
16131,None
16132,Disabled
16133,None
16134,None
16135,None
16136,None
16137,None
16138,Adult
16139,None
16140,None
16141,None
16142,None
16143,None
16144,Disabled
16145,None
16146,None
16147,None
16148,None
16149,None
16150,Disabled
16151,None
16152,None
16153,None
16154,Disabled
16155,Adult
16156,Adult
16157,Adult
16158,Disabled
16159,None
16160,None
16161,Adult
16162,None
16163,Senior
16164,Adult
16165,None
16166,Adult
16167,Senior
16168,None
16169,None
16170,Disabled
16171,None
16172,Senior
16173,Senior
16174,Senior
16175,Disabled
16176,None
16177,Disabled
16178,None
16179,None
16180,Disabled
16181,None
16182,Disabled
16183,Adult
16184,Disabled
16185,None
16186,None
16187,None
16188,None
16189,None
16190,None
16191,Adult
16192,None
16193,None
16194,None
16195,Disabled
16196,None
16197,Senior
16198,Senior
16199,None
16200,None
16201,None
16202,None
16203,None
16204,None
16205,None
16206,None
16207,None
16208,Adult
16209,None
16210,None
16211,Adult
16212,None
16213,Disabled
16214,None
16215,None
16216,None
16217,None
16218,Disabled
16219,None
16220,None
16221,Adult
16222,Disabled
16223,None
16224,Adult
16225,None
16226,None
16227,Senior
16228,None
16229,None
16230,Disabled
16231,Senior
16232,None
16233,Senior
16234,None
16235,None
16236,None
16237,None
16238,Disabled
16239,Disabled
16240,None
16241,None
16242,None
16243,None
16244,None
16245,None
16246,None
16247,None
16248,None
16249,None
16250,None
16251,None
16252,None
16253,None
16254,None
16255,None
16256,None
16257,None
16258,None
16259,None
16260,None
16261,None
16262,None
16263,None
16264,None
16265,Adult
16266,None
16267,Adult
16268,Adult
16269,None
16270,None
16271,None
16272,Adult
16273,None
16274,None
16275,Adult
16276,Senior
16277,None
16278,Adult
16279,None
16280,None
16281,None
16282,None
16283,None
16284,None
16285,None
16286,Adult
16287,None
16288,Adult
16289,None
16290,Adult
16291,None
16292,None
16293,None
16294,None
16295,None
16296,None
16297,Adult
16298,None
16299,None
16300,None
16301,Senior
16302,None
16303,Adult
16304,Adult
16305,None
16306,None
16307,None
16308,Adult
16309,Disabled
16310,Disabled
16311,Disabled
16312,None
16313,None
16314,Adult
16315,Disabled
16316,Senior
16317,Adult
16318,Adult
16319,Senior
16320,Adult
16321,None
16322,None
16323,None
16324,None
16325,None
16326,Adult
16327,None
16328,None
16329,None
16330,None
16331,Senior
16332,None
16333,None
16334,Adult
16335,None
16336,Adult
16337,None
16338,Adult
16339,None
16340,None
16341,None
16342,Adult
16343,None
16344,None
16345,None
16346,Adult
16347,None
16348,None
16349,None
16350,None
16351,None
16352,None
16353,None
16354,Adult
16355,Adult
16356,Adult
16357,Disabled
16358,Senior
16359,Adult
16360,Adult
16361,None
16362,Senior
16363,Adult
16364,Senior
16365,None
16366,Senior
16367,Senior
16368,None
16369,None
16370,None
16371,None
16372,Disabled
16373,None
16374,None
16375,None
16376,Senior
16377,Senior
16378,Senior
16379,None
16380,None
16381,None
16382,Adult
16383,None
16384,Adult
16385,Adult
16386,None
16387,Adult
16388,None
16389,None
16390,None
16391,None
16392,None
16393,None
16394,Adult
16395,Adult
16396,None
16397,None
16398,None
16399,None
16400,None
16401,Disabled
16402,Adult
16403,None
16404,Adult
16405,None
16406,Adult
16407,None
16408,None
16409,None
16410,None
16411,None
16412,None
16413,None
16414,None
16415,None
16416,Disabled
16417,Disabled
16418,None
16419,Disabled
16420,Disabled
16421,Senior
16422,Disabled
16423,Disabled
16424,Adult
16425,None
16426,None
16427,None
16428,None
16429,None
16430,None
16431,None
16432,None
16433,None
16434,Senior
16435,Senior
16436,None
16437,Senior
16438,Disabled
16439,None
16440,None
16441,None
16442,Disabled
16443,None
16444,None
16445,Disabled
16446,Adult
16447,None
16448,Adult
16449,None
16450,Adult
16451,None
16452,None
16453,None
16454,None
16455,None
16456,Disabled
16457,None
16458,None
16459,None
16460,Disabled
16461,None
16462,None
16463,None
16464,None
16465,None
16466,None
16467,None
16468,None
16469,None
16470,None
16471,Disabled
16472,None
16473,None
16474,None
16475,None
16476,None
16477,None
16478,None
16479,None
16480,None
16481,None
16482,Adult
16483,None
16484,Senior
16485,Adult
16486,Disabled
16487,Senior
16488,Senior
16489,Senior
16490,Senior
16491,Disabled
16492,Senior
16493,None
16494,None
16495,Disabled
16496,Senior
16497,Disabled
16498,Disabled
16499,None
16500,None
16501,None
16502,None
16503,None
16504,None
16505,None
16506,None
16507,None
16508,None
16509,None
16510,Adult
16511,None
16512,None
16513,None
16514,None
16515,None
16516,None
16517,Adult
16518,None
16519,None
16520,None
16521,None
16522,None
16523,None
16524,None
16525,Adult
16526,None
16527,Senior
16528,None
16529,None
16530,None
16531,Adult
16532,None
16533,None
16534,Adult
16535,Adult
16536,None
16537,Senior
16538,None
16539,None
16540,None
16541,Disabled
16542,Disabled
16543,None
16544,Adult
16545,None
16546,Adult
16547,None
16548,Adult
16549,None
16550,Senior
16551,None
16552,Senior
16553,None
16554,None
16555,None
16556,None
16557,None
16558,None
16559,Disabled
16560,None
16561,Senior
16562,Senior
16563,None
16564,None
16565,Adult
16566,Adult
16567,Senior
16568,Adult
16569,Adult
16570,Adult
16571,None
16572,None
16573,None
16574,Senior
16575,None
16576,None
16577,None
16578,Disabled
16579,None
16580,None
16581,None
16582,None
16583,None
16584,None
16585,None
16586,None
16587,None
16588,None
16589,None
16590,None
16591,None
16592,None
16593,Disabled
16594,Disabled
16595,None
16596,None
16597,None
16598,None
16599,None
16600,None
16601,None
16602,Senior
16603,None
16604,Adult
16605,Adult
16606,Adult
16607,None
16608,Disabled
16609,Senior
16610,None
16611,Adult
16612,Adult
16613,Adult
16614,Adult
16615,Adult
16616,Adult
16617,None
16618,Senior
16619,None
16620,Senior
16621,None
16622,Disabled
16623,None
16624,None
16625,None
16626,Disabled
16627,None
16628,Senior
16629,Senior
16630,Senior
16631,Senior
16632,Senior
16633,Senior
16634,Senior
16635,Adult
16636,None
16637,None
16638,None
16639,Adult
16640,None
16641,None
16642,None
16643,None
16644,None
16645,None
16646,Adult
16647,Adult
16648,None
16649,None
16650,None
16651,None
16652,Senior
16653,None
16654,None
16655,None
16656,None
16657,None
16658,None
16659,None
16660,None
16661,Adult
16662,None
16663,None
16664,Adult
16665,Senior
16666,None
16667,None
16668,None
16669,None
16670,None
16671,None
16672,None
16673,Adult
16674,None
16675,None
16676,None
16677,Disabled
16678,None
16679,None
16680,None
16681,None
16682,None
16683,None
16684,None
16685,None
16686,None
16687,None
16688,None
16689,None
16690,Disabled
16691,Disabled
16692,Disabled
16693,Disabled
16694,None
16695,Disabled
16696,Senior
16697,Disabled
16698,Adult
16699,None
16700,None
16701,None
16702,None
16703,Disabled
16704,None
16705,None
16706,None
16707,Adult
16708,Adult
16709,None
16710,Disabled
16711,None
16712,None
16713,None
16714,None
16715,Senior
16716,Senior
16717,Senior
16718,Adult
16719,Senior
16720,Senior
16721,None
16722,None
16723,None
16724,None
16725,Disabled
16726,None
16727,None
16728,None
16729,None
16730,None
16731,None
16732,None
16733,None
16734,None
16735,None
16736,None
16737,None
16738,None
16739,None
16740,None
16741,Disabled
16742,Adult
16743,None
16744,None
16745,Disabled
16746,Adult
16747,None
16748,None
16749,None
16750,None
16751,None
16752,None
16753,None
16754,None
16755,None
16756,None
16757,None
16758,Disabled
16759,Senior
16760,Senior
16761,Senior
16762,None
16763,None
16764,Disabled
16765,Disabled
16766,None
16767,Disabled
16768,None
16769,Adult
16770,None
16771,Disabled
16772,Adult
16773,None
16774,None
16775,None
16776,None
16777,None
16778,None
16779,None
16780,None
16781,None
16782,None
16783,None
16784,None
16785,Adult
16786,None
16787,None
16788,Senior
16789,None
16790,Senior
16791,None
16792,None
16793,None
16794,None
16795,None
16796,None
16797,None
16798,Adult
16799,Disabled
16800,Adult
16801,None
16802,Adult
16803,None
16804,None
16805,None
16806,None
16807,Disabled
16808,None
16809,None
16810,Senior
16811,None
16812,None
16813,None
16814,None
16815,Disabled
16816,None
16817,None
16818,Senior
16819,Adult
16820,None
16821,Adult
16822,None
16823,None
16824,None
16825,Adult
16826,None
16827,Adult
16828,None
16829,None
16830,Adult
16831,Adult
16832,None
16833,None
16834,None
16835,Disabled
16836,Disabled
16837,None
16838,None
16839,None
16840,Disabled
16841,None
16842,None
16843,Disabled
16844,Adult
16845,Adult
16846,Disabled
16847,Adult
16848,None
16849,Adult
16850,Adult
16851,None
16852,None
16853,Adult
16854,None
16855,None
16856,None
16857,None
16858,None
16859,None
16860,None
16861,None
16862,None
16863,Adult
16864,Senior
16865,None
16866,None
16867,Disabled
16868,None
16869,None
16870,None
16871,Disabled
16872,Adult
16873,Adult
16874,None
16875,None
16876,None
16877,None
16878,Adult
16879,None
16880,None
16881,None
16882,Disabled
16883,Adult
16884,Adult
16885,Disabled
16886,Senior
16887,None
16888,None
16889,None
16890,None
16891,Adult
16892,None
16893,None
16894,None
16895,None
16896,Senior
16897,Disabled
16898,None
16899,Adult
16900,None
16901,None
16902,Adult
16903,None
16904,Senior
16905,Senior
16906,None
16907,None
16908,None
16909,Senior
16910,None
16911,None
16912,None
16913,None
16914,None
16915,None
16916,Adult
16917,Disabled
16918,Senior
16919,Senior
16920,None
16921,Adult
16922,None
16923,Adult
16924,Adult
16925,None
16926,None
16927,Adult
16928,Adult
16929,None
16930,None
16931,None
16932,None
16933,None
16934,None
16935,None
16936,None
16937,None
16938,None
16939,None
16940,None
16941,None
16942,None
16943,None
16944,None
16945,None
16946,None
16947,None
16948,None
16949,None
16950,None
16951,None
16952,None
16953,Adult
16954,None
16955,None
16956,None
16957,None
16958,Disabled
16959,Adult
16960,None
16961,Senior
16962,Disabled
16963,Senior
16964,Adult
16965,None
16966,Adult
16967,Adult
16968,Disabled
16969,Disabled
16970,Disabled
16971,Senior
16972,None
16973,None
16974,Disabled
16975,Disabled
16976,None
16977,None
16978,Disabled
16979,Disabled
16980,Senior
16981,Adult
16982,None
16983,None
16984,None
16985,Adult
16986,Adult
16987,Adult
16988,None
16989,Disabled
16990,None
16991,None
16992,None
16993,None
16994,None
16995,None
16996,Senior
16997,Senior
16998,None
16999,None
17000,None
17001,None
17002,None
17003,None
17004,None
17005,Disabled
17006,None
17007,None
17008,None
17009,Disabled
17010,Disabled
17011,None
17012,None
17013,None
17014,None
17015,None
17016,None
17017,Senior
17018,None
17019,None
17020,None
17021,None
17022,None
17023,None
17024,None
17025,None
17026,None
17027,None
17028,None
17029,None
17030,None
17031,None
17032,None
17033,None
17034,None
17035,Adult
17036,None
17037,None
17038,Disabled
17039,None
17040,None
17041,Disabled
17042,None
17043,None
17044,None
17045,None
17046,Adult
17047,None
17048,Senior
17049,Senior
17050,Senior
17051,Senior
17052,None
17053,None
17054,None
17055,Adult
17056,Disabled
17057,None
17058,Disabled
17059,Disabled
17060,Disabled
17061,None
17062,None
17063,None
17064,None
17065,None
17066,None
17067,None
17068,None
17069,Adult
17070,None
17071,None
17072,None
17073,None
17074,None
17075,None
17076,Disabled
17077,Adult
17078,None
17079,None
17080,None
17081,None
17082,None
17083,None
17084,None
17085,None
17086,None
17087,Disabled
17088,None
17089,Adult
17090,None
17091,None
17092,None
17093,Adult
17094,Senior
17095,Disabled
17096,Senior
17097,None
17098,None
17099,Adult
17100,None
17101,Adult
17102,None
17103,Senior
17104,None
17105,None
17106,None
17107,None
17108,Adult
17109,Adult
17110,None
17111,None
17112,None
17113,None
17114,None
17115,None
17116,None
17117,None
17118,None
17119,None
17120,None
17121,None
17122,None
17123,Disabled
17124,None
17125,None
17126,None
17127,Disabled
17128,Adult
17129,None
17130,Adult
17131,None
17132,Disabled
17133,None
17134,Disabled
17135,Disabled
17136,Adult
17137,Adult
17138,Adult
17139,Adult
17140,Adult
17141,None
17142,Senior
17143,None
17144,None
17145,Adult
17146,None
17147,None
17148,None
17149,None
17150,Disabled
17151,Disabled
17152,Senior
17153,None
17154,Disabled
17155,None
17156,None
17157,None
17158,None
17159,Adult
17160,Adult
17161,Disabled
17162,Adult
17163,Adult
17164,None
17165,None
17166,Adult
17167,None
17168,None
17169,Senior
17170,None
17171,None
17172,None
17173,Adult
17174,None
17175,None
17176,None
17177,None
17178,Disabled
17179,Adult
17180,Adult
17181,Adult
17182,None
17183,Adult
17184,None
17185,None
17186,Adult
17187,Senior
17188,Senior
17189,Senior
17190,None
17191,None
17192,None
17193,None
17194,None
17195,Disabled
17196,None
17197,None
17198,None
17199,None
17200,None
17201,Senior
17202,Senior
17203,None
17204,Senior
17205,None
17206,Adult
17207,None
17208,Adult
17209,Adult
17210,Adult
17211,Adult
17212,Adult
17213,None
17214,None
17215,None
17216,None
17217,None
17218,None
17219,Senior
17220,None
17221,None
17222,None
17223,None
17224,None
17225,None
17226,Adult
17227,Adult
17228,None
17229,Adult
17230,None
17231,None
17232,Senior
17233,None
17234,None
17235,Adult
17236,None
17237,None
17238,None
17239,None
17240,Adult
17241,Adult
17242,Adult
17243,Adult
17244,None
17245,Adult
17246,None
17247,None
17248,Disabled
17249,None
17250,None
17251,None
17252,Disabled
17253,Disabled
17254,Adult
17255,Adult
17256,Adult
17257,None
17258,None
17259,None
17260,None
17261,None
17262,None
17263,None
17264,None
17265,Adult
17266,None
17267,None
17268,None
17269,None
17270,None
17271,None
17272,None
17273,None
17274,Adult
17275,Adult
17276,Adult
17277,None
17278,None
17279,Senior
17280,None
17281,Senior
17282,None
17283,Senior
17284,Disabled
17285,None
17286,Adult
17287,None
17288,None
17289,None
17290,None
17291,Disabled
17292,Disabled
17293,None
17294,None
17295,None
17296,None
17297,None
17298,Adult
17299,Adult
17300,Adult
17301,None
17302,None
17303,None
17304,None
17305,None
17306,None
17307,None
17308,None
17309,Disabled
17310,None
17311,None
17312,Adult
17313,None
17314,None
17315,None
17316,None
17317,None
17318,None
17319,None
17320,None
17321,None
17322,None
17323,None
17324,None
17325,None
17326,Adult
17327,None
17328,None
17329,Senior
17330,Senior
17331,Senior
17332,None
17333,Disabled
17334,None
17335,None
17336,Disabled
17337,None
17338,Disabled
17339,None
17340,Disabled
17341,Disabled
17342,None
17343,None
17344,None
17345,None
17346,None
17347,None
17348,Disabled
17349,None
17350,None
17351,None
17352,Disabled
17353,None
17354,None
17355,None
17356,None
17357,None
17358,None
17359,None
17360,Disabled
17361,None
17362,None
17363,None
17364,Disabled
17365,None
17366,None
17367,None
17368,Disabled
17369,None
17370,None
17371,Senior
17372,Disabled
17373,None
17374,Disabled
17375,Senior
17376,Adult
17377,Senior
17378,Disabled
17379,None
17380,None
17381,None
17382,Senior
17383,Adult
17384,None
17385,Disabled
17386,None
17387,None
17388,None
17389,None
17390,Disabled
17391,None
17392,None
17393,None
17394,None
17395,None
17396,Disabled
17397,None
17398,None
17399,None
17400,Adult
17401,None
17402,None
17403,Adult
17404,Senior
17405,None
17406,Adult
17407,None
17408,Adult
17409,None
17410,None
17411,None
17412,None
17413,None
17414,None
17415,None
17416,None
17417,Adult
17418,None
17419,None
17420,None
17421,None
17422,None
17423,Adult
17424,None
17425,None
17426,None
17427,None
17428,Senior
17429,None
17430,Senior
17431,None
17432,Disabled
17433,None
17434,Senior
17435,None
17436,Adult
17437,None
17438,None
17439,Disabled
17440,None
17441,None
17442,Senior
17443,Disabled
17444,None
17445,None
17446,Disabled
17447,Disabled
17448,Adult
17449,Adult
17450,None
17451,Adult
17452,Senior
17453,Senior
17454,Senior
17455,Senior
17456,Senior
17457,None
17458,Adult
17459,None
17460,None
17461,Senior
17462,None
17463,Senior
17464,Adult
17465,None
17466,Adult
17467,Adult
17468,None
17469,None
17470,Senior
17471,None
17472,None
17473,None
17474,None
17475,None
17476,Adult
17477,None
17478,None
17479,None
17480,Disabled
17481,Senior
17482,Adult
17483,None
17484,None
17485,None
17486,None
17487,None
17488,None
17489,None
17490,Disabled
17491,None
17492,None
17493,None
17494,None
17495,Disabled
17496,None
17497,Disabled
17498,None
17499,None
17500,Disabled
17501,None
17502,None
17503,None
17504,None
17505,None
17506,Disabled
17507,Disabled
17508,Disabled
17509,Adult
17510,None
17511,None
17512,None
17513,None
17514,None
17515,Adult
17516,None
17517,None
17518,Adult
17519,Adult
17520,Adult
17521,None
17522,None
17523,None
17524,None
17525,None
17526,None
17527,None
17528,Disabled
17529,None
17530,None
17531,Senior
17532,None
17533,Disabled
17534,None
17535,None
17536,Senior
17537,Senior
17538,Senior
17539,Senior
17540,Disabled
17541,Disabled
17542,None
17543,None
17544,None
17545,None
17546,None
17547,None
17548,None
17549,None
17550,None
17551,Disabled
17552,None
17553,None
17554,None
17555,None
17556,None
17557,None
17558,None
17559,None
17560,None
17561,Senior
17562,None
17563,None
17564,None
17565,None
17566,None
17567,None
17568,None
17569,None
17570,None
17571,None
17572,Disabled
17573,None
17574,None
17575,None
17576,None
17577,None
17578,None
17579,None
17580,None
17581,None
17582,None
17583,None
17584,Disabled
17585,None
17586,Disabled
17587,Senior
17588,None
17589,None
17590,Senior
17591,Senior
17592,Disabled
17593,Senior
17594,Disabled
17595,Disabled
17596,None
17597,Disabled
17598,Disabled
17599,Adult
17600,Disabled
17601,Disabled
17602,Adult
17603,Adult
17604,None
17605,None
17606,None
17607,None
17608,None
17609,None
17610,None
17611,Adult
17612,None
17613,None
17614,Senior
17615,None
17616,None
17617,Senior
17618,None
17619,Senior
17620,None
17621,None
17622,None
17623,None
17624,None
17625,None
17626,None
17627,None
17628,None
17629,None
17630,Adult
17631,None
17632,Senior
17633,None
17634,None
17635,None
17636,None
17637,None
17638,Adult
17639,Senior
17640,None
17641,None
17642,None
17643,None
17644,None
17645,None
17646,None
17647,None
17648,None
17649,None
17650,None
17651,Senior
17652,None
17653,Disabled
17654,Adult
17655,Disabled
17656,Disabled
17657,Adult
17658,None
17659,None
17660,None
17661,Disabled
17662,Disabled
17663,Adult
17664,Adult
17665,Adult
17666,Adult
17667,Senior
17668,Adult
17669,Senior
17670,Senior
17671,Adult
17672,Adult
17673,None
17674,None
17675,None
17676,None
17677,None
17678,None
17679,None
17680,None
17681,None
17682,None
17683,None
17684,None
17685,None
17686,None
17687,None
17688,None
17689,None
17690,None
17691,None
17692,None
17693,Disabled
17694,Adult
17695,None
17696,None
17697,Disabled
17698,Senior
17699,Senior
17700,None
17701,None
17702,None
17703,None
17704,None
17705,None
17706,None
17707,None
17708,Adult
17709,None
17710,Adult
17711,Adult
17712,None
17713,Adult
17714,Adult
17715,Adult
17716,Adult
17717,Adult
17718,None
17719,Senior
17720,Senior
17721,None
17722,None
17723,None
17724,None
17725,None
17726,None
17727,Senior
17728,Senior
17729,None
17730,Senior
17731,None
17732,None
17733,None
17734,Adult
17735,None
17736,None
17737,None
17738,Adult
17739,None
17740,None
17741,Senior
17742,None
17743,None
17744,None
17745,None
17746,Adult
17747,None
17748,Senior
17749,None
17750,None
17751,None
17752,None
17753,None
17754,None
17755,Adult
17756,None
17757,None
17758,None
17759,None
17760,None
17761,None
17762,None
17763,None
17764,None
17765,None
17766,None
17767,Adult
17768,Adult
17769,None
17770,Senior
17771,None
17772,Adult
17773,None
17774,None
17775,Adult
17776,None
17777,None
17778,None
17779,Disabled
17780,None
17781,None
17782,None
17783,None
17784,None
17785,None
17786,None
17787,None
17788,Adult
17789,Disabled
17790,Disabled
17791,None
17792,None
17793,None
17794,None
17795,Disabled
17796,Adult
17797,Disabled
17798,Adult
17799,None
17800,Adult
17801,None
17802,None
17803,None
17804,None
17805,Adult
17806,None
17807,None
17808,None
17809,None
17810,None
17811,None
17812,None
17813,None
17814,None
17815,None
17816,None
17817,Senior
17818,Disabled
17819,None
17820,Senior
17821,Senior
17822,None
17823,None
17824,Senior
17825,Senior
17826,Senior
17827,Senior
17828,Disabled
17829,None
17830,Disabled
17831,Disabled
17832,None
17833,None
17834,None
17835,None
17836,None
17837,None
17838,None
17839,None
17840,None
17841,None
17842,None
17843,None
17844,None
17845,None
17846,None
17847,None
17848,None
17849,None
17850,None
17851,None
17852,None
17853,None
17854,Disabled
17855,Disabled
17856,Adult
17857,None
17858,None
17859,None
17860,None
17861,None
17862,None
17863,None
17864,None
17865,None
17866,None
17867,Adult
17868,None
17869,Disabled
17870,None
17871,Senior
17872,Senior
17873,Adult
17874,Disabled
17875,None
17876,None
17877,None
17878,None
17879,None
17880,None
17881,None
17882,None
17883,None
17884,Disabled
17885,Adult
17886,None
17887,None
17888,None
17889,None
17890,Disabled
17891,None
17892,None
17893,Adult
17894,None
17895,Adult
17896,Adult
17897,Adult
17898,Adult
17899,Adult
17900,None
17901,None
17902,None
17903,None
17904,None
17905,None
17906,None
17907,Adult
17908,Senior
17909,None
17910,Adult
17911,Disabled
17912,None
17913,None
17914,Adult
17915,None
17916,Adult
17917,Senior
17918,Adult
17919,None
17920,None
17921,None
17922,Senior
17923,None
17924,Senior
17925,None
17926,None
17927,None
17928,None
17929,None
17930,None
17931,None
17932,None
17933,Adult
17934,Adult
17935,Senior
17936,None
17937,None
17938,None
17939,None
17940,None
17941,None
17942,None
17943,Disabled
17944,None
17945,None
17946,None
17947,Adult
17948,None
17949,Disabled
17950,None
17951,Adult
17952,None
17953,Adult
17954,Senior
17955,Senior
17956,None
17957,None
17958,None
17959,None
17960,None
17961,None
17962,None
17963,Adult
17964,None
17965,Adult
17966,None
17967,None
17968,None
17969,Senior
17970,Adult
17971,None
17972,None
17973,Adult
17974,Adult
17975,None
17976,None
17977,None
17978,None
17979,None
17980,None
17981,None
17982,None
17983,Disabled
17984,Adult
17985,Adult
17986,Adult
17987,Adult
17988,None
17989,None
17990,None
17991,None
17992,Disabled
17993,None
17994,Adult
17995,Disabled
17996,None
17997,None
17998,None
17999,None
18000,Adult
18001,Disabled
18002,None
18003,Disabled
18004,None
18005,Adult
18006,None
18007,Adult
18008,None
18009,Adult
18010,Adult
18011,Adult
18012,None
18013,Adult
18014,None
18015,Adult
18016,Senior
18017,None
18018,None
18019,None
18020,Disabled
18021,Adult
18022,None
18023,Adult
18024,Adult
18025,None
18026,Adult
18027,None
18028,None
18029,Senior
18030,Senior
18031,Senior
18032,Adult
18033,Disabled
18034,None
18035,Adult
18036,None
18037,None
18038,None
18039,None
18040,Senior
18041,None
18042,None
18043,Senior
18044,Senior
18045,None
18046,None
18047,None
18048,None
18049,None
18050,None
18051,None
18052,None
18053,None
18054,None
18055,None
18056,None
18057,None
18058,None
18059,None
18060,None
18061,None
18062,None
18063,None
18064,None
18065,None
18066,None
18067,None
18068,None
18069,None
18070,None
18071,None
18072,None
18073,None
18074,None
18075,None
18076,None
18077,None
18078,Disabled
18079,Disabled
18080,Adult
18081,None
18082,None
18083,None
18084,None
18085,None
18086,None
18087,Disabled
18088,None
18089,Disabled
18090,None
18091,None
18092,None
18093,None
18094,None
18095,None
18096,None
18097,None
18098,None
18099,Senior
18100,Disabled
18101,None
18102,Disabled
18103,None
18104,Disabled
18105,Disabled
18106,None
18107,None
18108,None
18109,None
18110,None
18111,None
18112,None
18113,None
18114,Disabled
18115,Senior
18116,None
18117,Senior
18118,None
18119,None
18120,None
18121,None
18122,None
18123,None
18124,None
18125,None
18126,None
18127,None
18128,None
18129,None
18130,None
18131,None
18132,None
18133,None
18134,None
18135,None
18136,None
18137,Adult
18138,None
18139,None
18140,None
18141,Senior
18142,Senior
18143,Disabled
18144,None
18145,Senior
18146,None
18147,Disabled
18148,Disabled
18149,Disabled
18150,None
18151,None
18152,None
18153,Adult
18154,None
18155,None
18156,Disabled
18157,Disabled
18158,None
18159,None
18160,None
18161,None
18162,None
18163,None
18164,None
18165,None
18166,None
18167,None
18168,None
18169,None
18170,None
18171,Adult
18172,Adult
18173,None
18174,None
18175,None
18176,None
18177,None
18178,Disabled
18179,None
18180,None
18181,Senior
18182,None
18183,None
18184,None
18185,None
18186,None
18187,None
18188,None
18189,None
18190,None
18191,Disabled
18192,None
18193,Disabled
18194,Adult
18195,Senior
18196,None
18197,None
18198,Disabled
18199,Senior
18200,Senior
18201,None
18202,None
18203,Senior
18204,Senior
18205,Adult
18206,Disabled
18207,Adult
18208,None
18209,None
18210,None
18211,None
18212,Disabled
18213,None
18214,None
18215,None
18216,None
18217,None
18218,Senior
18219,None
18220,None
18221,None
18222,None
18223,None
18224,None
18225,None
18226,Disabled
18227,None
18228,Disabled
18229,Adult
18230,Disabled
18231,Adult
18232,Adult
18233,None
18234,Adult
18235,Senior
18236,Adult
18237,Adult
18238,Adult
18239,Adult
18240,Adult
18241,None
18242,None
18243,None
18244,None
18245,None
18246,Adult
18247,None
18248,Adult
18249,None
18250,Senior
18251,None
18252,Senior
18253,None
18254,None
18255,Adult
18256,Adult
18257,None
18258,None
18259,None
18260,None
18261,None
18262,Senior
18263,Senior
18264,None
18265,Senior
18266,Adult
18267,None
18268,Disabled
18269,None
18270,Adult
18271,Senior
18272,None
18273,None
18274,None
18275,None
18276,None
18277,None
18278,None
18279,Disabled
18280,None
18281,None
18282,None
18283,Senior
18284,None
18285,None
18286,Disabled
18287,None
18288,Adult
18289,Disabled
18290,Disabled
18291,Disabled
18292,Senior
18293,None
18294,Adult
18295,Adult
18296,None
18297,None
18298,Adult
18299,Adult
18300,Adult
18301,Adult
18302,Senior
18303,Adult
18304,Senior
18305,Senior
18306,None
18307,Senior
18308,Senior
18309,None
18310,None
18311,None
18312,Senior
18313,None
18314,Disabled
18315,None
18316,None
18317,Disabled
18318,None
18319,None
18320,Disabled
18321,Senior
18322,Senior
18323,Senior
18324,Senior
18325,Senior
18326,None
18327,None
18328,Adult
18329,None
18330,None
18331,Adult
18332,None
18333,Adult
18334,None
18335,Adult
18336,None
18337,None
18338,None
18339,None
18340,None
18341,None
18342,None
18343,None
18344,None
18345,None
18346,None
18347,Adult
18348,None
18349,None
18350,None
18351,None
18352,None
18353,None
18354,None
18355,None
18356,Adult
18357,None
18358,None
18359,None
18360,Disabled
18361,Senior
18362,None
18363,None
18364,None
18365,None
18366,None
18367,Disabled
18368,None
18369,None
18370,None
18371,None
18372,None
18373,Disabled
18374,None
18375,None
18376,None
18377,None
18378,None
18379,None
18380,Senior
18381,Adult
18382,Disabled
18383,None
18384,Adult
18385,Adult
18386,Senior
18387,None
18388,None
18389,None
18390,None
18391,None
18392,None
18393,None
18394,None
18395,Adult
18396,None
18397,Adult
18398,Disabled
18399,None
18400,None
18401,None
18402,Senior
18403,Senior
18404,None
18405,Senior
18406,None
18407,None
18408,Disabled
18409,Disabled
18410,Adult
18411,Disabled
18412,None
18413,Adult
18414,None
18415,None
18416,None
18417,None
18418,None
18419,None
18420,Disabled
18421,Adult
18422,None
18423,None
18424,None
18425,None
18426,None
18427,None
18428,Disabled
18429,None
18430,None
18431,None
18432,None
18433,None
18434,None
18435,None
18436,None
18437,None
18438,Disabled
18439,None
18440,Disabled
18441,None
18442,None
18443,None
18444,None
18445,None
18446,Adult
18447,Senior
18448,None
18449,None
18450,Senior
18451,Disabled
18452,None
18453,Disabled
18454,Senior
18455,None
18456,None
18457,None
18458,None
18459,Disabled
18460,None
18461,None
18462,None
18463,None
18464,None
18465,None
18466,None
18467,None
18468,None
18469,None
18470,None
18471,Disabled
18472,None
18473,Adult
18474,None
18475,None
18476,None
18477,None
18478,None
18479,None
18480,None
18481,None
18482,None
18483,None
18484,None
18485,Adult
18486,None
18487,None
18488,None
18489,None
18490,Adult
18491,None
18492,None
18493,Adult
18494,None
18495,Senior
18496,Senior
18497,None
18498,None
18499,None
18500,None
18501,Adult
18502,Senior
18503,None
18504,None
18505,None
18506,None
18507,None
18508,None
18509,None
18510,Adult
18511,Disabled
18512,None
18513,Adult
18514,None
18515,None
18516,None
18517,None
18518,None
18519,Disabled
18520,Adult
18521,Senior
18522,None
18523,None
18524,Senior
18525,Adult
18526,Adult
18527,Adult
18528,Senior
18529,Senior
18530,None
18531,None
18532,None
18533,None
18534,Adult
18535,Senior
18536,None
18537,None
18538,None
18539,Adult
18540,Adult
18541,None
18542,None
18543,None
18544,None
18545,None
18546,None
18547,None
18548,None
18549,None
18550,None
18551,Adult
18552,None
18553,None
18554,Adult
18555,Adult
18556,Adult
18557,None
18558,Senior
18559,None
18560,Senior
18561,Disabled
18562,None
18563,None
18564,None
18565,None
18566,None
18567,Senior
18568,None
18569,None
18570,Senior
18571,None
18572,Disabled
18573,Adult
18574,Adult
18575,Adult
18576,Disabled
18577,Adult
18578,Adult
18579,None
18580,Senior
18581,Senior
18582,None
18583,None
18584,None
18585,Adult
18586,None
18587,Senior
18588,None
18589,Adult
18590,None
18591,Senior
18592,Senior
18593,None
18594,Senior
18595,Disabled
18596,None
18597,Disabled
18598,None
18599,None
18600,None
18601,Adult
18602,None
18603,None
18604,Disabled
18605,Adult
18606,Adult
18607,None
18608,None
18609,None
18610,None
18611,None
18612,None
18613,None
18614,None
18615,None
18616,Adult
18617,None
18618,None
18619,None
18620,None
18621,Adult
18622,None
18623,Adult
18624,Adult
18625,Adult
18626,Adult
18627,None
18628,None
18629,None
18630,None
18631,None
18632,None
18633,Adult
18634,Adult
18635,None
18636,Adult
18637,None
18638,None
18639,None
18640,None
18641,Disabled
18642,None
18643,Senior
18644,Disabled
18645,None
18646,None
18647,Disabled
18648,None
18649,None
18650,None
18651,None
18652,None
18653,None
18654,None
18655,None
18656,None
18657,Adult
18658,Adult
18659,None
18660,None
18661,None
18662,None
18663,Adult
18664,None
18665,Disabled
18666,None
18667,Senior
18668,Senior
18669,Senior
18670,Disabled
18671,Disabled
18672,None
18673,Adult
18674,None
18675,Disabled
18676,Disabled
18677,None
18678,Disabled
18679,None
18680,None
18681,None
18682,None
18683,None
18684,None
18685,Adult
18686,None
18687,None
18688,None
18689,Adult
18690,Senior
18691,Adult
18692,None
18693,None
18694,None
18695,None
18696,Disabled
18697,Disabled
18698,Adult
18699,None
18700,None
18701,Adult
18702,None
18703,None
18704,None
18705,None
18706,None
18707,None
18708,None
18709,None
18710,None
18711,None
18712,None
18713,None
18714,Senior
18715,None
18716,Senior
18717,None
18718,None
18719,Senior
18720,None
18721,None
18722,Disabled
18723,Disabled
18724,Disabled
18725,None
18726,None
18727,None
18728,None
18729,None
18730,None
18731,None
18732,None
18733,None
18734,None
18735,None
18736,None
18737,None
18738,None
18739,None
18740,None
18741,None
18742,None
18743,None
18744,None
18745,None
18746,None
18747,None
18748,None
18749,None
18750,Adult
18751,None
18752,None
18753,Adult
18754,None
18755,None
18756,Disabled
18757,None
18758,None
18759,None
18760,Adult
18761,None
18762,Disabled
18763,Senior
18764,Adult
18765,Senior
18766,None
18767,None
18768,None
18769,None
18770,None
18771,None
18772,None
18773,None
18774,None
18775,Senior
18776,None
18777,None
18778,None
18779,None
18780,Disabled
18781,None
18782,Adult
18783,Adult
18784,Disabled
18785,Adult
18786,Adult
18787,Disabled
18788,Senior
18789,Disabled
18790,None
18791,Adult
18792,Adult
18793,None
18794,Adult
18795,None
18796,None
18797,Senior
18798,None
18799,None
18800,None
18801,None
18802,Adult
18803,None
18804,None
18805,None
18806,Disabled
18807,None
18808,None
18809,Senior
18810,None
18811,Disabled
18812,None
18813,Adult
18814,None
18815,None
18816,None
18817,Senior
18818,None
18819,Senior
18820,None
18821,None
18822,Adult
18823,None
18824,None
18825,Disabled
18826,Adult
18827,None
18828,None
18829,None
18830,None
18831,None
18832,Disabled
18833,None
18834,None
18835,Disabled
18836,Disabled
18837,Disabled
18838,Adult
18839,Adult
18840,Adult
18841,Adult
18842,Adult
18843,Adult
18844,Adult
18845,None
18846,Adult
18847,None
18848,None
18849,None
18850,Adult
18851,Adult
18852,Adult
18853,Adult
18854,Adult
18855,Senior
18856,Senior
18857,None
18858,None
18859,None
18860,Adult
18861,None
18862,Senior
18863,None
18864,None
18865,Adult
18866,Adult
18867,None
18868,None
18869,None
18870,None
18871,None
18872,None
18873,None
18874,None
18875,Disabled
18876,None
18877,Adult
18878,None
18879,None
18880,None
18881,Adult
18882,None
18883,Adult
18884,Disabled
18885,None
18886,None
18887,None
18888,None
18889,None
18890,None
18891,None
18892,None
18893,None
18894,None
18895,None
18896,None
18897,None
18898,None
18899,None
18900,Adult
18901,None
18902,None
18903,None
18904,None
18905,None
18906,None
18907,None
18908,Adult
18909,Disabled
18910,None
18911,None
18912,None
18913,None
18914,None
18915,None
18916,None
18917,None
18918,None
18919,None
18920,None
18921,Adult
18922,Adult
18923,None
18924,None
18925,None
18926,None
18927,None
18928,None
18929,None
18930,None
18931,Senior
18932,Disabled
18933,Adult
18934,None
18935,None
18936,Disabled
18937,Senior
18938,Senior
18939,None
18940,Senior
18941,Senior
18942,None
18943,None
18944,Disabled
18945,Disabled
18946,Disabled
18947,None
18948,None
18949,None
18950,None
18951,None
18952,Disabled
18953,None
18954,None
18955,Disabled
18956,None
18957,None
18958,None
18959,None
18960,Adult
18961,None
18962,None
18963,Adult
18964,None
18965,None
18966,None
18967,None
18968,None
18969,None
18970,None
18971,None
18972,Disabled
18973,None
18974,None
18975,Disabled
18976,Adult
18977,Senior
18978,Senior
18979,None
18980,Senior
18981,Disabled
18982,Senior
18983,None
18984,None
18985,None
18986,None
18987,None
18988,None
18989,None
18990,None
18991,None
18992,Disabled
18993,None
18994,Disabled
18995,None
18996,None
18997,Disabled
18998,None
18999,Disabled
19000,None
19001,Senior
19002,None
19003,None
19004,None
19005,None
19006,Disabled
19007,None
19008,None
19009,None
19010,None
19011,None
19012,Adult
19013,None
19014,None
19015,None
19016,Disabled
19017,None
19018,None
19019,Disabled
19020,Adult
19021,Adult
19022,Adult
19023,Adult
19024,None
19025,None
19026,None
19027,None
19028,None
19029,None
19030,Senior
19031,None
19032,Adult
19033,None
19034,Senior
19035,Senior
19036,None
19037,Adult
19038,Adult
19039,None
19040,Adult
19041,None
19042,None
19043,None
19044,None
19045,None
19046,None
19047,None
19048,None
19049,Adult
19050,Adult
19051,None
19052,Disabled
19053,None
19054,None
19055,None
19056,None
19057,None
19058,None
19059,Adult
19060,None
19061,Adult
19062,Senior
19063,None
19064,Senior
19065,None
19066,None
19067,None
19068,None
19069,None
19070,None
19071,None
19072,None
19073,None
19074,None
19075,None
19076,Senior
19077,Disabled
19078,Senior
19079,Adult
19080,None
19081,None
19082,None
19083,None
19084,None
19085,None
19086,None
19087,None
19088,Adult
19089,None
19090,Senior
19091,None
19092,None
19093,None
19094,None
19095,None
19096,None
19097,Disabled
19098,None
19099,Senior
19100,None
19101,None
19102,None
19103,None
19104,None
19105,None
19106,None
19107,None
19108,None
19109,None
19110,Adult
19111,Adult
19112,Disabled
19113,Senior
19114,None
19115,Adult
19116,Adult
19117,None
19118,None
19119,None
19120,None
19121,Adult
19122,Senior
19123,None
19124,None
19125,Adult
19126,None
19127,None
19128,Senior
19129,Disabled
19130,Adult
19131,None
19132,None
19133,Senior
19134,Senior
19135,None
19136,Disabled
19137,None
19138,None
19139,Adult
19140,Adult
19141,None
19142,Disabled
19143,Adult
19144,None
19145,Adult
19146,None
19147,Adult
19148,Senior
19149,None
19150,None
19151,Senior
19152,None
19153,None
19154,None
19155,None
19156,None
19157,None
19158,None
19159,None
19160,None
19161,None
19162,Disabled
19163,None
19164,Adult
19165,None
19166,None
19167,None
19168,None
19169,Disabled
19170,None
19171,None
19172,Disabled
19173,None
19174,Adult
19175,None
19176,None
19177,None
19178,None
19179,Disabled
19180,None
19181,None
19182,None
19183,None
19184,Senior
19185,Disabled
19186,Disabled
19187,Disabled
19188,None
19189,Adult
19190,Disabled
19191,Senior
19192,None
19193,None
19194,None
19195,None
19196,None
19197,Disabled
19198,Disabled
19199,None
19200,None
19201,None
19202,None
19203,Adult
19204,None
19205,None
19206,None
19207,None
19208,Senior
19209,None
19210,None
19211,None
19212,None
19213,None
19214,None
19215,Senior
19216,Senior
19217,Senior
19218,Senior
19219,None
19220,Disabled
19221,Disabled
19222,None
19223,Disabled
19224,None
19225,None
19226,None
19227,None
19228,None
19229,None
19230,Adult
19231,Adult
19232,None
19233,None
19234,None
19235,None
19236,None
19237,None
19238,None
19239,Disabled
19240,None
19241,None
19242,None
19243,None
19244,None
19245,None
19246,Adult
19247,None
19248,None
19249,None
19250,None
19251,None
19252,None
19253,Disabled
19254,None
19255,None
19256,None
19257,None
19258,Disabled
19259,Senior
19260,None
19261,Senior
19262,Senior
19263,Senior
19264,None
19265,Senior
19266,None
19267,None
19268,None
19269,None
19270,None
19271,None
19272,None
19273,None
19274,None
19275,None
19276,None
19277,None
19278,None
19279,Adult
19280,None
19281,None
19282,None
19283,None
19284,None
19285,None
19286,None
19287,None
19288,None
19289,Disabled
19290,None
19291,None
19292,None
19293,None
19294,Adult
19295,None
19296,None
19297,None
19298,None
19299,Adult
19300,Adult
19301,Adult
19302,Adult
19303,None
19304,None
19305,Adult
19306,Adult
19307,Disabled
19308,Disabled
19309,Senior
19310,None
19311,None
19312,Disabled
19313,None
19314,None
19315,None
19316,Adult
19317,None
19318,None
19319,Adult
19320,Adult
19321,Adult
19322,Adult
19323,None
19324,None
19325,Disabled
19326,None
19327,Senior
19328,None
19329,None
19330,None
19331,None
19332,None
19333,Disabled
19334,Disabled
19335,None
19336,Senior
19337,None
19338,Adult
19339,Senior
19340,Adult
19341,Senior
19342,None
19343,Adult
19344,Adult
19345,Senior
19346,Adult
19347,None
19348,None
19349,None
19350,None
19351,None
19352,None
19353,None
19354,None
19355,None
19356,Senior
19357,Disabled
19358,None
19359,None
19360,None
19361,None
19362,None
19363,Adult
19364,None
19365,None
19366,None
19367,None
19368,Disabled
19369,None
19370,Disabled
19371,Adult
19372,Adult
19373,Adult
19374,Adult
19375,Disabled
19376,Disabled
19377,None
19378,None
19379,Senior
19380,None
19381,Disabled
19382,Senior
19383,None
19384,Disabled
19385,Adult
19386,Adult
19387,Adult
19388,Disabled
19389,None
19390,Adult
19391,None
19392,Adult
19393,None
19394,Adult
19395,Adult
19396,Senior
19397,None
19398,None
19399,None
19400,None
19401,Disabled
19402,None
19403,Adult
19404,Senior
19405,None
19406,Disabled
19407,None
19408,None
19409,None
19410,None
19411,Adult
19412,None
19413,None
19414,None
19415,None
19416,Adult
19417,None
19418,None
19419,None
19420,None
19421,None
19422,None
19423,None
19424,None
19425,Adult
19426,None
19427,Adult
19428,None
19429,None
19430,None
19431,Adult
19432,Adult
19433,None
19434,Adult
19435,None
19436,None
19437,None
19438,None
19439,None
19440,None
19441,None
19442,None
19443,None
19444,None
19445,None
19446,None
19447,Disabled
19448,Adult
19449,Senior
19450,None
19451,Adult
19452,Adult
19453,Disabled
19454,Disabled
19455,Disabled
19456,None
19457,None
19458,None
19459,None
19460,None
19461,None
19462,None
19463,Disabled
19464,None
19465,Adult
19466,None
19467,None
19468,None
19469,Senior
19470,Senior
19471,None
19472,Senior
19473,Senior
19474,Disabled
19475,None
19476,Disabled
19477,None
19478,None
19479,None
19480,None
19481,None
19482,None
19483,None
19484,Adult
19485,None
19486,Adult
19487,None
19488,Disabled
19489,None
19490,None
19491,None
19492,None
19493,Adult
19494,Adult
19495,None
19496,None
19497,None
19498,None
19499,None
19500,None
19501,None
19502,None
19503,Adult
19504,None
19505,None
19506,None
19507,None
19508,None
19509,Adult
19510,Adult
19511,None
19512,None
19513,None
19514,Disabled
19515,None
19516,None
19517,Disabled
19518,Disabled
19519,Senior
19520,None
19521,None
19522,Disabled
19523,None
19524,None
19525,None
19526,Disabled
19527,None
19528,None
19529,None
19530,None
19531,None
19532,None
19533,None
19534,None
19535,None
19536,None
19537,Disabled
19538,None
19539,None
19540,None
19541,Disabled
19542,Adult
19543,None
19544,None
19545,Adult
19546,None
19547,None
19548,None
19549,None
19550,None
19551,None
19552,None
19553,None
19554,None
19555,None
19556,None
19557,None
19558,None
19559,None
19560,Adult
19561,None
19562,None
19563,Adult
19564,Adult
19565,None
19566,None
19567,Disabled
19568,None
19569,None
19570,Senior
19571,Senior
19572,Adult
19573,Adult
19574,None
19575,Senior
19576,Senior
19577,None
19578,None
19579,None
19580,Adult
19581,None
19582,None
19583,None
19584,None
19585,None
19586,Disabled
19587,None
19588,None
19589,Disabled
19590,Senior
19591,Adult
19592,Adult
19593,Adult
19594,Adult
19595,Senior
19596,Adult
19597,Adult
19598,Senior
19599,Adult
19600,Adult
19601,None
19602,None
19603,Adult
19604,None
19605,None
19606,None
19607,None
19608,None
19609,None
19610,None
19611,None
19612,None
19613,None
19614,Adult
19615,Senior
19616,None
19617,None
19618,None
19619,None
19620,None
19621,Adult
19622,Adult
19623,None
19624,Adult
19625,None
19626,None
19627,None
19628,None
19629,None
19630,None
19631,None
19632,None
19633,None
19634,Adult
19635,Adult
19636,None
19637,None
19638,Senior
19639,None
19640,None
19641,None
19642,Disabled
19643,None
19644,None
19645,Senior
19646,Senior
19647,Disabled
19648,None
19649,Disabled
19650,Disabled
19651,Adult
19652,Adult
19653,None
19654,Senior
19655,Adult
19656,Senior
19657,Senior
19658,None
19659,None
19660,Disabled
19661,None
19662,Adult
19663,None
19664,None
19665,None
19666,None
19667,Senior
19668,Senior
19669,Senior
19670,Adult
19671,Senior
19672,Adult
19673,None
19674,Senior
19675,Adult
19676,Adult
19677,None
19678,None
19679,None
19680,None
19681,None
19682,None
19683,None
19684,None
19685,None
19686,None
19687,None
19688,None
19689,None
19690,None
19691,None
19692,None
19693,None
19694,None
19695,Adult
19696,None
19697,Adult
19698,Adult
19699,Adult
19700,None
19701,None
19702,None
19703,Adult
19704,None
19705,None
19706,None
19707,None
19708,None
19709,None
19710,None
19711,None
19712,Adult
19713,None
19714,None
19715,None
19716,None
19717,None
19718,None
19719,None
19720,None
19721,Adult
19722,Adult
19723,None
19724,None
19725,Adult
19726,None
19727,None
19728,None
19729,None
19730,None
19731,Adult
19732,Disabled
19733,None
19734,None
19735,None
19736,Disabled
19737,None
19738,None
19739,None
19740,Adult
19741,None
19742,Disabled
19743,Senior
19744,Senior
19745,Senior
19746,Disabled
19747,Adult
19748,None
19749,None
19750,Disabled
19751,None
19752,Adult
19753,None
19754,None
19755,None
19756,None
19757,Adult
19758,Adult
19759,None
19760,None
19761,Senior
19762,None
19763,None
19764,None
19765,Senior
19766,None
19767,None
19768,None
19769,None
19770,None
19771,None
19772,None
19773,None
19774,None
19775,None
19776,None
19777,None
19778,None
19779,Disabled
19780,None
19781,None
19782,None
19783,None
19784,None
19785,None
19786,None
19787,Disabled
19788,Adult
19789,Senior
19790,None
19791,None
19792,Disabled
19793,None
19794,None
19795,Disabled
19796,Adult
19797,Disabled
19798,None
19799,None
19800,Adult
19801,None
19802,None
19803,None
19804,None
19805,None
19806,None
19807,None
19808,None
19809,None
19810,Senior
19811,None
19812,None
19813,None
19814,Disabled
19815,None
19816,None
19817,None
19818,None
19819,None
19820,Disabled
19821,Adult
19822,None
19823,None
19824,None
19825,None
19826,None
19827,None
19828,Adult
19829,Adult
19830,Adult
19831,None
19832,Disabled
19833,None
19834,None
19835,None
19836,None
19837,None
19838,Adult
19839,None
19840,None
19841,None
19842,None
19843,Adult
19844,None
19845,None
19846,None
19847,Disabled
19848,None
19849,Adult
19850,None
19851,Disabled
19852,Adult
19853,Senior
19854,Adult
19855,Senior
19856,Adult
19857,None
19858,None
19859,None
19860,None
19861,None
19862,None
19863,Adult
19864,Adult
19865,Adult
19866,None
19867,None
19868,None
19869,None
19870,None
19871,Adult
19872,Adult
19873,None
19874,Senior
19875,None
19876,Adult
19877,None
19878,None
19879,None
19880,None
19881,None
19882,Disabled
19883,Adult
19884,Disabled
19885,Disabled
19886,Disabled
19887,None
19888,Disabled
19889,Adult
19890,Adult
19891,None
19892,Adult
19893,Adult
19894,Adult
19895,Senior
19896,None
19897,None
19898,None
19899,Senior
19900,Senior
19901,Adult
19902,Senior
19903,Adult
19904,Adult
19905,None
19906,None
19907,None
19908,None
19909,None
19910,Adult
19911,None
19912,None
19913,None
19914,None
19915,None
19916,None
19917,None
19918,Disabled
19919,None
19920,None
19921,None
19922,None
19923,None
19924,None
19925,None
19926,None
19927,Adult
19928,None
19929,None
19930,Adult
19931,None
19932,Adult
19933,None
19934,None
19935,Adult
19936,Adult
19937,None
19938,None
19939,None
19940,Adult
19941,None
19942,None
19943,None
19944,None
19945,None
19946,None
19947,None
19948,None
19949,Adult
19950,None
19951,None
19952,Adult
19953,Adult
19954,None
19955,None
19956,None
19957,None
19958,None
19959,Adult
19960,None
19961,None
19962,Disabled
19963,None
19964,Adult
19965,None
19966,Disabled
19967,Senior
19968,Senior
19969,Senior
19970,Senior
19971,Adult
19972,Disabled
19973,Disabled
19974,Disabled
19975,Disabled
19976,None
19977,Disabled
19978,None
19979,Senior
19980,None
19981,None
19982,None
19983,None
19984,None
19985,None
19986,None
19987,None
19988,None
19989,None
19990,None
19991,None
19992,None
19993,None
19994,Disabled
19995,None
19996,None
19997,None
19998,None
19999,Adult
20000,None
20001,None
20002,None
20003,None
20004,None
20005,None
20006,None
20007,None
20008,Senior
20009,None
20010,Adult
20011,None
20012,Senior
20013,Disabled
20014,Adult
20015,Senior
20016,None
20017,Adult
20018,None
20019,Disabled
20020,None
20021,None
20022,None
20023,None
20024,None
20025,None
20026,None
20027,None
20028,None
20029,None
20030,None
20031,None
20032,None
20033,Senior
20034,None
20035,Disabled
20036,None
20037,None
20038,None
20039,None
20040,None
20041,None
20042,Adult
20043,None
20044,None
20045,Disabled
20046,None
20047,None
20048,None
20049,Adult
20050,Senior
20051,None
20052,Adult
20053,Adult
20054,Adult
20055,Senior
20056,None
20057,Disabled
20058,None
20059,None
20060,None
20061,Adult
20062,None
20063,Adult
20064,None
20065,None
20066,None
20067,None
20068,Adult
20069,None
20070,None
20071,None
20072,None
20073,Disabled
20074,Senior
20075,None
20076,None
20077,None
20078,None
20079,Adult
20080,None
20081,Disabled
20082,None
20083,Disabled
20084,Disabled
20085,Disabled
20086,Adult
20087,None
20088,Disabled
20089,Adult
20090,Adult
20091,Adult
20092,Adult
20093,Adult
20094,None
20095,Senior
20096,Adult
20097,Adult
20098,None
20099,Senior
20100,Adult
20101,Senior
20102,None
20103,None
20104,None
20105,None
20106,None
20107,None
20108,None
20109,Adult
20110,None
20111,None
20112,None
20113,None
20114,Adult
20115,None
20116,None
20117,Disabled
20118,None
20119,None
20120,Adult
20121,Adult
20122,Adult
20123,Disabled
20124,Senior
20125,None
20126,None
20127,None
20128,None
20129,None
20130,None
20131,None
20132,None
20133,None
20134,Senior
20135,Disabled
20136,Adult
20137,Adult
20138,Adult
20139,None
20140,Adult
20141,Senior
20142,None
20143,Senior
20144,Senior
20145,Senior
20146,None
20147,None
20148,None
20149,None
20150,Adult
20151,Disabled
20152,None
20153,Adult
20154,Adult
20155,Adult
20156,Senior
20157,Senior
20158,Senior
20159,Senior
20160,Senior
20161,Adult
20162,Adult
20163,Senior
20164,None
20165,None
20166,None
20167,None
20168,Adult
20169,Senior
20170,None
20171,None
20172,Disabled
20173,Senior
20174,Senior
20175,None
20176,None
20177,None
20178,None
20179,None
20180,None
20181,Senior
20182,Senior
20183,Adult
20184,None
20185,Adult
20186,None
20187,None
20188,None
20189,None
20190,None
20191,None
20192,None
20193,Adult
20194,None
20195,None
20196,Disabled
20197,None
20198,None
20199,None
20200,None
20201,None
20202,None
20203,None
20204,None
20205,None
20206,None
20207,None
20208,Adult
20209,Disabled
20210,Senior
20211,Adult
20212,Adult
20213,None
20214,None
20215,None
20216,Adult
20217,None
20218,None
20219,None
20220,None
20221,Disabled
20222,None
20223,None
20224,None
20225,None
20226,None
20227,Adult
20228,None
20229,None
20230,Adult
20231,None
20232,Disabled
20233,Adult
20234,None
20235,None
20236,Senior
20237,Senior
20238,None
20239,Senior
20240,None
20241,None
20242,Disabled
20243,None
20244,None
20245,Disabled
20246,None
20247,Adult
20248,Disabled
20249,Adult
20250,None
20251,None
20252,None
20253,None
20254,Disabled
20255,Senior
20256,None
20257,None
20258,None
20259,None
20260,None
20261,None
20262,None
20263,None
20264,None
20265,None
20266,None
20267,None
20268,None
20269,None
20270,None
20271,None
20272,None
20273,None
20274,None
20275,None
20276,None
20277,None
20278,None
20279,None
20280,None
20281,None
20282,None
20283,None
20284,None
20285,Adult
20286,Disabled
20287,None
20288,Senior
20289,Senior
20290,None
20291,Senior
20292,Senior
20293,None
20294,Disabled
20295,None
20296,None
20297,None
20298,Senior
20299,None
20300,Senior
20301,None
20302,Disabled
20303,Adult
20304,None
20305,None
20306,None
20307,None
20308,Adult
20309,None
20310,None
20311,None
20312,None
20313,None
20314,None
20315,None
20316,None
20317,None
20318,None
20319,None
20320,None
20321,None
20322,None
20323,Adult
20324,None
20325,Disabled
20326,None
20327,None
20328,None
20329,Adult
20330,None
20331,None
20332,Adult
20333,None
20334,None
20335,Adult
20336,Disabled
20337,None
20338,Senior
20339,None
20340,Senior
20341,Adult
20342,Senior
20343,Senior
20344,Senior
20345,None
20346,None
20347,None
20348,None
20349,None
20350,None
20351,Disabled
20352,None
20353,None
20354,None
20355,Disabled
20356,None
20357,None
20358,None
20359,None
20360,None
20361,None
20362,Disabled
20363,Disabled
20364,None
20365,Disabled
20366,None
20367,None
20368,Adult
20369,Disabled
20370,None
20371,Disabled
20372,Senior
20373,Adult
20374,Adult
20375,Disabled
20376,None
20377,Adult
20378,Senior
20379,Adult
20380,Adult
20381,Adult
20382,None
20383,Adult
20384,Adult
20385,Senior
20386,None
20387,None
20388,None
20389,None
20390,None
20391,None
20392,None
20393,None
20394,None
20395,None
20396,None
20397,None
20398,None
20399,None
20400,None
20401,Adult
20402,None
20403,None
20404,Adult
20405,Adult
20406,None
20407,Adult
20408,None
20409,None
20410,None
20411,None
20412,Senior
20413,None
20414,None
20415,Adult
20416,Adult
20417,Adult
20418,Disabled
20419,Senior
20420,None
20421,None
20422,Adult
20423,Adult
20424,Adult
20425,Adult
20426,Senior
20427,Senior
20428,Senior
20429,None
20430,None
20431,None
20432,None
20433,None
20434,None
20435,Adult
20436,None
20437,Senior
20438,None
20439,Senior
20440,Senior
20441,Disabled
20442,Adult
20443,None
20444,None
20445,Adult
20446,None
20447,None
20448,None
20449,None
20450,None
20451,None
20452,None
20453,Senior
20454,None
20455,Adult
20456,None
20457,None
20458,None
20459,None
20460,None
20461,None
20462,None
20463,None
20464,None
20465,None
20466,None
20467,None
20468,None
20469,None
20470,None
20471,None
20472,None
20473,None
20474,Adult
20475,Senior
20476,Adult
20477,None
20478,None
20479,None
20480,None
20481,None
20482,None
20483,None
20484,None
20485,None
20486,None
20487,Adult
20488,None
20489,None
20490,None
20491,None
20492,None
20493,Disabled
20494,None
20495,None
20496,Disabled
20497,None
20498,Adult
20499,None
20500,None
20501,None
20502,None
20503,None
20504,None
20505,Adult
20506,None
20507,Adult
20508,Disabled
20509,None
20510,None
20511,None
20512,None
20513,None
20514,Senior
20515,None
20516,Senior
20517,Senior
20518,Senior
20519,None
20520,None
20521,None
20522,Adult
20523,Senior
20524,Senior
20525,Disabled
20526,Disabled
20527,None
20528,None
20529,None
20530,None
20531,None
20532,Disabled
20533,None
20534,None
20535,None
20536,None
20537,None
20538,None
20539,None
20540,None
20541,None
20542,Adult
20543,Adult
20544,Adult
20545,None
20546,Senior
20547,None
20548,Senior
20549,Disabled
20550,None
20551,Disabled
20552,None
20553,Disabled
20554,Disabled
20555,Disabled
20556,None
20557,None
20558,None
20559,None
20560,None
20561,None
20562,None
20563,None
20564,None
20565,None
20566,None
20567,None
20568,Disabled
20569,Disabled
20570,None
20571,None
20572,Senior
20573,None
20574,None
20575,None
20576,None
20577,Senior
20578,None
20579,None
20580,Disabled
20581,Disabled
20582,None
20583,None
20584,None
20585,None
20586,None
20587,None
20588,Adult
20589,None
20590,None
20591,None
20592,Adult
20593,None
20594,Senior
20595,Senior
20596,Senior
20597,None
20598,None
20599,None
20600,Disabled
20601,Adult
20602,Senior
20603,Disabled
20604,None
20605,None
20606,None
20607,Senior
20608,None
20609,None
20610,None
20611,None
20612,Disabled
20613,Disabled
20614,Adult
20615,None
20616,None
20617,Adult
20618,Adult
20619,Adult
20620,None
20621,Disabled
20622,Adult
20623,Adult
20624,None
20625,None
20626,None
20627,Senior
20628,Adult
20629,None
20630,None
20631,Adult
20632,None
20633,None
20634,Adult
20635,None
20636,None
20637,Disabled
20638,Adult
20639,Disabled
20640,None
20641,None
20642,Adult
20643,Adult
20644,None
20645,None
20646,Adult
20647,Senior
20648,Senior
20649,None
20650,None
20651,None
20652,Disabled
20653,Disabled
20654,None
20655,None
20656,None
20657,Disabled
20658,None
20659,None
20660,None
20661,None
20662,None
20663,Disabled
20664,None
20665,None
20666,None
20667,None
20668,Adult
20669,Disabled
20670,Adult
20671,Disabled
20672,Adult
20673,None
20674,Disabled
20675,None
20676,Adult
20677,Adult
20678,Adult
20679,Adult
20680,Adult
20681,Adult
20682,Adult
20683,Adult
20684,Senior
20685,Adult
20686,Senior
20687,None
20688,None
20689,None
20690,None
20691,None
20692,None
20693,None
20694,Disabled
20695,None
20696,None
20697,None
20698,None
20699,None
20700,Adult
20701,Senior
20702,None
20703,None
20704,None
20705,Adult
20706,None
20707,None
20708,Adult
20709,None
20710,None
20711,None
20712,None
20713,None
20714,None
20715,None
20716,None
20717,None
20718,None
20719,None
20720,None
20721,None
20722,None
20723,None
20724,None
20725,None
20726,None
20727,None
20728,None
20729,Adult
20730,Adult
20731,None
20732,None
20733,None
20734,None
20735,None
20736,None
20737,Disabled
20738,None
20739,None
20740,None
20741,None
20742,None
20743,None
20744,Disabled
20745,None
20746,None
20747,None
20748,None
20749,None
20750,None
20751,Disabled
20752,Disabled
20753,None
20754,None
20755,None
20756,Disabled
20757,None
20758,Disabled
20759,Disabled
20760,None
20761,Adult
20762,None
20763,None
20764,None
20765,Adult
20766,None
20767,Adult
20768,None
20769,Adult
20770,None
20771,None
20772,None
20773,None
20774,Adult
20775,None
20776,None
20777,None
20778,Disabled
20779,Adult
20780,Adult
20781,Senior
20782,None
20783,Senior
20784,Adult
20785,Adult
20786,None
20787,Senior
20788,Senior
20789,Senior
20790,Disabled
20791,Disabled
20792,Disabled
20793,None
20794,None
20795,None
20796,None
20797,None
20798,None
20799,None
20800,None
20801,Adult
20802,None
20803,None
20804,None
20805,None
20806,None
20807,None
20808,None
20809,Disabled
20810,None
20811,None
20812,None
20813,None
20814,None
20815,Adult
20816,None
20817,None
20818,None
20819,None
20820,None
20821,None
20822,None
20823,None
20824,None
20825,None
20826,Disabled
20827,None
20828,Disabled
20829,Senior
20830,Senior
20831,Senior
20832,Senior
20833,Senior
20834,Senior
20835,None
20836,None
20837,Disabled
20838,None
20839,None
20840,None
20841,None
20842,Disabled
20843,Adult
20844,Disabled
20845,Disabled
20846,None
20847,None
20848,None
20849,None
20850,None
20851,None
20852,None
20853,None
20854,None
20855,None
20856,None
20857,Adult
20858,None
20859,None
20860,None
20861,None
20862,None
20863,Disabled
20864,None
20865,None
20866,None
20867,None
20868,None
20869,Adult
20870,None
20871,Disabled
20872,Disabled
20873,None
20874,None
20875,None
20876,None
20877,None
20878,Adult
20879,None
20880,None
20881,Senior
20882,None
20883,None
20884,Disabled
20885,None
20886,None
20887,Adult
20888,Adult
20889,None
20890,None
20891,None
20892,None
20893,None
20894,None
20895,None
20896,None
20897,None
20898,Adult
20899,None
20900,None
20901,None
20902,None
20903,Disabled
20904,None
20905,Adult
20906,None
20907,None
20908,None
20909,Disabled
20910,Disabled
20911,Disabled
20912,Senior
20913,None
20914,Adult
20915,None
20916,Adult
20917,Disabled
20918,None
20919,Adult
20920,Adult
20921,Senior
20922,None
20923,Adult
20924,Senior
20925,Adult
20926,None
20927,Adult
20928,Adult
20929,None
20930,None
20931,Senior
20932,Senior
20933,Adult
20934,None
20935,Senior
20936,None
20937,None
20938,None
20939,None
20940,None
20941,None
20942,None
20943,Disabled
20944,None
20945,Senior
20946,None
20947,Adult
20948,None
20949,Adult
20950,None
20951,None
20952,None
20953,Adult
20954,Adult
20955,Adult
20956,None
20957,Adult
20958,None
20959,None
20960,None
20961,None
20962,None
20963,None
20964,Disabled
20965,None
20966,Adult
20967,Adult
20968,Adult
20969,None
20970,Senior
20971,Adult
20972,None
20973,None
20974,Adult
20975,Senior
20976,Senior
20977,None
20978,None
20979,None
20980,None
20981,None
20982,None
20983,None
20984,None
20985,None
20986,None
20987,None
20988,Senior
20989,Senior
20990,None
20991,None
20992,None
20993,None
20994,None
20995,None
20996,None
20997,None
20998,None
20999,None
21000,None
21001,None
21002,None
21003,None
21004,None
21005,None
21006,None
21007,None
21008,None
21009,None
21010,None
21011,None
21012,None
21013,None
21014,None
21015,None
21016,Adult
21017,None
21018,None
21019,None
21020,None
21021,None
21022,None
21023,None
21024,None
21025,None
21026,None
21027,None
21028,None
21029,None
21030,None
21031,Adult
21032,None
21033,None
21034,None
21035,None
21036,None
21037,None
21038,None
21039,Disabled
21040,Disabled
21041,Disabled
21042,None
21043,Adult
21044,None
21045,None
21046,Adult
21047,Disabled
21048,None
21049,None
21050,None
21051,None
21052,None
21053,Disabled
21054,None
21055,None
21056,None
21057,None
21058,None
21059,None
21060,Adult
21061,None
21062,Adult
21063,None
21064,Disabled
21065,None
21066,None
21067,Adult
21068,Senior
21069,Adult
21070,None
21071,Senior
21072,Senior
21073,None
21074,Senior
21075,None
21076,None
21077,Disabled
21078,Disabled
21079,Disabled
21080,Disabled
21081,Disabled
21082,None
21083,None
21084,None
21085,None
21086,Adult
21087,None
21088,None
21089,None
21090,None
21091,None
21092,None
21093,None
21094,None
21095,Adult
21096,None
21097,Adult
21098,None
21099,None
21100,None
21101,None
21102,None
21103,None
21104,Adult
21105,None
21106,Disabled
21107,Disabled
21108,None
21109,None
21110,None
21111,None
21112,None
21113,None
21114,Adult
21115,None
21116,None
21117,None
21118,None
21119,None
21120,Senior
21121,Adult
21122,Senior
21123,None
21124,None
21125,Adult
21126,Disabled
21127,Senior
21128,Senior
21129,None
21130,None
21131,None
21132,None
21133,Disabled
21134,Senior
21135,Adult
21136,Disabled
21137,None
21138,Disabled
21139,None
21140,None
21141,None
21142,None
21143,None
21144,None
21145,None
21146,None
21147,Adult
21148,None
21149,None
21150,None
21151,None
21152,Disabled
21153,None
21154,Senior
21155,None
21156,None
21157,None
21158,None
21159,None
21160,None
21161,None
21162,None
21163,None
21164,None
21165,Disabled
21166,None
21167,None
21168,None
21169,None
21170,Disabled
21171,None
21172,None
21173,None
21174,None
21175,None
21176,Adult
21177,None
21178,None
21179,Disabled
21180,None
21181,None
21182,Senior
21183,Adult
21184,Adult
21185,None
21186,None
21187,Adult
21188,Adult
21189,None
21190,Adult
21191,Adult
21192,Disabled
21193,Disabled
21194,None
21195,None
21196,None
21197,None
21198,None
21199,None
21200,None
21201,Adult
21202,None
21203,None
21204,None
21205,Disabled
21206,None
21207,None
21208,Senior
21209,Adult
21210,Disabled
21211,Senior
21212,None
21213,Adult
21214,None
21215,None
21216,Adult
21217,None
21218,Adult
21219,None
21220,None
21221,None
21222,None
21223,None
21224,None
21225,None
21226,Senior
21227,Senior
21228,None
21229,None
21230,Senior
21231,None
21232,Adult
21233,None
21234,None
21235,None
21236,None
21237,None
21238,None
21239,None
21240,Adult
21241,Adult
21242,Adult
21243,Disabled
21244,None
21245,Disabled
21246,Senior
21247,None
21248,None
21249,Senior
21250,None
21251,None
21252,None
21253,Adult
21254,None
21255,None
21256,Disabled
21257,None
21258,Adult
21259,None
21260,Adult
21261,None
21262,Adult
21263,Adult
21264,Adult
21265,Adult
21266,None
21267,Adult
21268,None
21269,None
21270,None
21271,None
21272,None
21273,Senior
21274,Senior
21275,None
21276,Adult
21277,None
21278,Senior
21279,Senior
21280,None
21281,Senior
21282,Senior
21283,Adult
21284,None
21285,None
21286,Adult
21287,None
21288,None
21289,None
21290,None
21291,None
21292,None
21293,None
21294,None
21295,None
21296,None
21297,None
21298,None
21299,None
21300,None
21301,None
21302,Senior
21303,None
21304,None
21305,None
21306,None
21307,Adult
21308,None
21309,Adult
21310,None
21311,Adult
21312,Adult
21313,None
21314,None
21315,None
21316,None
21317,Senior
21318,Senior
21319,None
21320,None
21321,None
21322,Adult
21323,Disabled
21324,None
21325,None
21326,None
21327,None
21328,None
21329,None
21330,None
21331,Adult
21332,Disabled
21333,None
21334,Disabled
21335,None
21336,Senior
21337,Adult
21338,None
21339,None
21340,Adult
21341,None
21342,Adult
21343,None
21344,None
21345,None
21346,None
21347,None
21348,Adult
21349,None
21350,None
21351,None
21352,None
21353,Senior
21354,None
21355,Adult
21356,None
21357,None
21358,Senior
21359,Senior
21360,Disabled
21361,Senior
21362,Disabled
21363,None
21364,None
21365,None
21366,None
21367,None
21368,Adult
21369,None
21370,Disabled
21371,Senior
21372,None
21373,None
21374,None
21375,None
21376,None
21377,None
21378,None
21379,None
21380,None
21381,Adult
21382,None
21383,Disabled
21384,None
21385,None
21386,Adult
21387,None
21388,None
21389,None
21390,None
21391,None
21392,None
21393,None
21394,None
21395,Adult
21396,None
21397,None
21398,None
21399,Senior
21400,None
21401,Adult
21402,Senior
21403,Senior
21404,None
21405,Disabled
21406,None
21407,None
21408,Disabled
21409,Disabled
21410,None
21411,None
21412,None
21413,None
21414,None
21415,None
21416,None
21417,None
21418,None
21419,None
21420,None
21421,Senior
21422,None
21423,None
21424,None
21425,None
21426,None
21427,None
21428,None
21429,None
21430,None
21431,None
21432,None
21433,None
21434,None
21435,None
21436,None
21437,None
21438,None
21439,None
21440,Adult
21441,None
21442,Disabled
21443,None
21444,None
21445,Adult
21446,None
21447,None
21448,Senior
21449,Adult
21450,None
21451,None
21452,None
21453,None
21454,None
21455,None
21456,None
21457,None
21458,Senior
21459,Adult
21460,None
21461,None
21462,None
21463,Disabled
21464,None
21465,None
21466,None
21467,None
21468,None
21469,Adult
21470,Adult
21471,Disabled
21472,Disabled
21473,None
21474,Adult
21475,None
21476,Adult
21477,Adult
21478,Adult
21479,None
21480,Senior
21481,Senior
21482,None
21483,None
21484,None
21485,None
21486,None
21487,None
21488,None
21489,None
21490,None
21491,None
21492,None
21493,None
21494,Adult
21495,None
21496,Senior
21497,None
21498,Adult
21499,Adult
21500,Disabled
21501,None
21502,None
21503,Adult
21504,None
21505,None
21506,None
21507,None
21508,Disabled
21509,None
21510,None
21511,None
21512,None
21513,Senior
21514,None
21515,None
21516,Adult
21517,Adult
21518,Adult
21519,Adult
21520,Adult
21521,Adult
21522,None
21523,Adult
21524,Adult
21525,Adult
21526,Senior
21527,None
21528,None
21529,None
21530,None
21531,None
21532,None
21533,None
21534,Adult
21535,None
21536,None
21537,Senior
21538,None
21539,None
21540,None
21541,Adult
21542,Senior
21543,None
21544,None
21545,None
21546,Senior
21547,Senior
21548,Senior
21549,None
21550,Disabled
21551,Adult
21552,None
21553,None
21554,None
21555,Senior
21556,None
21557,Adult
21558,None
21559,None
21560,Adult
21561,None
21562,None
21563,None
21564,None
21565,None
21566,Adult
21567,Adult
21568,Disabled
21569,None
21570,Adult
21571,None
21572,Adult
21573,None
21574,Adult
21575,Adult
21576,None
21577,None
21578,Disabled
21579,None
21580,Adult
21581,None
21582,None
21583,Disabled
21584,Disabled
21585,Disabled
21586,None
21587,Adult
21588,Disabled
21589,None
21590,None
21591,None
21592,Adult
21593,None
21594,None
21595,None
21596,None
21597,Adult
21598,None
21599,None
21600,None
21601,None
21602,Disabled
21603,None
21604,None
21605,Senior
21606,Disabled
21607,None
21608,Senior
21609,None
21610,Senior
21611,None
21612,None
21613,None
21614,None
21615,Disabled
21616,Adult
21617,None
21618,None
21619,None
21620,None
21621,None
21622,None
21623,Adult
21624,None
21625,Disabled
21626,None
21627,None
21628,None
21629,None
21630,None
21631,None
21632,Adult
21633,None
21634,None
21635,Disabled
21636,None
21637,None
21638,None
21639,None
21640,None
21641,None
21642,None
21643,None
21644,None
21645,None
21646,None
21647,Disabled
21648,Disabled
21649,None
21650,None
21651,None
21652,None
21653,Senior
21654,None
21655,Adult
21656,None
21657,None
21658,Disabled
21659,Disabled
21660,Disabled
21661,None
21662,None
21663,None
21664,None
21665,None
21666,None
21667,None
21668,None
21669,Adult
21670,None
21671,None
21672,None
21673,None
21674,None
21675,None
21676,None
21677,None
21678,None
21679,None
21680,None
21681,Senior
21682,None
21683,None
21684,None
21685,Adult
21686,Adult
21687,None
21688,None
21689,None
21690,None
21691,None
21692,None
21693,Senior
21694,Senior
21695,Adult
21696,Disabled
21697,None
21698,Adult
21699,None
21700,None
21701,None
21702,Adult
21703,None
21704,None
21705,None
21706,Adult
21707,Adult
21708,Disabled
21709,None
21710,Disabled
21711,Adult
21712,None
21713,Adult
21714,Adult
21715,Disabled
21716,Disabled
21717,Disabled
21718,None
21719,None
21720,None
21721,Senior
21722,None
21723,Senior
21724,Adult
21725,Adult
21726,None
21727,Adult
21728,None
21729,None
21730,None
21731,None
21732,None
21733,None
21734,None
21735,Adult
21736,Senior
21737,None
21738,None
21739,None
21740,None
21741,Disabled
21742,None
21743,None
21744,None
21745,None
21746,None
21747,Adult
21748,Disabled
21749,None
21750,None
21751,None
21752,None
21753,None
21754,None
21755,None
21756,Disabled
21757,None
21758,None
21759,Disabled
21760,Adult
21761,Adult
21762,Adult
21763,Disabled
21764,Adult
21765,Adult
21766,Adult
21767,None
21768,Adult
21769,None
21770,Senior
21771,None
21772,None
21773,Adult
21774,None
21775,None
21776,None
21777,Senior
21778,Senior
21779,None
21780,None
21781,None
21782,None
21783,None
21784,None
21785,Adult
21786,None
21787,None
21788,None
21789,None
21790,Senior
21791,None
21792,None
21793,None
21794,None
21795,Senior
21796,None
21797,None
21798,None
21799,None
21800,None
21801,None
21802,None
21803,None
21804,None
21805,None
21806,None
21807,None
21808,None
21809,None
21810,Adult
21811,None
21812,None
21813,None
21814,None
21815,None
21816,None
21817,Adult
21818,Adult
21819,None
21820,None
21821,None
21822,None
21823,None
21824,None
21825,Adult
21826,None
21827,Adult
21828,None
21829,None
21830,Senior
21831,Disabled
21832,None
21833,Disabled
21834,Adult
21835,None
21836,None
21837,None
21838,Adult
21839,None
21840,None
21841,None
21842,None
21843,None
21844,None
21845,Adult
21846,Adult
21847,None
21848,None
21849,None
21850,None
21851,None
21852,Disabled
21853,None
21854,None
21855,None
21856,None
21857,None
21858,Senior
21859,Senior
21860,Senior
21861,None
21862,Disabled
21863,None
21864,Adult
21865,None
21866,Disabled
21867,None
21868,None
21869,Senior
21870,None
21871,None
21872,None
21873,Adult
21874,Adult
21875,None
21876,None
21877,None
21878,None
21879,None
21880,None
21881,None
21882,None
21883,None
21884,None
21885,None
21886,None
21887,None
21888,None
21889,None
21890,None
21891,Disabled
21892,None
21893,None
21894,None
21895,None
21896,None
21897,None
21898,Disabled
21899,None
21900,None
21901,None
21902,None
21903,None
21904,None
21905,None
21906,Adult
21907,Adult
21908,Senior
21909,None
21910,None
21911,None
21912,None
21913,Adult
21914,Disabled
21915,Disabled
21916,None
21917,None
21918,Adult
21919,Adult
21920,None
21921,None
21922,None
21923,None
21924,Adult
21925,None
21926,None
21927,None
21928,None
21929,None
21930,None
21931,None
21932,None
21933,Senior
21934,None
21935,Adult
21936,Disabled
21937,None
21938,None
21939,None
21940,None
21941,None
21942,None
21943,None
21944,None
21945,None
21946,None
21947,Adult
21948,Adult
21949,None
21950,None
21951,Disabled
21952,None
21953,Adult
21954,Adult
21955,None
21956,Adult
21957,Adult
21958,Adult
21959,None
21960,None
21961,Senior
21962,Senior
21963,None
21964,Disabled
21965,None
21966,None
21967,None
21968,None
21969,None
21970,Adult
21971,None
21972,Disabled
21973,Senior
21974,None
21975,None
21976,None
21977,Adult
21978,None
21979,None
21980,None
21981,None
21982,None
21983,None
21984,None
21985,None
21986,None
21987,Disabled
21988,None
21989,None
21990,None
21991,None
21992,None
21993,Disabled
21994,Adult
21995,None
21996,Adult
21997,Senior
21998,Adult
21999,None
22000,Senior
22001,None
22002,None
22003,None
22004,None
22005,None
22006,None
22007,None
22008,None
22009,None
22010,None
22011,None
22012,None
22013,Adult
22014,Adult
22015,Disabled
22016,None
22017,None
22018,Senior
22019,Adult
22020,Senior
22021,None
22022,Disabled
22023,None
22024,Adult
22025,None
22026,None
22027,Adult
22028,None
22029,None
22030,Disabled
22031,Disabled
22032,None
22033,None
22034,Disabled
22035,None
22036,None
22037,None
22038,Disabled
22039,Senior
22040,None
22041,Adult
22042,Adult
22043,Adult
22044,Disabled
22045,None
22046,Adult
22047,Disabled
22048,Adult
22049,None
22050,None
22051,Adult
22052,Adult
22053,Adult
22054,Adult
22055,Senior
22056,Senior
22057,None
22058,None
22059,None
22060,None
22061,None
22062,Senior
22063,Adult
22064,Adult
22065,None
22066,None
22067,Senior
22068,None
22069,Senior
22070,Adult
22071,None
22072,None
22073,None
22074,None
22075,None
22076,Adult
22077,None
22078,None
22079,None
22080,None
22081,None
22082,None
22083,None
22084,None
22085,Senior
22086,None
22087,None
22088,None
22089,None
22090,Senior
22091,None
22092,None
22093,None
22094,None
22095,None
22096,None
22097,None
22098,Disabled
22099,None
22100,None
22101,Adult
22102,Adult
22103,None
22104,None
22105,None
22106,None
22107,None
22108,None
22109,Disabled
22110,None
22111,None
22112,Disabled
22113,None
22114,None
22115,None
22116,Adult
22117,Disabled
22118,None
22119,None
22120,None
22121,None
22122,None
22123,Disabled
22124,Disabled
22125,None
22126,Disabled
22127,Disabled
22128,None
22129,None
22130,Disabled
22131,None
22132,None
22133,None
22134,None
22135,None
22136,None
22137,Disabled
22138,None
22139,Disabled
22140,None
22141,None
22142,None
22143,None
22144,Adult
22145,None
22146,Adult
22147,Disabled
22148,None
22149,Disabled
22150,None
22151,Senior
22152,Senior
22153,Senior
22154,None
22155,Senior
22156,Senior
22157,None
22158,Disabled
22159,Disabled
22160,Disabled
22161,None
22162,None
22163,Disabled
22164,None
22165,Disabled
22166,None
22167,None
22168,None
22169,None
22170,None
22171,None
22172,None
22173,Adult
22174,None
22175,None
22176,Senior
22177,None
22178,None
22179,None
22180,None
22181,None
22182,None
22183,None
22184,None
22185,Adult
22186,None
22187,None
22188,Adult
22189,None
22190,None
22191,Adult
22192,None
22193,None
22194,None
22195,Adult
22196,None
22197,None
22198,Disabled
22199,None
22200,None
22201,Adult
22202,None
22203,None
22204,None
22205,None
22206,None
22207,None
22208,Senior
22209,Disabled
22210,Disabled
22211,Disabled
22212,Senior
22213,None
22214,None
22215,Senior
22216,Disabled
22217,Disabled
22218,None
22219,Disabled
22220,None
22221,None
22222,None
22223,None
22224,None
22225,Adult
22226,None
22227,None
22228,None
22229,None
22230,Adult
22231,None
22232,None
22233,None
22234,None
22235,None
22236,None
22237,None
22238,Disabled
22239,Senior
22240,None
22241,None
22242,None
22243,Disabled
22244,None
22245,Disabled
22246,None
22247,None
22248,None
22249,None
22250,None
22251,Adult
22252,None
22253,None
22254,None
22255,None
22256,None
22257,Adult
22258,None
22259,None
22260,None
22261,Disabled
22262,Adult
22263,None
22264,Senior
22265,None
22266,Adult
22267,None
22268,None
22269,None
22270,None
22271,None
22272,None
22273,None
22274,None
22275,None
22276,None
22277,None
22278,None
22279,None
22280,Disabled
22281,None
22282,Senior
22283,None
22284,None
22285,None
22286,None
22287,None
22288,Disabled
22289,Disabled
22290,None
22291,Disabled
22292,Disabled
22293,Disabled
22294,Disabled
22295,Adult
22296,Adult
22297,Senior
22298,Adult
22299,None
22300,Adult
22301,Adult
22302,None
22303,None
22304,None
22305,Adult
22306,None
22307,None
22308,None
22309,None
22310,None
22311,None
22312,Disabled
22313,None
22314,None
22315,Senior
22316,Adult
22317,None
22318,None
22319,None
22320,None
22321,None
22322,Disabled
22323,Adult
22324,None
22325,None
22326,None
22327,None
22328,None
22329,None
22330,None
22331,None
22332,None
22333,Senior
22334,None
22335,None
22336,None
22337,None
22338,None
22339,None
22340,Senior
22341,None
22342,None
22343,Adult
22344,None
22345,None
22346,Senior
22347,Adult
22348,Disabled
22349,Adult
22350,None
22351,Adult
22352,Adult
22353,Adult
22354,Senior
22355,Senior
22356,None
22357,None
22358,None
22359,Adult
22360,None
22361,None
22362,None
22363,None
22364,None
22365,None
22366,None
22367,Senior
22368,None
22369,None
22370,Adult
22371,None
22372,None
22373,None
22374,None
22375,None
22376,None
22377,None
22378,None
22379,Adult
22380,None
22381,None
22382,None
22383,Senior
22384,None
22385,None
22386,None
22387,None
22388,None
22389,None
22390,None
22391,None
22392,None
22393,Adult
22394,None
22395,None
22396,None
22397,None
22398,Adult
22399,None
22400,None
22401,None
22402,None
22403,None
22404,None
22405,Adult
22406,Disabled
22407,None
22408,None
22409,None
22410,None
22411,Adult
22412,None
22413,Adult
22414,Adult
22415,None
22416,Disabled
22417,Adult
22418,None
22419,Disabled
22420,None
22421,None
22422,None
22423,None
22424,None
22425,None
22426,None
22427,None
22428,None
22429,Disabled
22430,None
22431,None
22432,None
22433,Adult
22434,Adult
22435,Adult
22436,None
22437,None
22438,None
22439,None
22440,Adult
22441,None
22442,None
22443,None
22444,Adult
22445,None
22446,Adult
22447,None
22448,None
22449,None
22450,None
22451,None
22452,None
22453,None
22454,None
22455,Senior
22456,None
22457,Senior
22458,Senior
22459,Adult
22460,None
22461,None
22462,Disabled
22463,None
22464,None
22465,None
22466,Disabled
22467,None
22468,None
22469,None
22470,None
22471,None
22472,Adult
22473,None
22474,None
22475,None
22476,None
22477,None
22478,None
22479,None
22480,None
22481,Disabled
22482,None
22483,None
22484,None
22485,Disabled
22486,None
22487,Disabled
22488,None
22489,None
22490,Adult
22491,None
22492,None
22493,Adult
22494,Adult
22495,Adult
22496,Senior
22497,Senior
22498,Senior
22499,Senior
22500,Senior
22501,None
22502,Disabled
22503,None
22504,None
22505,None
22506,None
22507,None
22508,None
22509,None
22510,None
22511,None
22512,None
22513,Adult
22514,None
22515,None
22516,None
22517,None
22518,None
22519,None
22520,None
22521,None
22522,None
22523,None
22524,None
22525,Disabled
22526,Disabled
22527,None
22528,None
22529,None
22530,None
22531,None
22532,None
22533,None
22534,Adult
22535,None
22536,Senior
22537,None
22538,Adult
22539,Senior
22540,None
22541,None
22542,None
22543,None
22544,None
22545,None
22546,None
22547,Adult
22548,Adult
22549,Adult
22550,Adult
22551,None
22552,None
22553,Disabled
22554,Adult
22555,Adult
22556,Adult
22557,None
22558,None
22559,None
22560,None
22561,None
22562,None
22563,Adult
22564,Adult
22565,Adult
22566,Disabled
22567,Disabled
22568,Disabled
22569,Disabled
22570,Adult
22571,Adult
22572,Senior
22573,None
22574,Adult
22575,Disabled
22576,Senior
22577,Adult
22578,Adult
22579,None
22580,None
22581,Adult
22582,None
22583,Senior
22584,None
22585,Adult
22586,Adult
22587,Adult
22588,Senior
22589,None
22590,None
22591,None
22592,None
22593,None
22594,None
22595,None
22596,Senior
22597,None
22598,None
22599,Adult
22600,None
22601,Senior
22602,None
22603,None
22604,None
22605,Disabled
22606,None
22607,Adult
22608,Adult
22609,Disabled
22610,Senior
22611,None
22612,Adult
22613,None
22614,None
22615,None
22616,Disabled
22617,None
22618,None
22619,Disabled
22620,None
22621,Adult
22622,Senior
22623,None
22624,Senior
22625,None
22626,None
22627,None
22628,None
22629,None
22630,Disabled
22631,None
22632,None
22633,Adult
22634,Senior
22635,Adult
22636,None
22637,Senior
22638,None
22639,None
22640,Adult
22641,None
22642,None
22643,None
22644,None
22645,None
22646,None
22647,None
22648,None
22649,None
22650,None
22651,Adult
22652,Senior
22653,None
22654,None
22655,None
22656,None
22657,Disabled
22658,Adult
22659,Adult
22660,None
22661,Adult
22662,None
22663,None
22664,None
22665,None
22666,None
22667,Adult
22668,Disabled
22669,None
22670,None
22671,None
22672,None
22673,None
22674,None
22675,None
22676,Disabled
22677,Disabled
22678,Adult
22679,None
22680,Senior
22681,Adult
22682,Adult
22683,None
22684,None
22685,None
22686,None
22687,None
22688,None
22689,None
22690,None
22691,None
22692,None
22693,None
22694,Senior
22695,Senior
22696,Senior
22697,Senior
22698,None
22699,Disabled
22700,None
22701,Disabled
22702,Disabled
22703,None
22704,None
22705,Senior
22706,None
22707,Disabled
22708,None
22709,Adult
22710,Disabled
22711,None
22712,None
22713,None
22714,None
22715,None
22716,None
22717,Adult
22718,Adult
22719,None
22720,None
22721,None
22722,None
22723,None
22724,None
22725,None
22726,None
22727,None
22728,None
22729,Disabled
22730,None
22731,None
22732,Adult
22733,None
22734,None
22735,None
22736,None
22737,Adult
22738,None
22739,Disabled
22740,Adult
22741,Disabled
22742,Adult
22743,Adult
22744,None
22745,Adult
22746,None
22747,None
22748,None
22749,None
22750,None
22751,None
22752,Disabled
22753,None
22754,None
22755,None
22756,None
22757,None
22758,Adult
22759,None
22760,None
22761,None
22762,None
22763,None
22764,None
22765,None
22766,None
22767,Adult
22768,None
22769,Senior
22770,None
22771,None
22772,None
22773,Senior
22774,Adult
22775,None
22776,None
22777,None
22778,None
22779,None
22780,None
22781,None
22782,None
22783,None
22784,Adult
22785,Senior
22786,None
22787,Disabled
22788,None
22789,None
22790,None
22791,None
22792,None
22793,Adult
22794,None
22795,None
22796,Disabled
22797,None
22798,None
22799,None
22800,None
22801,None
22802,None
22803,None
22804,None
22805,None
22806,None
22807,Adult
22808,Disabled
22809,Senior
22810,None
22811,Disabled
22812,Disabled
22813,None
22814,Disabled
22815,Disabled
22816,Disabled
22817,Adult
22818,None
22819,None
22820,Disabled
22821,Senior
22822,Adult
22823,None
22824,None
22825,None
22826,Senior
22827,None
22828,Senior
22829,None
22830,Adult
22831,None
22832,None
22833,None
22834,Adult
22835,None
22836,None
22837,None
22838,None
22839,None
22840,Disabled
22841,None
22842,None
22843,Disabled
22844,None
22845,None
22846,None
22847,None
22848,Adult
22849,None
22850,None
22851,None
22852,None
22853,Adult
22854,None
22855,None
22856,Senior
22857,Senior
22858,Senior
22859,None
22860,Adult
22861,Adult
22862,Senior
22863,Senior
22864,None
22865,None
22866,None
22867,None
22868,None
22869,Disabled
22870,Adult
22871,None
22872,None
22873,None
22874,None
22875,Senior
22876,None
22877,None
22878,Disabled
22879,None
22880,Disabled
22881,Adult
22882,None
22883,Adult
22884,None
22885,Adult
22886,Adult
22887,Senior
22888,Adult
22889,None
22890,Adult
22891,Adult
22892,None
22893,Disabled
22894,None
22895,None
22896,None
22897,None
22898,None
22899,Senior
22900,Senior
22901,None
22902,None
22903,Adult
22904,Senior
22905,None
22906,Adult
22907,Adult
22908,Adult
22909,Adult
22910,None
22911,None
22912,None
22913,None
22914,None
22915,None
22916,None
22917,None
22918,None
22919,None
22920,None
22921,None
22922,None
22923,None
22924,Adult
22925,Adult
22926,Adult
22927,None
22928,Adult
22929,None
22930,None
22931,None
22932,None
22933,None
22934,None
22935,Disabled
22936,None
22937,Adult
22938,Disabled
22939,Disabled
22940,None
22941,None
22942,None
22943,None
22944,None
22945,None
22946,Disabled
22947,Disabled
22948,None
22949,Senior
22950,Senior
22951,Senior
22952,Senior
22953,Disabled
22954,None
22955,None
22956,Disabled
22957,None
22958,None
22959,None
22960,Adult
22961,Adult
22962,Adult
22963,None
22964,Disabled
22965,None
22966,None
22967,None
22968,None
22969,None
22970,None
22971,None
22972,None
22973,None
22974,Senior
22975,Senior
22976,Disabled
22977,Disabled
22978,Adult
22979,None
22980,None
22981,Adult
22982,None
22983,None
22984,None
22985,Adult
22986,None
22987,None
22988,None
22989,None
22990,Senior
22991,Adult
22992,Adult
22993,None
22994,None
22995,None
22996,None
22997,None
22998,None
22999,None
23000,Adult
23001,None
23002,None
23003,Adult
23004,None
23005,None
23006,None
23007,None
23008,None
23009,None
23010,None
23011,None
23012,None
23013,None
23014,Adult
23015,None
23016,None
23017,Adult
23018,Adult
23019,Adult
23020,None
23021,Disabled
23022,Disabled
23023,Senior
23024,None
23025,Senior
23026,None
23027,Disabled
23028,Disabled
23029,None
23030,None
23031,None
23032,Disabled
23033,Disabled
23034,None
23035,None
23036,Adult
23037,None
23038,None
23039,None
23040,None
23041,None
23042,None
23043,None
23044,None
23045,Disabled
23046,None
23047,Adult
23048,None
23049,None
23050,None
23051,None
23052,None
23053,None
23054,None
23055,None
23056,None
23057,None
23058,None
23059,None
23060,None
23061,None
23062,Adult
23063,None
23064,None
23065,None
23066,Adult
23067,Disabled
23068,Senior
23069,None
23070,Adult
23071,None
23072,None
23073,None
23074,None
23075,Senior
23076,None
23077,None
23078,Senior
23079,None
23080,None
23081,Adult
23082,Adult
23083,None
23084,Adult
23085,None
23086,Disabled
23087,Adult
23088,Senior
23089,None
23090,None
23091,Adult
23092,Disabled
23093,None
23094,Adult
23095,Adult
23096,Adult
23097,None
23098,None
23099,Adult
23100,Adult
23101,Senior
23102,None
23103,Adult
23104,None
23105,None
23106,None
23107,None
23108,None
23109,None
23110,None
23111,None
23112,None
23113,None
23114,Senior
23115,None
23116,None
23117,Disabled
23118,None
23119,None
23120,Adult
23121,Disabled
23122,None
23123,None
23124,None
23125,None
23126,Disabled
23127,None
23128,Adult
23129,None
23130,None
23131,Senior
23132,Adult
23133,None
23134,None
23135,None
23136,Disabled
23137,Disabled
23138,Adult
23139,None
23140,None
23141,Adult
23142,Adult
23143,None
23144,Adult
23145,Adult
23146,Senior
23147,Senior
23148,None
23149,Adult
23150,None
23151,None
23152,None
23153,None
23154,Adult
23155,None
23156,None
23157,None
23158,None
23159,None
23160,None
23161,None
23162,None
23163,None
23164,None
23165,None
23166,None
23167,None
23168,Adult
23169,None
23170,None
23171,None
23172,None
23173,None
23174,Adult
23175,None
23176,None
23177,None
23178,None
23179,None
23180,None
23181,None
23182,None
23183,None
23184,Adult
23185,None
23186,Senior
23187,None
23188,Adult
23189,Adult
23190,None
23191,None
23192,None
23193,Adult
23194,None
23195,None
23196,None
23197,None
23198,None
23199,None
23200,None
23201,None
23202,None
23203,None
23204,None
23205,None
23206,Adult
23207,None
23208,None
23209,None
23210,None
23211,None
23212,None
23213,None
23214,None
23215,Disabled
23216,None
23217,None
23218,None
23219,None
23220,None
23221,None
23222,Adult
23223,None
23224,None
23225,Disabled
23226,Disabled
23227,Disabled
23228,Adult
23229,Senior
23230,Senior
23231,Senior
23232,None
23233,None
23234,Adult
23235,None
23236,None
23237,Disabled
23238,Disabled
23239,None
23240,None
23241,None
23242,None
23243,None
23244,None
23245,None
23246,None
23247,None
23248,None
23249,None
23250,None
23251,None
23252,Disabled
23253,None
23254,None
23255,None
23256,None
23257,None
23258,None
23259,Adult
23260,None
23261,None
23262,None
23263,None
23264,None
23265,None
23266,None
23267,None
23268,None
23269,None
23270,None
23271,None
23272,None
23273,None
23274,Adult
23275,None
23276,None
23277,None
23278,None
23279,None
23280,None
23281,None
23282,None
23283,None
23284,None
23285,Senior
23286,None
23287,Disabled
23288,None
23289,Senior
23290,Senior
23291,Senior
23292,Adult
23293,Senior
23294,Adult
23295,Senior
23296,None
23297,Disabled
23298,Disabled
23299,Disabled
23300,None
23301,Disabled
23302,None
23303,None
23304,None
23305,None
23306,None
23307,None
23308,None
23309,None
23310,None
23311,None
23312,None
23313,Disabled
23314,None
23315,None
23316,Disabled
23317,None
23318,None
23319,None
23320,None
23321,None
23322,None
23323,None
23324,None
23325,None
23326,None
23327,None
23328,None
23329,None
23330,None
23331,None
23332,Disabled
23333,None
23334,None
23335,Disabled
23336,None
23337,None
23338,Senior
23339,None
23340,Adult
23341,None
23342,None
23343,Adult
23344,None
23345,Senior
23346,None
23347,Disabled
23348,Adult
23349,None
23350,None
23351,None
23352,Senior
23353,None
23354,Adult
23355,Disabled
23356,None
23357,None
23358,None
23359,None
23360,None
23361,None
23362,None
23363,None
23364,None
23365,None
23366,None
23367,None
23368,None
23369,None
23370,None
23371,Disabled
23372,Disabled
23373,Adult
23374,Disabled
23375,Adult
23376,Adult
23377,None
23378,Senior
23379,Adult
23380,None
23381,Senior
23382,None
23383,Senior
23384,None
23385,Adult
23386,None
23387,Adult
23388,Adult
23389,None
23390,None
23391,None
23392,Adult
23393,None
23394,None
23395,Disabled
23396,None
23397,Senior
23398,None
23399,None
23400,Adult
23401,None
23402,None
23403,Disabled
23404,None
23405,Adult
23406,Adult
23407,None
23408,None
23409,None
23410,None
23411,None
23412,None
23413,None
23414,None
23415,None
23416,Disabled
23417,None
23418,Disabled
23419,Adult
23420,Adult
23421,Disabled
23422,Adult
23423,None
23424,None
23425,None
23426,None
23427,Adult
23428,Adult
23429,None
23430,Adult
23431,Adult
23432,None
23433,None
23434,None
23435,None
23436,Senior
23437,Senior
23438,None
23439,None
23440,Senior
23441,Senior
23442,None
23443,Senior
23444,Adult
23445,None
23446,Senior
23447,None
23448,None
23449,None
23450,None
23451,None
23452,None
23453,None
23454,None
23455,Adult
23456,Senior
23457,None
23458,None
23459,Senior
23460,Adult
23461,None
23462,None
23463,Disabled
23464,Disabled
23465,None
23466,None
23467,None
23468,None
23469,Adult
23470,Adult
23471,Senior
23472,None
23473,Adult
23474,Adult
23475,None
23476,None
23477,None
23478,None
23479,Disabled
23480,None
23481,Disabled
23482,Disabled
23483,None
23484,None
23485,None
23486,None
23487,None
23488,None
23489,None
23490,None
23491,Adult
23492,None
23493,None
23494,Adult
23495,None
23496,None
23497,None
23498,Adult
23499,Senior
23500,Senior
23501,Senior
23502,Adult
23503,Disabled
23504,None
23505,Disabled
23506,Disabled
23507,Disabled
23508,None
23509,Disabled
23510,None
23511,Senior
23512,Senior
23513,None
23514,None
23515,None
23516,None
23517,None
23518,None
23519,None
23520,None
23521,None
23522,None
23523,None
23524,None
23525,Disabled
23526,None
23527,None
23528,None
23529,None
23530,Disabled
23531,None
23532,None
23533,None
23534,None
23535,None
23536,None
23537,None
23538,None
23539,None
23540,None
23541,None
23542,Disabled
23543,None
23544,None
23545,None
23546,Adult
23547,None
23548,Disabled
23549,None
23550,None
23551,None
23552,Senior
23553,None
23554,None
23555,None
23556,None
23557,None
23558,Adult
23559,Disabled
23560,None
23561,Adult
23562,Disabled
23563,Disabled
23564,Senior
23565,Disabled
23566,Adult
23567,Adult
23568,None
23569,Adult
23570,Adult
23571,None
23572,Adult
23573,None
23574,None
23575,None
23576,None
23577,None
23578,None
23579,Adult
23580,None
23581,Adult
23582,None
23583,None
23584,None
23585,None
23586,Adult
23587,Adult
23588,None
23589,Senior
23590,None
23591,Senior
23592,None
23593,Senior
23594,None
23595,None
23596,None
23597,Senior
23598,Senior
23599,Senior
23600,Senior
23601,Senior
23602,Senior
23603,None
23604,Senior
23605,None
23606,None
23607,None
23608,Adult
23609,Senior
23610,None
23611,Adult
23612,None
23613,None
23614,None
23615,None
23616,None
23617,None
23618,Adult
23619,Adult
23620,None
23621,Senior
23622,Senior
23623,None
23624,None
23625,Disabled
23626,None
23627,Adult
23628,Disabled
23629,None
23630,None
23631,None
23632,None
23633,None
23634,None
23635,None
23636,None
23637,None
23638,None
23639,Disabled
23640,None
23641,Disabled
23642,None
23643,None
23644,None
23645,None
23646,None
23647,None
23648,Adult
23649,None
23650,None
23651,Adult
23652,None
23653,None
23654,None
23655,None
23656,None
23657,None
23658,Adult
23659,None
23660,None
23661,None
23662,None
23663,Senior
23664,Senior
23665,Senior
23666,None
23667,Disabled
23668,Senior
23669,Senior
23670,Disabled
23671,None
23672,Disabled
23673,Disabled
23674,Adult
23675,None
23676,Disabled
23677,None
23678,None
23679,Disabled
23680,Adult
23681,None
23682,None
23683,None
23684,None
23685,None
23686,Adult
23687,None
23688,None
23689,None
23690,None
23691,None
23692,None
23693,None
23694,None
23695,Disabled
23696,None
23697,None
23698,None
23699,Adult
23700,None
23701,None
23702,None
23703,None
23704,None
23705,None
23706,Disabled
23707,None
23708,Adult
23709,None
23710,Disabled
23711,None
23712,None
23713,None
23714,Adult
23715,None
23716,None
23717,None
23718,None
23719,None
23720,None
23721,None
23722,None
23723,None
23724,None
23725,None
23726,None
23727,None
23728,None
23729,Adult
23730,None
23731,Disabled
23732,Disabled
23733,None
23734,Senior
23735,Senior
23736,Senior
23737,Senior
23738,Senior
23739,Senior
23740,None
23741,Adult
23742,Senior
23743,None
23744,Senior
23745,None
23746,None
23747,None
23748,None
23749,None
23750,None
23751,Adult
23752,None
23753,Adult
23754,None
23755,None
23756,Adult
23757,None
23758,None
23759,None
23760,None
23761,None
23762,Adult
23763,None
23764,None
23765,None
23766,None
23767,None
23768,None
23769,Senior
23770,None
23771,None
23772,Adult
23773,Adult
23774,Senior
23775,Senior
23776,Senior
23777,None
23778,Senior
23779,None
23780,None
23781,None
23782,None
23783,Adult
23784,None
23785,None
23786,Adult
23787,None
23788,None
23789,Disabled
23790,None
23791,Senior
23792,None
23793,None
23794,None
23795,None
23796,None
23797,None
23798,Disabled
23799,Disabled
23800,Disabled
23801,Adult
23802,Disabled
23803,Adult
23804,None
23805,Adult
23806,Disabled
23807,Adult
23808,Adult
23809,Disabled
23810,Adult
23811,None
23812,Adult
23813,Adult
23814,None
23815,None
23816,None
23817,None
23818,None
23819,None
23820,None
23821,None
23822,None
23823,None
23824,Senior
23825,None
23826,Senior
23827,None
23828,None
23829,None
23830,None
23831,None
23832,None
23833,None
23834,None
23835,None
23836,Adult
23837,None
23838,Adult
23839,None
23840,Adult
23841,Adult
23842,None
23843,None
23844,None
23845,None
23846,None
23847,None
23848,None
23849,None
23850,None
23851,None
23852,None
23853,None
23854,None
23855,None
23856,None
23857,None
23858,Senior
23859,None
23860,None
23861,None
23862,None
23863,Adult
23864,Senior
23865,Senior
23866,Senior
23867,Senior
23868,Senior
23869,Senior
23870,Senior
23871,Senior
23872,Senior
23873,None
23874,None
23875,Adult
23876,None
23877,Adult
23878,Adult
23879,None
23880,None
23881,None
23882,None
23883,None
23884,Adult
23885,Senior
23886,None
23887,None
23888,None
23889,None
23890,None
23891,None
23892,None
23893,Disabled
23894,Adult
23895,Adult
23896,None
23897,None
23898,None
23899,None
23900,None
23901,Adult
23902,Adult
23903,Senior
23904,None
23905,None
23906,None
23907,None
23908,Adult
23909,Adult
23910,Adult
23911,Disabled
23912,Adult
23913,Disabled
23914,Disabled
23915,Senior
23916,None
23917,None
23918,None
23919,Adult
23920,None
23921,None
23922,None
23923,Disabled
23924,None
23925,Adult
23926,None
23927,None
23928,None
23929,Adult
23930,None
23931,None
23932,Disabled
23933,Disabled
23934,None
23935,Adult
23936,None
23937,None
23938,None
23939,None
23940,None
23941,None
23942,Senior
23943,None
23944,Adult
23945,None
23946,None
23947,None
23948,None
23949,None
23950,None
23951,Disabled
23952,Adult
23953,None
23954,Disabled
23955,Adult
23956,Senior
23957,None
23958,None
23959,Adult
23960,None
23961,None
23962,Adult
23963,Adult
23964,None
23965,Disabled
23966,None
23967,None
23968,Disabled
23969,None
23970,Disabled
23971,Disabled
23972,Disabled
23973,None
23974,None
23975,None
23976,None
23977,None
23978,None
23979,None
23980,None
23981,None
23982,Adult
23983,Disabled
23984,Adult
23985,Disabled
23986,None
23987,None
23988,None
23989,None
23990,Disabled
23991,None
23992,None
23993,None
23994,None
23995,None
23996,None
23997,Senior
23998,Senior
23999,Senior
24000,Senior
24001,None
24002,None
24003,None
24004,None
24005,Adult
24006,None
24007,None
24008,None
24009,None
24010,None
24011,Senior
24012,None
24013,None
24014,None
24015,None
24016,None
24017,None
24018,Disabled
24019,None
24020,None
24021,Adult
24022,None
24023,None
24024,Adult
24025,None
24026,None
24027,None
24028,None
24029,Disabled
24030,None
24031,None
24032,None
24033,None
24034,None
24035,None
24036,None
24037,None
24038,None
24039,None
24040,None
24041,None
24042,Adult
24043,None
24044,None
24045,None
24046,None
24047,None
24048,Disabled
24049,None
24050,Disabled
24051,None
24052,None
24053,None
24054,None
24055,None
24056,Adult
24057,None
24058,None
24059,None
24060,None
24061,None
24062,None
24063,None
24064,None
24065,None
24066,Adult
24067,None
24068,None
24069,Disabled
24070,None
24071,None
24072,None
24073,None
24074,None
24075,Senior
24076,None
24077,None
24078,None
24079,None
24080,None
24081,None
24082,None
24083,None
24084,None
24085,None
24086,Adult
24087,Adult
24088,None
24089,None
24090,None
24091,None
24092,Disabled
24093,Adult
24094,None
24095,Senior
24096,Adult
24097,Adult
24098,None
24099,None
24100,None
24101,Adult
24102,None
24103,None
24104,None
24105,None
24106,Adult
24107,None
24108,Adult
24109,None
24110,Disabled
24111,None
24112,Senior
24113,None
24114,Senior
24115,Senior
24116,Senior
24117,None
24118,None
24119,None
24120,None
24121,None
24122,Disabled
24123,Adult
24124,Disabled
24125,Adult
24126,None
24127,Adult
24128,None
24129,Adult
24130,Adult
24131,Adult
24132,Disabled
24133,Adult
24134,Adult
24135,Senior
24136,Adult
24137,None
24138,Senior
24139,Adult
24140,Adult
24141,Adult
24142,Adult
24143,Senior
24144,Adult
24145,Adult
24146,Senior
24147,None
24148,Senior
24149,None
24150,None
24151,Senior
24152,None
24153,None
24154,None
24155,None
24156,None
24157,Senior
24158,None
24159,None
24160,None
24161,None
24162,None
24163,None
24164,None
24165,Adult
24166,None
24167,None
24168,Adult
24169,Adult
24170,None
24171,Adult
24172,Adult
24173,Disabled
24174,None
24175,None
24176,None
24177,None
24178,None
24179,None
24180,Adult
24181,None
24182,Disabled
24183,Senior
24184,Adult
24185,Adult
24186,None
24187,Adult
24188,None
24189,None
24190,Adult
24191,Senior
24192,Adult
24193,Senior
24194,Senior
24195,None
24196,None
24197,Disabled
24198,None
24199,None
24200,Senior
24201,None
24202,Adult
24203,Senior
24204,Senior
24205,None
24206,Disabled
24207,None
24208,Adult
24209,Adult
24210,Adult
24211,None
24212,None
24213,None
24214,None
24215,None
24216,None
24217,None
24218,None
24219,Adult
24220,None
24221,None
24222,None
24223,None
24224,None
24225,None
24226,None
24227,None
24228,None
24229,None
24230,Disabled
24231,None
24232,None
24233,Disabled
24234,Adult
24235,Adult
24236,None
24237,None
24238,None
24239,None
24240,Adult
24241,None
24242,Disabled
24243,None
24244,None
24245,Adult
24246,None
24247,None
24248,None
24249,None
24250,None
24251,None
24252,Adult
24253,None
24254,None
24255,Disabled
24256,None
24257,Disabled
24258,Disabled
24259,None
24260,Adult
24261,None
24262,None
24263,Disabled
24264,None
24265,None
24266,Disabled
24267,Adult
24268,None
24269,None
24270,None
24271,None
24272,None
24273,Adult
24274,None
24275,None
24276,None
24277,None
24278,None
24279,None
24280,Senior
24281,Senior
24282,Senior
24283,None
24284,Senior
24285,Disabled
24286,None
24287,Disabled
24288,None
24289,Disabled
24290,None
24291,None
24292,None
24293,Adult
24294,Disabled
24295,None
24296,None
24297,None
24298,None
24299,None
24300,None
24301,Adult
24302,Adult
24303,None
24304,Disabled
24305,None
24306,None
24307,Adult
24308,None
24309,None
24310,None
24311,Adult
24312,None
24313,None
24314,None
24315,None
24316,None
24317,None
24318,Senior
24319,Senior
24320,Senior
24321,Senior
24322,None
24323,Senior
24324,Disabled
24325,Disabled
24326,None
24327,Disabled
24328,Disabled
24329,None
24330,Disabled
24331,Disabled
24332,None
24333,Adult
24334,None
24335,None
24336,None
24337,None
24338,None
24339,None
24340,None
24341,None
24342,None
24343,None
24344,None
24345,Senior
24346,Disabled
24347,None
24348,None
24349,None
24350,None
24351,Adult
24352,Adult
24353,Adult
24354,None
24355,None
24356,None
24357,None
24358,None
24359,None
24360,None
24361,None
24362,None
24363,None
24364,Disabled
24365,None
24366,None
24367,None
24368,None
24369,None
24370,None
24371,None
24372,None
24373,Adult
24374,Adult
24375,Adult
24376,None
24377,None
24378,Senior
24379,None
24380,None
24381,None
24382,None
24383,None
24384,Senior
24385,Adult
24386,Senior
24387,None
24388,None
24389,None
24390,Adult
24391,None
24392,Senior
24393,Senior
24394,None
24395,None
24396,Adult
24397,Adult
24398,None
24399,Disabled
24400,Disabled
24401,Senior
24402,Adult
24403,Senior
24404,None
24405,None
24406,Senior
24407,Adult
24408,Senior
24409,Senior
24410,None
24411,None
24412,None
24413,None
24414,None
24415,None
24416,None
24417,None
24418,None
24419,None
24420,Adult
24421,Adult
24422,None
24423,Disabled
24424,Senior
24425,None
24426,None
24427,Disabled
24428,Adult
24429,None
24430,Adult
24431,None
24432,None
24433,None
24434,None
24435,None
24436,Disabled
24437,None
24438,None
24439,None
24440,None
24441,None
24442,None
24443,Disabled
24444,Adult
24445,Adult
24446,Adult
24447,Adult
24448,Adult
24449,Adult
24450,None
24451,None
24452,Senior
24453,Senior
24454,None
24455,None
24456,None
24457,None
24458,None
24459,Adult
24460,None
24461,None
24462,Senior
24463,Senior
24464,None
24465,Senior
24466,None
24467,None
24468,None
24469,None
24470,None
24471,Senior
24472,None
24473,None
24474,Adult
24475,None
24476,None
24477,None
24478,None
24479,None
24480,Adult
24481,Senior
24482,None
24483,None
24484,None
24485,None
24486,None
24487,None
24488,None
24489,None
24490,None
24491,None
24492,None
24493,None
24494,Adult
24495,Disabled
24496,None
24497,None
24498,None
24499,None
24500,None
24501,None
24502,None
24503,None
24504,None
24505,None
24506,None
24507,Adult
24508,Adult
24509,Adult
24510,Adult
24511,None
24512,None
24513,Adult
24514,Disabled
24515,None
24516,Disabled
24517,Disabled
24518,None
24519,Senior
24520,None
24521,None
24522,None
24523,None
24524,None
24525,None
24526,None
24527,None
24528,None
24529,None
24530,None
24531,None
24532,Adult
24533,Senior
24534,Senior
24535,Disabled
24536,Disabled
24537,Disabled
24538,None
24539,Adult
24540,None
24541,None
24542,None
24543,None
24544,None
24545,Disabled
24546,None
24547,None
24548,None
24549,Disabled
24550,None
24551,None
24552,None
24553,None
24554,Adult
24555,Disabled
24556,None
24557,Disabled
24558,None
24559,None
24560,None
24561,None
24562,None
24563,None
24564,None
24565,Disabled
24566,None
24567,None
24568,None
24569,Senior
24570,Senior
24571,Senior
24572,Adult
24573,Disabled
24574,None
24575,Disabled
24576,Adult
24577,Senior
24578,Senior
24579,Senior
24580,Senior
24581,Disabled
24582,Disabled
24583,None
24584,Disabled
24585,Disabled
24586,None
24587,None
24588,None
24589,None
24590,None
24591,Adult
24592,None
24593,None
24594,None
24595,None
24596,Disabled
24597,None
24598,None
24599,None
24600,None
24601,None
24602,None
24603,Disabled
24604,None
24605,Senior
24606,None
24607,None
24608,Adult
24609,None
24610,Disabled
24611,Adult
24612,Adult
24613,Adult
24614,Adult
24615,Disabled
24616,None
24617,None
24618,Senior
24619,None
24620,None
24621,Senior
24622,Senior
24623,None
24624,None
24625,None
24626,Disabled
24627,None
24628,None
24629,None
24630,Adult
24631,None
24632,None
24633,None
24634,Disabled
24635,None
24636,Disabled
24637,None
24638,None
24639,Disabled
24640,Adult
24641,Adult
24642,Disabled
24643,None
24644,Senior
24645,Adult
24646,Senior
24647,None
24648,None
24649,None
24650,None
24651,None
24652,None
24653,None
24654,None
24655,None
24656,None
24657,Senior
24658,None
24659,Senior
24660,None
24661,None
24662,Adult
24663,None
24664,Senior
24665,None
24666,Adult
24667,None
24668,None
24669,None
24670,None
24671,None
24672,None
24673,Disabled
24674,None
24675,None
24676,Adult
24677,Adult
24678,Disabled
24679,Disabled
24680,Adult
24681,Adult
24682,Adult
24683,Adult
24684,Senior
24685,Senior
24686,Senior
24687,None
24688,None
24689,Adult
24690,Adult
24691,None
24692,None
24693,None
24694,Adult
24695,None
24696,Adult
24697,None
24698,None
24699,None
24700,Adult
24701,Adult
24702,Disabled
24703,None
24704,Senior
24705,None
24706,None
24707,None
24708,None
24709,None
24710,None
24711,None
24712,None
24713,None
24714,None
24715,None
24716,None
24717,None
24718,None
24719,None
24720,Adult
24721,None
24722,None
24723,Adult
24724,Adult
24725,None
24726,Disabled
24727,None
24728,None
24729,None
24730,None
24731,None
24732,None
24733,None
24734,Disabled
24735,None
24736,None
24737,None
24738,None
24739,Adult
24740,None
24741,Adult
24742,None
24743,Adult
24744,Senior
24745,Adult
24746,None
24747,None
24748,None
24749,None
24750,None
24751,None
24752,None
24753,Disabled
24754,None
24755,Disabled
24756,Disabled
24757,Adult
24758,None
24759,None
24760,None
24761,None
24762,None
24763,None
24764,None
24765,Senior
24766,Senior
24767,None
24768,Senior
24769,Senior
24770,Adult
24771,Senior
24772,Senior
24773,None
24774,Senior
24775,Disabled
24776,None
24777,None
24778,None
24779,Disabled
24780,None
24781,None
24782,None
24783,None
24784,None
24785,Disabled
24786,None
24787,None
24788,Disabled
24789,None
24790,Senior
24791,None
24792,None
24793,Disabled
24794,None
24795,None
24796,None
24797,None
24798,None
24799,None
24800,None
24801,None
24802,None
24803,None
24804,None
24805,None
24806,None
24807,None
24808,None
24809,None
24810,Adult
24811,None
24812,None
24813,None
24814,None
24815,Senior
24816,None
24817,None
24818,None
24819,Disabled
24820,None
24821,Disabled
24822,None
24823,None
24824,Disabled
24825,None
24826,None
24827,None
24828,None
24829,None
24830,None
24831,None
24832,None
24833,None
24834,None
24835,Disabled
24836,None
24837,None
24838,None
24839,None
24840,None
24841,None
24842,None
24843,Senior
24844,None
24845,None
24846,None
24847,Disabled
24848,None
24849,None
24850,None
24851,None
24852,None
24853,None
24854,Disabled
24855,None
24856,None
24857,None
24858,None
24859,None
24860,None
24861,Disabled
24862,Adult
24863,Disabled
24864,None
24865,None
24866,None
24867,None
24868,None
24869,None
24870,None
24871,None
24872,None
24873,None
24874,Senior
24875,Adult
24876,Senior
24877,None
24878,None
24879,None
24880,None
24881,Disabled
24882,Disabled
24883,Disabled
24884,Disabled
24885,Disabled
24886,Disabled
24887,Senior
24888,Adult
24889,Adult
24890,Adult
24891,Adult
24892,Adult
24893,Disabled
24894,None
24895,None
24896,None
24897,None
24898,Disabled
24899,None
24900,None
24901,Disabled
24902,Disabled
24903,Disabled
24904,None
24905,None
24906,Adult
24907,None
24908,None
24909,None
24910,None
24911,Adult
24912,Adult
24913,Adult
24914,Disabled
24915,Senior
24916,None
24917,None
24918,None
24919,Disabled
24920,None
24921,None
24922,None
24923,None
24924,Adult
24925,Adult
24926,Senior
24927,Senior
24928,Adult
24929,Disabled
24930,Adult
24931,Disabled
24932,Adult
24933,None
24934,Adult
24935,Adult
24936,Adult
24937,Senior
24938,Adult
24939,Senior
24940,None
24941,Senior
24942,Senior
24943,None
24944,None
24945,Disabled
24946,None
24947,None
24948,Senior
24949,Adult
24950,None
24951,Adult
24952,None
24953,Adult
24954,None
24955,None
24956,None
24957,None
24958,Disabled
24959,None
24960,None
24961,None
24962,None
24963,None
24964,None
24965,None
24966,None
24967,None
24968,None
24969,None
24970,None
24971,None
24972,None
24973,None
24974,None
24975,None
24976,None
24977,None
24978,None
24979,Adult
24980,Adult
24981,None
24982,Adult
24983,None
24984,Adult
24985,None
24986,None
24987,Disabled
24988,None
24989,None
24990,Adult
24991,None
24992,None
24993,Disabled
24994,None
24995,None
24996,None
24997,None
24998,None
24999,None
25000,None
25001,None
25002,Disabled
25003,Disabled
25004,Adult
25005,Disabled
25006,Adult
25007,None
25008,None
25009,None
25010,None
25011,None
25012,Adult
25013,Adult
25014,Adult
25015,None
25016,None
25017,None
25018,Disabled
25019,Disabled
25020,None
25021,None
25022,Adult
25023,None
25024,None
25025,None
25026,Disabled
25027,Adult
25028,None
25029,None
25030,Adult
25031,Senior
25032,Senior
25033,None
25034,None
25035,Senior
25036,None
25037,Disabled
25038,None
25039,None
25040,None
25041,None
25042,None
25043,None
25044,None
25045,None
25046,None
25047,None
25048,None
25049,None
25050,None
25051,None
25052,Adult
25053,None
25054,None
25055,None
25056,None
25057,Adult
25058,None
25059,None
25060,None
25061,None
25062,None
25063,None
25064,None
25065,None
25066,None
25067,None
25068,None
25069,None
25070,None
25071,Senior
25072,Senior
25073,None
25074,None
25075,Senior
25076,None
25077,Senior
25078,None
25079,None
25080,None
25081,Disabled
25082,None
25083,None
25084,None
25085,None
25086,None
25087,None
25088,None
25089,None
25090,Adult
25091,None
25092,None
25093,Disabled
25094,Disabled
25095,None
25096,None
25097,None
25098,None
25099,None
25100,None
25101,Adult
25102,None
25103,Adult
25104,None
25105,None
25106,None
25107,None
25108,None
25109,None
25110,Adult
25111,Disabled
25112,Senior
25113,None
25114,None
25115,Senior
25116,Disabled
25117,None
25118,None
25119,Adult
25120,None
25121,Senior
25122,Senior
25123,None
25124,Senior
25125,None
25126,None
25127,None
25128,None
25129,None
25130,None
25131,Adult
25132,None
25133,Disabled
25134,Adult
25135,None
25136,None
25137,None
25138,None
25139,None
25140,Senior
25141,Senior
25142,Senior
25143,None
25144,None
25145,Disabled
25146,None
25147,Disabled
25148,Disabled
25149,Disabled
25150,None
25151,Adult
25152,Disabled
25153,Adult
25154,Adult
25155,None
25156,None
25157,None
25158,Adult
25159,Adult
25160,Adult
25161,None
25162,Senior
25163,None
25164,None
25165,None
25166,None
25167,Disabled
25168,Disabled
25169,None
25170,None
25171,None
25172,None
25173,None
25174,Adult
25175,None
25176,Senior
25177,None
25178,Disabled
25179,None
25180,Adult
25181,Adult
25182,None
25183,Adult
25184,None
25185,None
25186,Adult
25187,None
25188,Adult
25189,None
25190,None
25191,Senior
25192,None
25193,None
25194,None
25195,None
25196,None
25197,Senior
25198,None
25199,Disabled
25200,Adult
25201,Disabled
25202,Adult
25203,Adult
25204,None
25205,Adult
25206,None
25207,None
25208,Adult
25209,None
25210,Adult
25211,None
25212,None
25213,Adult
25214,Adult
25215,Senior
25216,Senior
25217,None
25218,None
25219,Disabled
25220,None
25221,None
25222,None
25223,None
25224,None
25225,Adult
25226,None
25227,None
25228,Senior
25229,Disabled
25230,Disabled
25231,Senior
25232,Senior
25233,None
25234,Adult
25235,None
25236,None
25237,None
25238,None
25239,None
25240,None
25241,None
25242,None
25243,None
25244,None
25245,Adult
25246,None
25247,Adult
25248,None
25249,Adult
25250,Adult
25251,None
25252,None
25253,None
25254,None
25255,Senior
25256,Disabled
25257,None
25258,None
25259,None
25260,None
25261,None
25262,Adult
25263,None
25264,None
25265,None
25266,Disabled
25267,None
25268,None
25269,Adult
25270,Disabled
25271,None
25272,None
25273,Adult
25274,None
25275,None
25276,Senior
25277,Adult
25278,None
25279,None
25280,Disabled
25281,None
25282,None
25283,None
25284,None
25285,None
25286,None
25287,None
25288,None
25289,None
25290,None
25291,Adult
25292,None
25293,None
25294,None
25295,None
25296,None
25297,None
25298,None
25299,None
25300,Senior
25301,Disabled
25302,None
25303,None
25304,None
25305,None
25306,Disabled
25307,None
25308,None
25309,Disabled
25310,None
25311,None
25312,None
25313,Senior
25314,Senior
25315,None
25316,None
25317,None
25318,None
25319,None
25320,Senior
25321,None
25322,Disabled
25323,None
25324,None
25325,None
25326,None
25327,None
25328,None
25329,None
25330,None
25331,None
25332,None
25333,None
25334,Adult
25335,None
25336,None
25337,None
25338,None
25339,Adult
25340,None
25341,None
25342,None
25343,None
25344,Adult
25345,Adult
25346,None
25347,Adult
25348,Senior
25349,Senior
25350,Disabled
25351,Senior
25352,Senior
25353,None
25354,None
25355,Disabled
25356,Senior
25357,None
25358,Disabled
25359,Disabled
25360,Adult
25361,None
25362,None
25363,None
25364,None
25365,None
25366,None
25367,None
25368,None
25369,None
25370,None
25371,None
25372,None
25373,None
25374,Disabled
25375,None
25376,None
25377,None
25378,None
25379,None
25380,Adult
25381,None
25382,None
25383,Disabled
25384,None
25385,None
25386,Disabled
25387,Disabled
25388,None
25389,None
25390,None
25391,Adult
25392,Senior
25393,None
25394,Adult
25395,Disabled
25396,None
25397,Disabled
25398,None
25399,Adult
25400,None
25401,Adult
25402,Senior
25403,Senior
25404,Adult
25405,None
25406,None
25407,Adult
25408,None
25409,None
25410,Adult
25411,None
25412,Adult
25413,None
25414,Disabled
25415,None
25416,None
25417,Disabled
25418,None
25419,Adult
25420,Disabled
25421,Adult
25422,Disabled
25423,Adult
25424,None
25425,None
25426,None
25427,None
25428,None
25429,None
25430,None
25431,None
25432,None
25433,None
25434,None
25435,None
25436,None
25437,None
25438,Disabled
25439,Adult
25440,None
25441,Disabled
25442,Disabled
25443,None
25444,None
25445,None
25446,Senior
25447,None
25448,None
25449,None
25450,None
25451,Adult
25452,None
25453,None
25454,None
25455,None
25456,None
25457,None
25458,None
25459,None
25460,None
25461,Senior
25462,Senior
25463,None
25464,Senior
25465,Adult
25466,Adult
25467,Adult
25468,Disabled
25469,Adult
25470,Adult
25471,None
25472,Adult
25473,Adult
25474,None
25475,Adult
25476,Senior
25477,None
25478,None
25479,None
25480,Adult
25481,None
25482,Adult
25483,None
25484,Adult
25485,None
25486,None
25487,Senior
25488,Senior
25489,None
25490,None
25491,None
25492,Disabled
25493,Adult
25494,Adult
25495,Senior
25496,None
25497,None
25498,None
25499,None
25500,Senior
25501,None
25502,None
25503,Adult
25504,None
25505,Adult
25506,None
25507,None
25508,None
25509,None
25510,Adult
25511,None
25512,None
25513,Adult
25514,None
25515,None
25516,None
25517,None
25518,None
25519,None
25520,None
25521,Senior
25522,Adult
25523,None
25524,None
25525,None
25526,Adult
25527,None
25528,None
25529,None
25530,None
25531,None
25532,None
25533,Disabled
25534,None
25535,None
25536,Adult
25537,None
25538,Disabled
25539,Disabled
25540,Disabled
25541,None
25542,None
25543,None
25544,Disabled
25545,Senior
25546,None
25547,None
25548,Adult
25549,Disabled
25550,None
25551,None
25552,None
25553,Disabled
25554,None
25555,Disabled
25556,None
25557,None
25558,None
25559,Adult
25560,None
25561,None
25562,None
25563,None
25564,None
25565,None
25566,Disabled
25567,None
25568,Senior
25569,Senior
25570,Senior
25571,None
25572,None
25573,Disabled
25574,None
25575,Adult
25576,None
25577,None
25578,Adult
25579,None
25580,None
25581,Disabled
25582,None
25583,None
25584,None
25585,None
25586,None
25587,None
25588,None
25589,None
25590,None
25591,None
25592,None
25593,None
25594,None
25595,None
25596,None
25597,None
25598,None
25599,None
25600,Disabled
25601,None
25602,None
25603,None
25604,None
25605,None
25606,None
25607,None
25608,None
25609,None
25610,None
25611,None
25612,None
25613,None
25614,None
25615,None
25616,Disabled
25617,Senior
25618,None
25619,Senior
25620,None
25621,Senior
25622,Disabled
25623,Disabled
25624,Disabled
25625,None
25626,None
25627,None
25628,Adult
25629,None
25630,None
25631,None
25632,None
25633,None
25634,None
25635,None
25636,None
25637,None
25638,None
25639,None
25640,Disabled
25641,None
25642,Senior
25643,None
25644,None
25645,None
25646,None
25647,Disabled
25648,None
25649,None
25650,None
25651,None
25652,None
25653,None
25654,None
25655,Adult
25656,None
25657,None
25658,Adult
25659,None
25660,None
25661,None
25662,None
25663,Adult
25664,Disabled
25665,Senior
25666,Disabled
25667,None
25668,None
25669,Adult
25670,None
25671,None
25672,None
25673,None
25674,Adult
25675,Adult
25676,Adult
25677,None
25678,None
25679,None
25680,None
25681,None
25682,None
25683,Adult
25684,Adult
25685,None
25686,None
25687,Adult
25688,None
25689,None
25690,None
25691,Adult
25692,None
25693,None
25694,None
25695,None
25696,None
25697,None
25698,None
25699,Disabled
25700,Disabled
25701,Disabled
25702,Adult
25703,Adult
25704,Adult
25705,Adult
25706,Adult
25707,Adult
25708,None
25709,Adult
25710,None
25711,None
25712,None
25713,None
25714,Senior
25715,None
25716,None
25717,None
25718,None
25719,None
25720,None
25721,None
25722,None
25723,Senior
25724,None
25725,None
25726,None
25727,Adult
25728,Adult
25729,Adult
25730,None
25731,None
25732,Adult
25733,None
25734,Senior
25735,None
25736,None
25737,None
25738,None
25739,Disabled
25740,Adult
25741,None
25742,Adult
25743,None
25744,Adult
25745,None
25746,None
25747,None
25748,None
25749,None
25750,None
25751,None
25752,Disabled
25753,Disabled
25754,Disabled
25755,Disabled
25756,Adult
25757,Disabled
25758,Adult
25759,Senior
25760,Adult
25761,Adult
25762,None
25763,None
25764,None
25765,Senior
25766,None
25767,None
25768,Adult
25769,None
25770,None
25771,None
25772,None
25773,None
25774,None
25775,None
25776,None
25777,None
25778,None
25779,Adult
25780,Senior
25781,Senior
25782,Senior
25783,Senior
25784,None
25785,Adult
25786,Adult
25787,None
25788,None
25789,None
25790,Adult
25791,None
25792,None
25793,None
25794,None
25795,None
25796,Senior
25797,None
25798,Senior
25799,None
25800,None
25801,None
25802,None
25803,None
25804,None
25805,None
25806,None
25807,Disabled
25808,None
25809,None
25810,Senior
25811,None
25812,Adult
25813,None
25814,None
25815,Adult
25816,None
25817,None
25818,Disabled
25819,None
25820,None
25821,None
25822,None
25823,None
25824,None
25825,None
25826,Disabled
25827,None
25828,Disabled
25829,None
25830,None
25831,None
25832,None
25833,None
25834,None
25835,None
25836,None
25837,None
25838,None
25839,Disabled
25840,None
25841,None
25842,None
25843,None
25844,None
25845,None
25846,None
25847,None
25848,None
25849,None
25850,None
25851,None
25852,None
25853,None
25854,None
25855,None
25856,None
25857,Adult
25858,Senior
25859,None
25860,Senior
25861,None
25862,Disabled
25863,None
25864,None
25865,Disabled
25866,Adult
25867,Adult
25868,None
25869,Disabled
25870,None
25871,Disabled
25872,None
25873,None
25874,None
25875,None
25876,Senior
25877,Senior
25878,None
25879,None
25880,None
25881,None
25882,None
25883,None
25884,None
25885,None
25886,None
25887,None
25888,None
25889,Disabled
25890,Disabled
25891,None
25892,None
25893,Adult
25894,None
25895,None
25896,None
25897,None
25898,None
25899,None
25900,Disabled
25901,None
25902,Senior
25903,None
25904,Senior
25905,Disabled
25906,None
25907,Disabled
25908,Disabled
25909,None
25910,None
25911,None
25912,None
25913,None
25914,None
25915,None
25916,None
25917,None
25918,None
25919,None
25920,None
25921,None
25922,Disabled
25923,None
25924,None
25925,None
25926,None
25927,None
25928,None
25929,Adult
25930,None
25931,None
25932,Disabled
25933,None
25934,None
25935,None
25936,Senior
25937,Senior
25938,None
25939,None
25940,Disabled
25941,Disabled
25942,None
25943,None
25944,Adult
25945,Adult
25946,Adult
25947,None
25948,None
25949,None
25950,None
25951,None
25952,None
25953,None
25954,Adult
25955,None
25956,None
25957,Adult
25958,None
25959,None
25960,None
25961,Disabled
25962,None
25963,None
25964,None
25965,Disabled
25966,None
25967,Adult
25968,None
25969,None
25970,Adult
25971,Disabled
25972,Adult
25973,Adult
25974,Disabled
25975,Adult
25976,Adult
25977,Adult
25978,Senior
25979,None
25980,Adult
25981,Adult
25982,None
25983,Senior
25984,None
25985,None
25986,Adult
25987,None
25988,None
25989,None
25990,Adult
25991,Adult
25992,None
25993,None
25994,None
25995,None
25996,None
25997,None
25998,None
25999,None
26000,None
26001,None
26002,None
26003,None
26004,None
26005,Senior
26006,Disabled
26007,Adult
26008,None
26009,Adult
26010,Adult
26011,Adult
26012,Disabled
26013,None
26014,None
26015,None
26016,None
26017,None
26018,None
26019,None
26020,None
26021,Disabled
26022,None
26023,Disabled
26024,None
26025,None
26026,Adult
26027,None
26028,None
26029,None
26030,Senior
26031,Senior
26032,None
26033,None
26034,None
26035,None
26036,None
26037,None
26038,None
26039,None
26040,None
26041,Senior
26042,None
26043,None
26044,None
26045,None
26046,None
26047,Senior
26048,Senior
26049,Senior
26050,Adult
26051,Senior
26052,None
26053,Senior
26054,None
26055,None
26056,Adult
26057,None
26058,Adult
26059,None
26060,None
26061,Disabled
26062,None
26063,None
26064,None
26065,Adult
26066,Disabled
26067,None
26068,Adult
26069,Senior
26070,None
26071,None
26072,None
26073,None
26074,None
26075,None
26076,Disabled
26077,Adult
26078,Adult
26079,None
26080,Senior
26081,None
26082,Adult
26083,None
26084,Adult
26085,Adult
26086,None
26087,None
26088,None
26089,None
26090,None
26091,None
26092,Adult
26093,Adult
26094,Adult
26095,None
26096,Disabled
26097,None
26098,None
26099,None
26100,None
26101,Disabled
26102,Disabled
26103,Disabled
26104,Disabled
26105,Senior
26106,Adult
26107,None
26108,None
26109,None
26110,None
26111,Disabled
26112,Adult
26113,Adult
26114,Adult
26115,None
26116,Disabled
26117,None
26118,None
26119,None
26120,None
26121,None
26122,Adult
26123,Disabled
26124,None
26125,None
26126,None
26127,None
26128,Disabled
26129,Disabled
26130,Disabled
26131,None
26132,Senior
26133,Adult
26134,Disabled
26135,Disabled
26136,Disabled
26137,Adult
26138,None
26139,None
26140,Senior
26141,None
26142,None
26143,None
26144,None
26145,None
26146,Adult
26147,None
26148,None
26149,Adult
26150,None
26151,None
26152,None
26153,None
26154,None
26155,None
26156,None
26157,None
26158,None
26159,None
26160,None
26161,None
26162,None
26163,None
26164,Senior
26165,Senior
26166,None
26167,Disabled
26168,Senior
26169,Senior
26170,Senior
26171,None
26172,None
26173,Adult
26174,Disabled
26175,None
26176,None
26177,None
26178,None
26179,Adult
26180,None
26181,None
26182,None
26183,None
26184,None
26185,None
26186,None
26187,None
26188,None
26189,None
26190,None
26191,None
26192,None
26193,None
26194,None
26195,None
26196,Disabled
26197,None
26198,None
26199,None
26200,Senior
26201,Adult
26202,Disabled
26203,None
26204,None
26205,Senior
26206,None
26207,Adult
26208,Adult
26209,Senior
26210,Adult
26211,Senior
26212,None
26213,None
26214,None
26215,None
26216,None
26217,Disabled
26218,None
26219,None
26220,None
26221,Senior
26222,None
26223,None
26224,None
26225,None
26226,None
26227,Disabled
26228,None
26229,Disabled
26230,Disabled
26231,None
26232,Disabled
26233,Disabled
26234,Adult
26235,Adult
26236,None
26237,None
26238,None
26239,Disabled
26240,Adult
26241,Adult
26242,Adult
26243,None
26244,None
26245,None
26246,None
26247,None
26248,None
26249,None
26250,None
26251,None
26252,Disabled
26253,None
26254,None
26255,None
26256,None
26257,None
26258,Adult
26259,None
26260,None
26261,None
26262,None
26263,None
26264,Adult
26265,Adult
26266,None
26267,None
26268,None
26269,None
26270,None
26271,None
26272,None
26273,None
26274,Adult
26275,Senior
26276,Disabled
26277,Adult
26278,Adult
26279,None
26280,Adult
26281,Senior
26282,Senior
26283,Senior
26284,Senior
26285,None
26286,Adult
26287,None
26288,None
26289,Adult
26290,None
26291,None
26292,Senior
26293,Senior
26294,None
26295,Adult
26296,None
26297,None
26298,None
26299,None
26300,None
26301,None
26302,None
26303,None
26304,None
26305,None
26306,Adult
26307,None
26308,None
26309,None
26310,None
26311,None
26312,Adult
26313,None
26314,None
26315,None
26316,None
26317,None
26318,None
26319,Senior
26320,None
26321,None
26322,None
26323,Adult
26324,None
26325,Adult
26326,None
26327,None
26328,None
26329,Disabled
26330,Adult
26331,None
26332,Disabled
26333,None
26334,None
26335,None
26336,None
26337,None
26338,None
26339,Senior
26340,Disabled
26341,None
26342,Disabled
26343,None
26344,Senior
26345,Adult
26346,None
26347,Adult
26348,None
26349,None
26350,Adult
26351,None
26352,None
26353,None
26354,Adult
26355,None
26356,None
26357,None
26358,None
26359,None
26360,Adult
26361,None
26362,None
26363,Adult
26364,None
26365,None
26366,Disabled
26367,None
26368,None
26369,None
26370,None
26371,None
26372,Disabled
26373,Disabled
26374,None
26375,None
26376,None
26377,None
26378,Adult
26379,None
26380,None
26381,None
26382,None
26383,None
26384,None
26385,None
26386,None
26387,None
26388,None
26389,Adult
26390,None
26391,None
26392,None
26393,None
26394,None
26395,None
26396,None
26397,None
26398,None
26399,None
26400,Adult
26401,None
26402,None
26403,None
26404,None
26405,None
26406,None
26407,None
26408,None
26409,None
26410,None
26411,None
26412,Disabled
26413,Adult
26414,Adult
26415,Disabled
26416,Senior
26417,Senior
26418,Adult
26419,Senior
26420,Senior
26421,Senior
26422,None
26423,None
26424,Senior
26425,None
26426,Disabled
26427,None
26428,None
26429,None
26430,None
26431,None
26432,None
26433,None
26434,None
26435,None
26436,None
26437,None
26438,None
26439,Adult
26440,None
26441,None
26442,None
26443,None
26444,None
26445,Disabled
26446,None
26447,None
26448,None
26449,None
26450,None
26451,None
26452,None
26453,Disabled
26454,Adult
26455,None
26456,Disabled
26457,None
26458,None
26459,None
26460,None
26461,Adult
26462,None
26463,Adult
26464,Adult
26465,Senior
26466,None
26467,None
26468,Adult
26469,None
26470,Senior
26471,None
26472,None
26473,None
26474,None
26475,None
26476,None
26477,None
26478,None
26479,None
26480,None
26481,None
26482,Disabled
26483,Disabled
26484,Disabled
26485,None
26486,Disabled
26487,Adult
26488,Senior
26489,None
26490,None
26491,None
26492,None
26493,None
26494,None
26495,None
26496,None
26497,Adult
26498,Adult
26499,None
26500,None
26501,Adult
26502,Adult
26503,None
26504,None
26505,None
26506,None
26507,None
26508,None
26509,None
26510,None
26511,None
26512,Disabled
26513,Disabled
26514,Senior
26515,Disabled
26516,None
26517,None
26518,Adult
26519,Adult
26520,None
26521,None
26522,None
26523,None
26524,Adult
26525,Adult
26526,Disabled
26527,None
26528,None
26529,Senior
26530,None
26531,None
26532,None
26533,None
26534,Senior
26535,Adult
26536,None
26537,Adult
26538,Adult
26539,Adult
26540,None
26541,Adult
26542,Adult
26543,None
26544,Adult
26545,None
26546,None
26547,Senior
26548,Senior
26549,Senior
26550,Senior
26551,Senior
26552,None
26553,None
26554,None
26555,None
26556,None
26557,None
26558,None
26559,None
26560,None
26561,None
26562,None
26563,Adult
26564,None
26565,None
26566,Senior
26567,None
26568,None
26569,None
26570,None
26571,None
26572,Adult
26573,None
26574,None
26575,None
26576,None
26577,None
26578,None
26579,Adult
26580,None
26581,None
26582,None
26583,None
26584,Senior
26585,Senior
26586,Adult
26587,None
26588,None
26589,None
26590,None
26591,None
26592,None
26593,None
26594,None
26595,Adult
26596,Adult
26597,Disabled
26598,None
26599,None
26600,Adult
26601,Adult
26602,None
26603,None
26604,Senior
26605,None
26606,Adult
26607,None
26608,Adult
26609,None
26610,None
26611,None
26612,None
26613,None
26614,None
26615,None
26616,None
26617,None
26618,None
26619,Adult
26620,None
26621,None
26622,None
26623,None
26624,None
26625,None
26626,None
26627,None
26628,None
26629,None
26630,None
26631,None
26632,None
26633,None
26634,None
26635,Adult
26636,Disabled
26637,None
26638,None
26639,Senior
26640,None
26641,None
26642,Disabled
26643,None
26644,None
26645,Disabled
26646,Senior
26647,None
26648,None
26649,None
26650,Disabled
26651,None
26652,None
26653,Disabled
26654,Adult
26655,Adult
26656,Disabled
26657,None
26658,Disabled
26659,None
26660,None
26661,None
26662,Adult
26663,None
26664,None
26665,Senior
26666,None
26667,Adult
26668,None
26669,None
26670,Adult
26671,Senior
26672,None
26673,None
26674,None
26675,None
26676,Disabled
26677,None
26678,None
26679,None
26680,Adult
26681,Disabled
26682,Senior
26683,Adult
26684,None
26685,None
26686,None
26687,None
26688,None
26689,None
26690,None
26691,Adult
26692,None
26693,None
26694,None
26695,None
26696,None
26697,None
26698,None
26699,None
26700,None
26701,None
26702,Adult
26703,None
26704,None
26705,None
26706,Disabled
26707,Senior
26708,Senior
26709,None
26710,Disabled
26711,Senior
26712,Senior
26713,Disabled
26714,None
26715,None
26716,None
26717,None
26718,None
26719,None
26720,Disabled
26721,None
26722,None
26723,None
26724,None
26725,None
26726,None
26727,None
26728,Adult
26729,None
26730,None
26731,None
26732,Adult
26733,None
26734,None
26735,None
26736,Disabled
26737,None
26738,None
26739,None
26740,None
26741,None
26742,Adult
26743,None
26744,None
26745,None
26746,Disabled
26747,None
26748,None
26749,None
26750,Adult
26751,Senior
26752,Adult
26753,None
26754,None
26755,None
26756,None
26757,None
26758,None
26759,Adult
26760,None
26761,Adult
26762,Adult
26763,None
26764,Adult
26765,None
26766,None
26767,None
26768,None
26769,None
26770,None
26771,None
26772,None
26773,None
26774,None
26775,Adult
26776,Adult
26777,Disabled
26778,None
26779,Adult
26780,None
26781,None
26782,None
26783,Adult
26784,None
26785,None
26786,None
26787,None
26788,None
26789,None
26790,Senior
26791,Adult
26792,Senior
26793,None
26794,None
26795,Senior
26796,Adult
26797,None
26798,None
26799,None
26800,None
26801,None
26802,None
26803,None
26804,None
26805,None
26806,None
26807,None
26808,Senior
26809,None
26810,None
26811,None
26812,None
26813,Disabled
26814,Adult
26815,None
26816,None
26817,None
26818,None
26819,Senior
26820,None
26821,None
26822,None
26823,Senior
26824,None
26825,Adult
26826,None
26827,Disabled
26828,None
26829,None
26830,None
26831,Disabled
26832,Adult
26833,None
26834,None
26835,Adult
26836,Adult
26837,None
26838,Adult
26839,None
26840,None
26841,None
26842,None
26843,Adult
26844,Adult
26845,Adult
26846,Senior
26847,None
26848,None
26849,None
26850,None
26851,Adult
26852,None
26853,None
26854,Senior
26855,Senior
26856,Senior
26857,Adult
26858,None
26859,None
26860,Adult
26861,Adult
26862,None
26863,None
26864,None
26865,Senior
26866,None
26867,None
26868,None
26869,None
26870,None
26871,None
26872,None
26873,None
26874,None
26875,None
26876,None
26877,None
26878,None
26879,None
26880,None
26881,Adult
26882,None
26883,None
26884,None
26885,None
26886,None
26887,Senior
26888,Adult
26889,Senior
26890,Adult
26891,Disabled
26892,None
26893,Adult
26894,None
26895,None
26896,None
26897,None
26898,None
26899,None
26900,None
26901,None
26902,Adult
26903,Disabled
26904,Disabled
26905,None
26906,Disabled
26907,None
26908,Disabled
26909,Disabled
26910,None
26911,None
26912,None
26913,None
26914,None
26915,None
26916,None
26917,None
26918,Disabled
26919,None
26920,None
26921,Adult
26922,Senior
26923,None
26924,Adult
26925,None
26926,None
26927,None
26928,None
26929,None
26930,None
26931,None
26932,None
26933,Adult
26934,None
26935,None
26936,Adult
26937,Adult
26938,Adult
26939,Disabled
26940,None
26941,Adult
26942,None
26943,None
26944,None
26945,Senior
26946,Senior
26947,Senior
26948,Disabled
26949,None
26950,None
26951,Disabled
26952,None
26953,Disabled
26954,Disabled
26955,None
26956,None
26957,Adult
26958,None
26959,None
26960,None
26961,None
26962,None
26963,Adult
26964,None
26965,None
26966,None
26967,None
26968,None
26969,None
26970,None
26971,None
26972,None
26973,None
26974,None
26975,None
26976,None
26977,None
26978,None
26979,None
26980,None
26981,None
26982,Disabled
26983,Senior
26984,Senior
26985,Disabled
26986,Senior
26987,Disabled
26988,None
26989,None
26990,Senior
26991,None
26992,Disabled
26993,Disabled
26994,Disabled
26995,None
26996,Adult
26997,None
26998,None
26999,None
27000,Disabled
27001,Senior
27002,None
27003,None
27004,Disabled
27005,None
27006,None
27007,None
27008,None
27009,None
27010,None
27011,None
27012,None
27013,Adult
27014,None
27015,None
27016,None
27017,None
27018,None
27019,None
27020,Disabled
27021,None
27022,None
27023,None
27024,None
27025,None
27026,None
27027,None
27028,Adult
27029,Disabled
27030,None
27031,None
27032,None
27033,None
27034,None
27035,None
27036,None
27037,None
27038,None
27039,None
27040,Disabled
27041,Adult
27042,None
27043,Senior
27044,None
27045,None
27046,Disabled
27047,None
27048,None
27049,Senior
27050,None
27051,None
27052,None
27053,None
27054,None
27055,None
27056,None
27057,None
27058,None
27059,Adult
27060,None
27061,Disabled
27062,None
27063,None
27064,None
27065,None
27066,Disabled
27067,Disabled
27068,Disabled
27069,Adult
27070,Senior
27071,None
27072,None
27073,None
27074,Senior
27075,None
27076,Adult
27077,None
27078,Adult
27079,None
27080,None
27081,None
27082,None
27083,None
27084,None
27085,None
27086,None
27087,None
27088,None
27089,None
27090,Disabled
27091,None
27092,None
27093,None
27094,Adult
27095,Senior
27096,None
27097,Disabled
27098,None
27099,Adult
27100,None
27101,Disabled
27102,Disabled
27103,None
27104,None
27105,None
27106,None
27107,None
27108,Adult
27109,Senior
27110,Disabled
27111,Adult
27112,Adult
27113,Adult
27114,None
27115,None
27116,None
27117,Senior
27118,Senior
27119,None
27120,None
27121,Disabled
27122,None
27123,None
27124,None
27125,Disabled
27126,None
27127,None
27128,None
27129,None
27130,None
27131,None
27132,Senior
27133,Senior
27134,Senior
27135,Adult
27136,Adult
27137,None
27138,None
27139,None
27140,Adult
27141,None
27142,Adult
27143,Senior
27144,None
27145,None
27146,None
27147,None
27148,None
27149,None
27150,None
27151,None
27152,None
27153,None
27154,None
27155,None
27156,None
27157,Senior
27158,None
27159,None
27160,None
27161,Senior
27162,Adult
27163,None
27164,None
27165,None
27166,None
27167,None
27168,None
27169,None
27170,None
27171,Senior
27172,Adult
27173,Adult
27174,None
27175,None
27176,None
27177,Adult
27178,Adult
27179,None
27180,None
27181,Adult
27182,None
27183,None
27184,None
27185,Disabled
27186,None
27187,None
27188,None
27189,None
27190,None
27191,None
27192,None
27193,None
27194,None
27195,None
27196,None
27197,Disabled
27198,None
27199,None
27200,None
27201,Adult
27202,None
27203,Adult
27204,Adult
27205,None
27206,None
27207,None
27208,None
27209,None
27210,None
27211,None
27212,None
27213,Adult
27214,Adult
27215,None
27216,None
27217,None
27218,None
27219,None
27220,None
27221,None
27222,None
27223,None
27224,None
27225,None
27226,None
27227,Senior
27228,None
27229,Disabled
27230,Disabled
27231,None
27232,None
27233,None
27234,None
27235,Disabled
27236,None
27237,None
27238,None
27239,None
27240,None
27241,Adult
27242,None
27243,Adult
27244,None
27245,None
27246,None
27247,None
27248,None
27249,None
27250,Adult
27251,None
27252,Adult
27253,None
27254,Disabled
27255,None
27256,None
27257,Disabled
27258,None
27259,Disabled
27260,Adult
27261,Adult
27262,None
27263,Senior
27264,Senior
27265,Senior
27266,None
27267,None
27268,None
27269,None
27270,Disabled
27271,None
27272,Adult
27273,Disabled
27274,None
27275,None
27276,None
27277,None
27278,None
27279,None
27280,None
27281,None
27282,Adult
27283,None
27284,Senior
27285,None
27286,None
27287,Disabled
27288,None
27289,Disabled
27290,None
27291,None
27292,None
27293,None
27294,Disabled
27295,None
27296,Adult
27297,Disabled
27298,Disabled
27299,None
27300,None
27301,None
27302,None
27303,Adult
27304,None
27305,Senior
27306,Adult
27307,Disabled
27308,None
27309,None
27310,Disabled
27311,None
27312,None
27313,None
27314,None
27315,Adult
27316,None
27317,Senior
27318,Disabled
27319,None
27320,None
27321,None
27322,None
27323,None
27324,None
27325,None
27326,None
27327,Disabled
27328,Disabled
27329,None
27330,Adult
27331,None
27332,Disabled
27333,Adult
27334,Adult
27335,None
27336,None
27337,None
27338,None
27339,Senior
27340,None
27341,None
27342,Adult
27343,None
27344,None
27345,None
27346,None
27347,None
27348,None
27349,None
27350,None
27351,None
27352,Adult
27353,None
27354,None
27355,Senior
27356,None
27357,None
27358,None
27359,None
27360,Adult
27361,Adult
27362,None
27363,None
27364,None
27365,None
27366,None
27367,None
27368,Disabled
27369,Disabled
27370,Adult
27371,None
27372,None
27373,Senior
27374,None
27375,None
27376,None
27377,None
27378,None
27379,None
27380,None
27381,None
27382,None
27383,None
27384,Senior
27385,Disabled
27386,Disabled
27387,Adult
27388,Adult
27389,Senior
27390,Disabled
27391,Adult
27392,Adult
27393,None
27394,None
27395,None
27396,None
27397,Adult
27398,None
27399,None
27400,Adult
27401,Adult
27402,Senior
27403,None
27404,None
27405,None
27406,Adult
27407,None
27408,None
27409,None
27410,None
27411,Adult
27412,None
27413,Disabled
27414,None
27415,None
27416,None
27417,None
27418,Adult
27419,None
27420,None
27421,None
27422,None
27423,None
27424,None
27425,None
27426,None
27427,None
27428,None
27429,None
27430,None
27431,None
27432,None
27433,Adult
27434,None
27435,Adult
27436,None
27437,None
27438,None
27439,None
27440,None
27441,None
27442,None
27443,Disabled
27444,None
27445,None
27446,Adult
27447,None
27448,None
27449,None
27450,Adult
27451,Adult
27452,None
27453,None
27454,None
27455,None
27456,None
27457,Disabled
27458,Disabled
27459,None
27460,None
27461,Disabled
27462,Senior
27463,None
27464,Adult
27465,None
27466,Adult
27467,None
27468,None
27469,None
27470,Disabled
27471,None
27472,None
27473,Adult
27474,None
27475,Adult
27476,None
27477,Adult
27478,None
27479,None
27480,None
27481,Senior
27482,None
27483,None
27484,Senior
27485,Senior
27486,None
27487,Senior
27488,None
27489,Disabled
27490,Adult
27491,None
27492,None
27493,None
27494,Disabled
27495,None
27496,None
27497,None
27498,None
27499,None
27500,None
27501,None
27502,None
27503,Adult
27504,Adult
27505,Disabled
27506,None
27507,None
27508,None
27509,None
27510,Senior
27511,None
27512,None
27513,None
27514,None
27515,None
27516,None
27517,None
27518,None
27519,None
27520,None
27521,None
27522,None
27523,None
27524,Senior
27525,None
27526,None
27527,Disabled
27528,None
27529,None
27530,None
27531,None
27532,None
27533,None
27534,Adult
27535,None
27536,Senior
27537,None
27538,Adult
27539,None
27540,Disabled
27541,Senior
27542,Disabled
27543,Senior
27544,None
27545,None
27546,None
27547,Disabled
27548,Adult
27549,None
27550,None
27551,None
27552,None
27553,None
27554,None
27555,None
27556,None
27557,None
27558,None
27559,None
27560,None
27561,None
27562,None
27563,None
27564,Disabled
27565,None
27566,None
27567,None
27568,None
27569,None
27570,None
27571,None
27572,None
27573,None
27574,None
27575,None
27576,None
27577,None
27578,Disabled
27579,None
27580,Adult
27581,None
27582,None
27583,None
27584,Senior
27585,None
27586,None
27587,None
27588,None
27589,Adult
27590,Adult
27591,Adult
27592,None
27593,None
27594,Adult
27595,Senior
27596,Adult
27597,None
27598,None
27599,None
27600,None
27601,None
27602,None
27603,None
27604,Disabled
27605,Adult
27606,None
27607,Senior
27608,None
27609,Senior
27610,None
27611,None
27612,None
27613,None
27614,None
27615,Adult
27616,None
27617,None
27618,Disabled
27619,Disabled
27620,None
27621,None
27622,Disabled
27623,Disabled
27624,Disabled
27625,Adult
27626,Adult
27627,None
27628,Adult
27629,None
27630,None
27631,None
27632,None
27633,None
27634,None
27635,None
27636,None
27637,None
27638,Adult
27639,None
27640,None
27641,None
27642,None
27643,Adult
27644,Adult
27645,None
27646,None
27647,None
27648,None
27649,None
27650,None
27651,Adult
27652,Disabled
27653,None
27654,None
27655,None
27656,None
27657,None
27658,Adult
27659,Adult
27660,Adult
27661,Disabled
27662,Disabled
27663,None
27664,None
27665,Adult
27666,None
27667,None
27668,None
27669,None
27670,None
27671,None
27672,Senior
27673,Senior
27674,Adult
27675,Adult
27676,None
27677,Senior
27678,None
27679,Adult
27680,None
27681,Adult
27682,None
27683,None
27684,Senior
27685,Senior
27686,None
27687,None
27688,Adult
27689,None
27690,Adult
27691,None
27692,None
27693,Senior
27694,None
27695,Adult
27696,Senior
27697,None
27698,None
27699,Senior
27700,None
27701,None
27702,Senior
27703,Senior
27704,None
27705,Adult
27706,Adult
27707,None
27708,None
27709,None
27710,Adult
27711,None
27712,None
27713,None
27714,Disabled
27715,None
27716,None
27717,None
27718,None
27719,None
27720,None
27721,None
27722,Adult
27723,None
27724,None
27725,None
27726,Disabled
27727,None
27728,None
27729,None
27730,Adult
27731,Adult
27732,None
27733,Adult
27734,Adult
27735,None
27736,None
27737,Disabled
27738,Disabled
27739,Disabled
27740,None
27741,None
27742,None
27743,None
27744,None
27745,None
27746,None
27747,Disabled
27748,Disabled
27749,None
27750,Senior
27751,Adult
27752,None
27753,Adult
27754,None
27755,None
27756,None
27757,None
27758,None
27759,None
27760,None
27761,None
27762,None
27763,None
27764,None
27765,Disabled
27766,None
27767,None
27768,None
27769,None
27770,Disabled
27771,None
27772,None
27773,None
27774,Senior
27775,Adult
27776,None
27777,Senior
27778,Senior
27779,Adult
27780,Disabled
27781,None
27782,None
27783,Disabled
27784,None
27785,None
27786,Adult
27787,None
27788,None
27789,None
27790,None
27791,None
27792,None
27793,None
27794,None
27795,None
27796,None
27797,None
27798,None
27799,Disabled
27800,None
27801,None
27802,None
27803,None
27804,None
27805,None
27806,None
27807,None
27808,None
27809,None
27810,None
27811,None
27812,None
27813,Senior
27814,Senior
27815,Disabled
27816,Senior
27817,None
27818,Senior
27819,Disabled
27820,None
27821,Senior
27822,None
27823,None
27824,None
27825,None
27826,None
27827,None
27828,None
27829,None
27830,None
27831,Adult
27832,None
27833,None
27834,Disabled
27835,None
27836,None
27837,None
27838,Disabled
27839,None
27840,Disabled
27841,None
27842,None
27843,None
27844,None
27845,None
27846,None
27847,None
27848,None
27849,None
27850,Disabled
27851,None
27852,None
27853,Disabled
27854,Senior
27855,None
27856,None
27857,Adult
27858,Adult
27859,Disabled
27860,None
27861,None
27862,Senior
27863,Senior
27864,None
27865,Senior
27866,Senior
27867,None
27868,None
27869,Adult
27870,None
27871,None
27872,None
27873,None
27874,None
27875,Adult
27876,None
27877,None
27878,Adult
27879,None
27880,None
27881,None
27882,Adult
27883,None
27884,Disabled
27885,None
27886,Adult
27887,Adult
27888,Senior
27889,Adult
27890,Disabled
27891,None
27892,None
27893,Disabled
27894,Adult
27895,Senior
27896,None
27897,None
27898,None
27899,None
27900,None
27901,None
27902,None
27903,None
27904,None
27905,None
27906,Senior
27907,None
27908,None
27909,None
27910,None
27911,None
27912,None
27913,Disabled
27914,None
27915,Adult
27916,None
27917,Senior
27918,Senior
27919,None
27920,None
27921,Disabled
27922,Adult
27923,Disabled
27924,None
27925,None
27926,Adult
27927,Adult
27928,Adult
27929,None
27930,None
27931,None
27932,None
27933,None
27934,None
27935,None
27936,Disabled
27937,Disabled
27938,None
27939,Disabled
27940,Senior
27941,None
27942,None
27943,Adult
27944,None
27945,None
27946,None
27947,None
27948,Adult
27949,Adult
27950,Adult
27951,Senior
27952,None
27953,Senior
27954,Senior
27955,Adult
27956,Adult
27957,None
27958,None
27959,None
27960,None
27961,Senior
27962,Senior
27963,Senior
27964,Senior
27965,None
27966,Adult
27967,None
27968,Adult
27969,None
27970,None
27971,Disabled
27972,None
27973,None
27974,Adult
27975,None
27976,Senior
27977,None
27978,None
27979,None
27980,None
27981,None
27982,None
27983,None
27984,None
27985,None
27986,None
27987,Adult
27988,None
27989,None
27990,None
27991,None
27992,Adult
27993,None
27994,None
27995,Disabled
27996,None
27997,Adult
27998,None
27999,Senior
28000,None
28001,None
28002,None
28003,None
28004,None
28005,None
28006,Adult
28007,Adult
28008,None
28009,Adult
28010,None
28011,None
28012,None
28013,None
28014,None
28015,None
28016,None
28017,None
28018,None
28019,Disabled
28020,None
28021,None
28022,None
28023,None
28024,None
28025,None
28026,None
28027,None
28028,None
28029,Adult
28030,Disabled
28031,None
28032,None
28033,None
28034,None
28035,None
28036,None
28037,None
28038,None
28039,None
28040,None
28041,Adult
28042,None
28043,None
28044,None
28045,None
28046,Adult
28047,None
28048,None
28049,None
28050,Senior
28051,None
28052,Senior
28053,Senior
28054,None
28055,Disabled
28056,None
28057,Senior
28058,Adult
28059,Senior
28060,Disabled
28061,None
28062,Adult
28063,Disabled
28064,None
28065,Disabled
28066,None
28067,None
28068,None
28069,Adult
28070,Adult
28071,None
28072,None
28073,None
28074,Adult
28075,None
28076,None
28077,None
28078,None
28079,None
28080,None
28081,None
28082,None
28083,None
28084,None
28085,None
28086,None
28087,None
28088,None
28089,None
28090,None
28091,None
28092,None
28093,None
28094,None
28095,None
28096,None
28097,None
28098,None
28099,None
28100,None
28101,None
28102,None
28103,Disabled
28104,Senior
28105,None
28106,None
28107,Disabled
28108,None
28109,Disabled
28110,None
28111,None
28112,None
28113,None
28114,None
28115,None
28116,None
28117,None
28118,None
28119,None
28120,Disabled
28121,None
28122,None
28123,Adult
28124,None
28125,Disabled
28126,None
28127,None
28128,None
28129,Adult
28130,None
28131,None
28132,Adult
28133,None
28134,Disabled
28135,None
28136,None
28137,Adult
28138,Senior
28139,Adult
28140,Adult
28141,None
28142,None
28143,None
28144,None
28145,Adult
28146,None
28147,None
28148,None
28149,None
28150,Disabled
28151,Disabled
28152,None
28153,None
28154,None
28155,None
28156,None
28157,None
28158,Disabled
28159,Disabled
28160,None
28161,None
28162,None
28163,None
28164,None
28165,None
28166,None
28167,None
28168,Disabled
28169,None
28170,Senior
28171,None
28172,None
28173,None
28174,None
28175,None
28176,None
28177,None
28178,None
28179,None
28180,None
28181,None
28182,Adult
28183,Senior
28184,None
28185,None
28186,None
28187,None
28188,None
28189,None
28190,None
28191,Disabled
28192,Disabled
28193,Disabled
28194,Adult
28195,Adult
28196,Adult
28197,Adult
28198,None
28199,Senior
28200,Adult
28201,None
28202,None
28203,None
28204,None
28205,Disabled
28206,None
28207,Adult
28208,Adult
28209,Senior
28210,Senior
28211,Senior
28212,Senior
28213,None
28214,None
28215,None
28216,None
28217,None
28218,None
28219,None
28220,None
28221,None
28222,Senior
28223,None
28224,None
28225,None
28226,None
28227,None
28228,None
28229,None
28230,None
28231,None
28232,None
28233,None
28234,None
28235,None
28236,None
28237,None
28238,None
28239,Adult
28240,None
28241,Adult
28242,None
28243,None
28244,None
28245,None
28246,None
28247,Adult
28248,None
28249,Adult
28250,None
28251,None
28252,None
28253,Disabled
28254,None
28255,None
28256,Disabled
28257,Disabled
28258,None
28259,None
28260,None
28261,None
28262,None
28263,None
28264,None
28265,Disabled
28266,Disabled
28267,Adult
28268,Senior
28269,None
28270,None
28271,Disabled
28272,None
28273,Adult
28274,None
28275,None
28276,None
28277,None
28278,None
28279,Adult
28280,Disabled
28281,None
28282,None
28283,None
28284,None
28285,Adult
28286,None
28287,None
28288,Adult
28289,Adult
28290,None
28291,None
28292,None
28293,None
28294,Disabled
28295,Senior
28296,None
28297,None
28298,Disabled
28299,Disabled
28300,None
28301,None
28302,None
28303,None
28304,Adult
28305,None
28306,Adult
28307,None
28308,Senior
28309,None
28310,None
28311,Disabled
28312,None
28313,Adult
28314,None
28315,None
28316,None
28317,None
28318,None
28319,None
28320,None
28321,None
28322,None
28323,None
28324,Adult
28325,None
28326,None
28327,None
28328,None
28329,None
28330,Disabled
28331,None
28332,None
28333,None
28334,None
28335,None
28336,None
28337,None
28338,None
28339,None
28340,None
28341,None
28342,None
28343,Adult
28344,Senior
28345,None
28346,None
28347,Senior
28348,Senior
28349,None
28350,None
28351,Senior
28352,None
28353,Senior
28354,Senior
28355,Senior
28356,Disabled
28357,None
28358,Disabled
28359,Disabled
28360,None
28361,None
28362,None
28363,None
28364,None
28365,Disabled
28366,Senior
28367,Disabled
28368,None
28369,None
28370,None
28371,None
28372,None
28373,None
28374,None
28375,None
28376,None
28377,None
28378,Adult
28379,None
28380,Adult
28381,None
28382,None
28383,Senior
28384,None
28385,None
28386,None
28387,None
28388,Adult
28389,None
28390,None
28391,None
28392,None
28393,None
28394,None
28395,None
28396,None
28397,None
28398,None
28399,Disabled
28400,None
28401,None
28402,None
28403,None
28404,None
28405,None
28406,None
28407,None
28408,None
28409,None
28410,None
28411,None
28412,Senior
28413,None
28414,None
28415,None
28416,Senior
28417,None
28418,None
28419,None
28420,Adult
28421,Adult
28422,Adult
28423,None
28424,Senior
28425,None
28426,Adult
28427,None
28428,None
28429,Adult
28430,None
28431,None
28432,None
28433,None
28434,None
28435,None
28436,None
28437,None
28438,None
28439,None
28440,None
28441,None
28442,None
28443,None
28444,Disabled
28445,Disabled
28446,Adult
28447,Adult
28448,None
28449,Disabled
28450,Senior
28451,None
28452,Disabled
28453,Senior
28454,None
28455,Adult
28456,Adult
28457,None
28458,Adult
28459,None
28460,Senior
28461,Adult
28462,None
28463,None
28464,None
28465,None
28466,None
28467,None
28468,None
28469,None
28470,Adult
28471,None
28472,Senior
28473,None
28474,None
28475,None
28476,Adult
28477,None
28478,None
28479,None
28480,None
28481,Adult
28482,Disabled
28483,Disabled
28484,Adult
28485,Adult
28486,Adult
28487,Disabled
28488,None
28489,None
28490,Senior
28491,None
28492,None
28493,None
28494,None
28495,None
28496,Disabled
28497,Senior
28498,None
28499,None
28500,None
28501,None
28502,Adult
28503,Adult
28504,Disabled
28505,Adult
28506,None
28507,Senior
28508,None
28509,Adult
28510,Adult
28511,None
28512,Adult
28513,Adult
28514,None
28515,Senior
28516,None
28517,None
28518,None
28519,None
28520,None
28521,None
28522,Disabled
28523,None
28524,None
28525,Senior
28526,None
28527,Senior
28528,Senior
28529,Adult
28530,Senior
28531,None
28532,None
28533,None
28534,None
28535,Adult
28536,None
28537,None
28538,None
28539,None
28540,None
28541,Senior
28542,None
28543,None
28544,None
28545,None
28546,Adult
28547,None
28548,None
28549,None
28550,None
28551,None
28552,None
28553,None
28554,None
28555,None
28556,None
28557,None
28558,Adult
28559,None
28560,None
28561,Adult
28562,None
28563,Disabled
28564,None
28565,Disabled
28566,None
28567,None
28568,None
28569,Adult
28570,None
28571,Adult
28572,Adult
28573,None
28574,None
28575,None
28576,Adult
28577,None
28578,None
28579,None
28580,None
28581,Adult
28582,None
28583,None
28584,None
28585,Senior
28586,None
28587,Senior
28588,Senior
28589,Senior
28590,None
28591,Disabled
28592,None
28593,None
28594,Disabled
28595,Disabled
28596,None
28597,Disabled
28598,None
28599,None
28600,None
28601,None
28602,None
28603,None
28604,None
28605,Adult
28606,None
28607,None
28608,None
28609,Adult
28610,Adult
28611,Adult
28612,None
28613,None
28614,None
28615,None
28616,None
28617,Adult
28618,None
28619,None
28620,Disabled
28621,Disabled
28622,Disabled
28623,Disabled
28624,None
28625,None
28626,None
28627,None
28628,None
28629,Disabled
28630,Disabled
28631,Adult
28632,None
28633,None
28634,None
28635,None
28636,Senior
28637,None
28638,Senior
28639,Senior
28640,Disabled
28641,None
28642,Senior
28643,Disabled
28644,None
28645,Disabled
28646,None
28647,Adult
28648,None
28649,None
28650,None
28651,None
28652,None
28653,None
28654,None
28655,None
28656,None
28657,None
28658,None
28659,None
28660,Adult
28661,None
28662,None
28663,Adult
28664,Adult
28665,None
28666,Adult
28667,None
28668,None
28669,None
28670,Adult
28671,None
28672,None
28673,Senior
28674,Disabled
28675,Disabled
28676,Adult
28677,None
28678,None
28679,None
28680,None
28681,None
28682,Adult
28683,Senior
28684,Senior
28685,None
28686,None
28687,None
28688,None
28689,None
28690,Senior
28691,Disabled
28692,None
28693,Senior
28694,None
28695,None
28696,None
28697,None
28698,None
28699,None
28700,None
28701,None
28702,Disabled
28703,Adult
28704,None
28705,None
28706,Adult
28707,None
28708,Disabled
28709,None
28710,Adult
28711,None
28712,Adult
28713,Adult
28714,Adult
28715,None
28716,None
28717,None
28718,Senior
28719,None
28720,Senior
28721,None
28722,None
28723,Adult
28724,Adult
28725,None
28726,None
28727,None
28728,Adult
28729,None
28730,None
28731,None
28732,Adult
28733,None
28734,None
28735,Adult
28736,None
28737,None
28738,None
28739,None
28740,None
28741,Adult
28742,None
28743,None
28744,None
28745,None
28746,None
28747,Adult
28748,None
28749,Adult
28750,Disabled
28751,None
28752,None
28753,Adult
28754,None
28755,None
28756,None
28757,None
28758,None
28759,Adult
28760,None
28761,Adult
28762,Disabled
28763,Disabled
28764,Adult
28765,Adult
28766,Adult
28767,Adult
28768,None
28769,None
28770,None
28771,Adult
28772,Adult
28773,Adult
28774,None
28775,Senior
28776,Senior
28777,Senior
28778,Senior
28779,Senior
28780,Senior
28781,Senior
28782,None
28783,None
28784,Senior
28785,Adult
28786,None
28787,None
28788,None
28789,Disabled
28790,None
28791,None
28792,None
28793,None
28794,Adult
28795,Senior
28796,None
28797,Senior
28798,None
28799,None
28800,None
28801,Adult
28802,None
28803,Adult
28804,None
28805,None
28806,None
28807,None
28808,None
28809,Senior
28810,Adult
28811,None
28812,None
28813,Senior
28814,None
28815,None
28816,None
28817,None
28818,None
28819,None
28820,None
28821,None
28822,None
28823,None
28824,Adult
28825,Senior
28826,None
28827,Adult
28828,None
28829,None
28830,None
28831,Disabled
28832,None
28833,None
28834,None
28835,Adult
28836,None
28837,None
28838,None
28839,Disabled
28840,None
28841,None
28842,None
28843,None
28844,None
28845,Adult
28846,None
28847,None
28848,None
28849,Adult
28850,None
28851,None
28852,None
28853,Adult
28854,None
28855,None
28856,None
28857,None
28858,None
28859,None
28860,Adult
28861,None
28862,None
28863,Disabled
28864,None
28865,None
28866,Senior
28867,None
28868,None
28869,Senior
28870,Disabled
28871,Senior
28872,Senior
28873,Senior
28874,None
28875,Disabled
28876,Disabled
28877,None
28878,Disabled
28879,Disabled
28880,None
28881,Disabled
28882,Disabled
28883,None
28884,None
28885,None
28886,None
28887,Adult
28888,Adult
28889,None
28890,None
28891,None
28892,None
28893,None
28894,None
28895,None
28896,None
28897,None
28898,None
28899,None
28900,None
28901,None
28902,Disabled
28903,None
28904,None
28905,None
28906,Disabled
28907,Disabled
28908,None
28909,None
28910,None
28911,None
28912,None
28913,Disabled
28914,Disabled
28915,Senior
28916,Disabled
28917,Disabled
28918,Senior
28919,None
28920,Senior
28921,Senior
28922,None
28923,None
28924,None
28925,None
28926,None
28927,None
28928,None
28929,None
28930,None
28931,None
28932,Adult
28933,Disabled
28934,None
28935,None
28936,None
28937,None
28938,None
28939,None
28940,None
28941,None
28942,None
28943,None
28944,None
28945,None
28946,None
28947,None
28948,None
28949,Adult
28950,Senior
28951,Adult
28952,Adult
28953,Disabled
28954,Disabled
28955,None
28956,None
28957,None
28958,None
28959,Senior
28960,Adult
28961,None
28962,None
28963,Senior
28964,None
28965,None
28966,Senior
28967,None
28968,None
28969,Adult
28970,None
28971,Senior
28972,Senior
28973,Senior
28974,None
28975,None
28976,Adult
28977,None
28978,Adult
28979,None
28980,None
28981,Disabled
28982,None
28983,None
28984,Adult
28985,None
28986,Adult
28987,None
28988,Adult
28989,None
28990,Adult
28991,None
28992,Adult
28993,Senior
28994,Senior
28995,None
28996,None
28997,None
28998,None
28999,None
29000,None
29001,None
29002,None
29003,None
29004,Senior
29005,None
29006,None
29007,None
29008,None
29009,None
29010,Adult
29011,None
29012,Disabled
29013,None
29014,None
29015,None
29016,Senior
29017,None
29018,None
29019,Senior
29020,Senior
29021,None
29022,None
29023,Senior
29024,Senior
29025,None
29026,Adult
29027,Disabled
29028,Disabled
29029,None
29030,Adult
29031,Disabled
29032,Adult
29033,Adult
29034,None
29035,Adult
29036,None
29037,Senior
29038,Senior
29039,Senior
29040,None
29041,None
29042,None
29043,None
29044,None
29045,Senior
29046,None
29047,None
29048,None
29049,Senior
29050,Adult
29051,None
29052,None
29053,Adult
29054,Adult
29055,Adult
29056,None
29057,None
29058,None
29059,None
29060,None
29061,None
29062,None
29063,None
29064,None
29065,None
29066,None
29067,Adult
29068,None
29069,None
29070,None
29071,Adult
29072,Disabled
29073,None
29074,None
29075,Adult
29076,Adult
29077,None
29078,None
29079,None
29080,None
29081,None
29082,Adult
29083,None
29084,None
29085,None
29086,None
29087,None
29088,None
29089,None
29090,None
29091,None
29092,None
29093,None
29094,None
29095,Adult
29096,None
29097,Disabled
29098,Disabled
29099,None
29100,None
29101,None
29102,None
29103,Adult
29104,None
29105,Adult
29106,None
29107,None
29108,None
29109,Disabled
29110,None
29111,None
29112,None
29113,None
29114,None
29115,None
29116,None
29117,None
29118,None
29119,Senior
29120,None
29121,Senior
29122,Senior
29123,None
29124,None
29125,None
29126,None
29127,Adult
29128,None
29129,None
29130,None
29131,None
29132,None
29133,None
29134,None
29135,None
29136,None
29137,Senior
29138,None
29139,None
29140,Disabled
29141,None
29142,None
29143,None
29144,None
29145,None
29146,None
29147,None
29148,Senior
29149,None
29150,None
29151,Disabled
29152,None
29153,None
29154,None
29155,None
29156,None
29157,Adult
29158,None
29159,Adult
29160,Adult
29161,None
29162,None
29163,None
29164,None
29165,None
29166,Disabled
29167,None
29168,Adult
29169,None
29170,Senior
29171,Senior
29172,Senior
29173,Senior
29174,Senior
29175,Senior
29176,None
29177,Senior
29178,Adult
29179,Disabled
29180,Disabled
29181,None
29182,None
29183,None
29184,Adult
29185,None
29186,None
29187,None
29188,None
29189,None
29190,None
29191,Adult
29192,None
29193,None
29194,None
29195,None
29196,None
29197,None
29198,None
29199,None
29200,None
29201,None
29202,None
29203,None
29204,Senior
29205,None
29206,None
29207,None
29208,None
29209,None
29210,None
29211,None
29212,None
29213,None
29214,Adult
29215,None
29216,None
29217,None
29218,None
29219,None
29220,Senior
29221,Adult
29222,Senior
29223,None
29224,None
29225,None
29226,None
29227,Adult
29228,Disabled
29229,None
29230,None
29231,None
29232,None
29233,None
29234,None
29235,Adult
29236,None
29237,Disabled
29238,Disabled
29239,Disabled
29240,None
29241,Senior
29242,None
29243,None
29244,None
29245,None
29246,Disabled
29247,Disabled
29248,Disabled
29249,None
29250,Disabled
29251,Disabled
29252,Senior
29253,Adult
29254,Adult
29255,Adult
29256,None
29257,Adult
29258,Senior
29259,None
29260,Senior
29261,Adult
29262,Adult
29263,None
29264,None
29265,None
29266,None
29267,None
29268,Adult
29269,None
29270,Disabled
29271,None
29272,None
29273,None
29274,None
29275,None
29276,Adult
29277,None
29278,Adult
29279,Senior
29280,None
29281,None
29282,None
29283,None
29284,Adult
29285,None
29286,None
29287,None
29288,None
29289,Senior
29290,None
29291,None
29292,None
29293,Adult
29294,Senior
29295,Senior
29296,None
29297,Disabled
29298,None
29299,None
29300,Adult
29301,Disabled
29302,Adult
29303,None
29304,Adult
29305,Adult
29306,Adult
29307,Senior
29308,Senior
29309,None
29310,Senior
29311,Senior
29312,Senior
29313,None
29314,Disabled
29315,None
29316,Senior
29317,None
29318,None
29319,None
29320,None
29321,Senior
29322,None
29323,None
29324,None
29325,None
29326,None
29327,Adult
29328,None
29329,None
29330,None
29331,None
29332,None
29333,None
29334,None
29335,None
29336,Adult
29337,None
29338,None
29339,None
29340,None
29341,None
29342,None
29343,None
29344,None
29345,Adult
29346,None
29347,Senior
29348,Disabled
29349,Adult
29350,None
29351,Adult
29352,Adult
29353,None
29354,Disabled
29355,Adult
29356,None
29357,Adult
29358,None
29359,Adult
29360,Adult
29361,None
29362,Disabled
29363,None
29364,Disabled
29365,None
29366,None
29367,None
29368,None
29369,None
29370,Senior
29371,None
29372,Adult
29373,None
29374,Adult
29375,None
29376,None
29377,Disabled
29378,None
29379,Adult
29380,None
29381,None
29382,Disabled
29383,None
29384,None
29385,None
29386,None
29387,Disabled
29388,Senior
29389,Adult
29390,Adult
29391,None
29392,None
29393,Senior
29394,Adult
29395,None
29396,None
29397,None
29398,Senior
29399,Disabled
29400,Disabled
29401,None
29402,Disabled
29403,Disabled
29404,None
29405,None
29406,None
29407,Disabled
29408,None
29409,None
29410,Adult
29411,None
29412,None
29413,Adult
29414,None
29415,None
29416,None
29417,None
29418,None
29419,None
29420,None
29421,Senior
29422,Disabled
29423,None
29424,None
29425,None
29426,None
29427,None
29428,Disabled
29429,None
29430,None
29431,None
29432,None
29433,Adult
29434,None
29435,None
29436,Disabled
29437,Adult
29438,Disabled
29439,Senior
29440,Senior
29441,None
29442,Senior
29443,Senior
29444,Senior
29445,None
29446,None
29447,Disabled
29448,Disabled
29449,None
29450,None
29451,None
29452,None
29453,None
29454,None
29455,None
29456,Adult
29457,Adult
29458,Adult
29459,None
29460,None
29461,None
29462,None
29463,None
29464,None
29465,None
29466,Adult
29467,None
29468,None
29469,None
29470,None
29471,None
29472,None
29473,None
29474,None
29475,None
29476,None
29477,None
29478,None
29479,None
29480,None
29481,None
29482,None
29483,None
29484,Adult
29485,None
29486,None
29487,None
29488,None
29489,Disabled
29490,Disabled
29491,None
29492,None
29493,Senior
29494,None
29495,None
29496,Adult
29497,Senior
29498,None
29499,None
29500,None
29501,None
29502,None
29503,None
29504,None
29505,None
29506,None
29507,None
29508,Senior
29509,None
29510,None
29511,Senior
29512,Senior
29513,None
29514,None
29515,None
29516,Disabled
29517,None
29518,None
29519,Disabled
29520,None
29521,Disabled
29522,Adult
29523,Senior
29524,Adult
29525,Disabled
29526,Adult
29527,None
29528,Senior
29529,None
29530,Senior
29531,Adult
29532,Senior
29533,Adult
29534,None
29535,Senior
29536,Adult
29537,Senior
29538,None
29539,None
29540,None
29541,None
29542,None
29543,None
29544,None
29545,None
29546,None
29547,Senior
29548,None
29549,None
29550,None
29551,None
29552,None
29553,None
29554,None
29555,Adult
29556,None
29557,None
29558,None
29559,None
29560,None
29561,Senior
29562,None
29563,Adult
29564,Senior
29565,None
29566,Senior
29567,Senior
29568,None
29569,None
29570,None
29571,None
29572,Disabled
29573,None
29574,Adult
29575,Disabled
29576,Adult
29577,Adult
29578,None
29579,Adult
29580,Adult
29581,None
29582,Adult
29583,Adult
29584,Adult
29585,Senior
29586,Senior
29587,Adult
29588,None
29589,Disabled
29590,Senior
29591,Senior
29592,Senior
29593,None
29594,None
29595,Adult
29596,None
29597,None
29598,None
29599,None
29600,None
29601,None
29602,None
29603,None
29604,None
29605,None
29606,None
29607,None
29608,None
29609,None
29610,None
29611,None
29612,None
29613,None
29614,None
29615,None
29616,None
29617,None
29618,None
29619,Disabled
29620,Senior
29621,None
29622,Adult
29623,None
29624,Disabled
29625,None
29626,Adult
29627,None
29628,None
29629,Senior
29630,None
29631,None
29632,Disabled
29633,None
29634,None
29635,None
29636,Senior
29637,Adult
29638,None
29639,Adult
29640,None
29641,Disabled
29642,None
29643,None
29644,None
29645,Adult
29646,Adult
29647,None
29648,None
29649,None
29650,None
29651,None
29652,Disabled
29653,None
29654,None
29655,None
29656,None
29657,Disabled
29658,None
29659,None
29660,None
29661,Disabled
29662,None
29663,Senior
29664,None
29665,None
29666,Senior
29667,Senior
29668,None
29669,Disabled
29670,None
29671,None
29672,None
29673,None
29674,Disabled
29675,None
29676,None
29677,None
29678,None
29679,Disabled
29680,None
29681,None
29682,None
29683,None
29684,None
29685,Disabled
29686,None
29687,None
29688,None
29689,None
29690,None
29691,None
29692,None
29693,None
29694,Disabled
29695,None
29696,None
29697,None
29698,None
29699,None
29700,None
29701,Adult
29702,None
29703,None
29704,None
29705,Adult
29706,None
29707,None
29708,None
29709,None
29710,Senior
29711,None
29712,Senior
29713,Adult
29714,None
29715,Senior
29716,None
29717,Disabled
29718,None
29719,None
29720,Disabled
29721,None
29722,Disabled
29723,Disabled
29724,None
29725,None
29726,None
29727,None
29728,None
29729,None
29730,None
29731,None
29732,None
29733,None
29734,None
29735,None
29736,None
29737,None
29738,None
29739,None
29740,None
29741,None
29742,None
29743,None
29744,None
29745,Adult
29746,None
29747,None
29748,None
29749,Disabled
29750,None
29751,None
29752,None
29753,None
29754,None
29755,Disabled
29756,None
29757,Disabled
29758,None
29759,None
29760,Senior
29761,Senior
29762,Adult
29763,None
29764,None
29765,Adult
29766,None
29767,Senior
29768,Adult
29769,Senior
29770,None
29771,None
29772,None
29773,Adult
29774,None
29775,None
29776,Adult
29777,None
29778,Adult
29779,Adult
29780,Disabled
29781,None
29782,None
29783,Disabled
29784,Disabled
29785,None
29786,Adult
29787,None
29788,Adult
29789,Adult
29790,Senior
29791,None
29792,Senior
29793,Adult
29794,Adult
29795,Adult
29796,None
29797,None
29798,None
29799,None
29800,None
29801,None
29802,None
29803,None
29804,None
29805,Adult
29806,None
29807,None
29808,None
29809,None
29810,Disabled
29811,None
29812,None
29813,Adult
29814,None
29815,None
29816,None
29817,Adult
29818,None
29819,None
29820,None
29821,Disabled
29822,Adult
29823,None
29824,Adult
29825,None
29826,Adult
29827,None
29828,None
29829,None
29830,None
29831,None
29832,None
29833,None
29834,None
29835,None
29836,Disabled
29837,None
29838,None
29839,Adult
29840,Adult
29841,Adult
29842,Senior
29843,Senior
29844,Senior
29845,None
29846,None
29847,None
29848,None
29849,Senior
29850,None
29851,Senior
29852,None
29853,None
29854,Adult
29855,Adult
29856,None
29857,None
29858,Adult
29859,Adult
29860,Senior
29861,Senior
29862,None
29863,Senior
29864,Senior
29865,None
29866,None
29867,None
29868,None
29869,None
29870,None
29871,None
29872,None
29873,Adult
29874,None
29875,None
29876,None
29877,None
29878,Adult
29879,None
29880,None
29881,Adult
29882,None
29883,None
29884,Disabled
29885,None
29886,None
29887,None
29888,None
29889,None
29890,None
29891,Disabled
29892,None
29893,None
29894,None
29895,None
29896,None
29897,None
29898,None
29899,None
29900,Adult
29901,None
29902,None
29903,None
29904,None
29905,Disabled
29906,Disabled
29907,Disabled
29908,Disabled
29909,Disabled
29910,None
29911,None
29912,None
29913,None
29914,None
29915,Disabled
29916,Disabled
29917,Adult
29918,Disabled
29919,Disabled
29920,Senior
29921,Adult
29922,Adult
29923,None
29924,None
29925,None
29926,None
29927,None
29928,None
29929,None
29930,None
29931,None
29932,Disabled
29933,Adult
29934,Disabled
29935,None
29936,None
29937,None
29938,None
29939,None
29940,Adult
29941,None
29942,None
29943,None
29944,None
29945,None
29946,None
29947,None
29948,None
29949,Senior
29950,None
29951,None
29952,Senior
29953,Senior
29954,Disabled
29955,None
29956,Disabled
29957,Disabled
29958,Disabled
29959,None
29960,None
29961,Disabled
29962,None
29963,None
29964,Adult
29965,None
29966,Disabled
29967,Senior
29968,None
29969,Adult
29970,None
29971,None
29972,Senior
29973,Disabled
29974,None
29975,None
29976,None
29977,None
29978,Adult
29979,None
29980,None
29981,None
29982,None
29983,None
29984,None
29985,None
29986,Adult
29987,None
29988,None
29989,None
29990,Senior
29991,Disabled
29992,None
29993,None
29994,Senior
29995,None
29996,Senior
29997,None
29998,Disabled
29999,Adult
30000,None
30001,Disabled
30002,None
30003,None
30004,None
30005,Adult
30006,None
30007,None
30008,None
30009,None
30010,None
30011,None
30012,None
30013,None
30014,Adult
30015,None
30016,None
30017,None
30018,None
30019,None
30020,Adult
30021,Disabled
30022,None
30023,Adult
30024,None
30025,None
30026,Disabled
30027,None
30028,None
30029,Disabled
30030,None
30031,None
30032,None
30033,None
30034,Adult
30035,None
30036,Adult
30037,None
30038,None
30039,None
30040,Disabled
30041,None
30042,None
30043,None
30044,Adult
30045,None
30046,None
30047,Adult
30048,None
30049,None
30050,None
30051,None
30052,None
30053,None
30054,Disabled
30055,Adult
30056,None
30057,None
30058,None
30059,Senior
30060,Adult
30061,Disabled
30062,Adult
30063,Adult
30064,Senior
30065,Adult
30066,None
30067,None
30068,None
30069,None
30070,None
30071,None
30072,Adult
30073,Adult
30074,Senior
30075,None
30076,Adult
30077,None
30078,None
30079,Disabled
30080,None
30081,Disabled
30082,None
30083,Adult
30084,Senior
30085,None
30086,None
30087,None
30088,None
30089,None
30090,None
30091,Senior
30092,None
30093,None
30094,None
30095,None
30096,Senior
30097,None
30098,Disabled
30099,Adult
30100,Senior
30101,Adult
30102,None
30103,Adult
30104,None
30105,Adult
30106,Adult
30107,None
30108,None
30109,None
30110,None
30111,Adult
30112,None
30113,None
30114,None
30115,None
30116,None
30117,None
30118,Adult
30119,None
30120,None
30121,Adult
30122,None
30123,None
30124,None
30125,Senior
30126,Senior
30127,Senior
30128,Senior
30129,Senior
30130,Adult
30131,Senior
30132,None
30133,None
30134,None
30135,None
30136,None
30137,None
30138,None
30139,None
30140,None
30141,None
30142,None
30143,None
30144,None
30145,None
30146,Senior
30147,None
30148,None
30149,None
30150,None
30151,Disabled
30152,Disabled
30153,None
30154,None
30155,None
30156,Adult
30157,Senior
30158,None
30159,None
30160,None
30161,None
30162,Adult
30163,None
30164,None
30165,None
30166,None
30167,None
30168,None
30169,None
30170,None
30171,None
30172,Adult
30173,None
30174,None
30175,None
30176,Adult
30177,None
30178,None
30179,None
30180,None
30181,Senior
30182,None
30183,Disabled
30184,Disabled
30185,Disabled
30186,None
30187,None
30188,None
30189,None
30190,None
30191,None
30192,None
30193,None
30194,Adult
30195,None
30196,None
30197,None
30198,None
30199,None
30200,None
30201,None
30202,None
30203,None
30204,None
30205,None
30206,None
30207,Adult
30208,None
30209,None
30210,None
30211,None
30212,Disabled
30213,None
30214,Adult
30215,None
30216,None
30217,None
30218,None
30219,Senior
30220,Disabled
30221,Senior
30222,Senior
30223,None
30224,Senior
30225,None
30226,Disabled
30227,Disabled
30228,Disabled
30229,None
30230,None
30231,None
30232,None
30233,None
30234,Adult
30235,Senior
30236,Adult
30237,Disabled
30238,Adult
30239,None
30240,None
30241,None
30242,None
30243,None
30244,None
30245,None
30246,None
30247,None
30248,Adult
30249,None
30250,Disabled
30251,None
30252,None
30253,None
30254,None
30255,None
30256,None
30257,None
30258,None
30259,Adult
30260,Adult
30261,Senior
30262,None
30263,Disabled
30264,None
30265,Senior
30266,Senior
30267,Disabled
30268,None
30269,None
30270,None
30271,None
30272,None
30273,None
30274,None
30275,None
30276,None
30277,None
30278,None
30279,None
30280,None
30281,None
30282,None
30283,None
30284,Adult
30285,None
30286,None
30287,None
30288,None
30289,None
30290,Adult
30291,Adult
30292,Adult
30293,None
30294,Adult
30295,None
30296,None
30297,None
30298,Senior
30299,Senior
30300,None
30301,Senior
30302,None
30303,None
30304,None
30305,None
30306,None
30307,None
30308,None
30309,None
30310,Senior
30311,None
30312,None
30313,None
30314,None
30315,Adult
30316,None
30317,None
30318,None
30319,None
30320,None
30321,None
30322,None
30323,None
30324,None
30325,None
30326,Disabled
30327,None
30328,Disabled
30329,None
30330,Disabled
30331,None
30332,None
30333,Adult
30334,Senior
30335,Senior
30336,Senior
30337,None
30338,Senior
30339,Adult
30340,None
30341,None
30342,None
30343,None
30344,None
30345,None
30346,None
30347,None
30348,Senior
30349,Senior
30350,Adult
30351,None
30352,Adult
30353,None
30354,None
30355,None
30356,None
30357,None
30358,Adult
30359,Adult
30360,Adult
30361,Disabled
30362,None
30363,Disabled
30364,None
30365,Adult
30366,None
30367,None
30368,None
30369,Disabled
30370,None
30371,None
30372,None
30373,Disabled
30374,Adult
30375,Disabled
30376,Disabled
30377,Adult
30378,Adult
30379,Adult
30380,None
30381,Adult
30382,Adult
30383,None
30384,None
30385,Senior
30386,Senior
30387,Senior
30388,Senior
30389,Senior
30390,None
30391,None
30392,None
30393,None
30394,Disabled
30395,None
30396,Senior
30397,Adult
30398,Senior
30399,Senior
30400,None
30401,None
30402,Senior
30403,Adult
30404,None
30405,None
30406,None
30407,Adult
30408,Adult
30409,None
30410,None
30411,Senior
30412,None
30413,None
30414,None
30415,None
30416,None
30417,None
30418,None
30419,None
30420,None
30421,None
30422,None
30423,None
30424,None
30425,None
30426,Adult
30427,None
30428,None
30429,None
30430,Adult
30431,None
30432,None
30433,None
30434,Adult
30435,Adult
30436,Adult
30437,Adult
30438,None
30439,None
30440,None
30441,Adult
30442,Adult
30443,None
30444,None
30445,None
30446,Disabled
30447,Disabled
30448,None
30449,None
30450,Senior
30451,None
30452,None
30453,None
30454,None
30455,Disabled
30456,None
30457,None
30458,Disabled
30459,Senior
30460,Adult
30461,None
30462,Adult
30463,None
30464,None
30465,None
30466,Adult
30467,None
30468,None
30469,None
30470,None
30471,None
30472,Senior
30473,Senior
30474,None
30475,Senior
30476,None
30477,None
30478,Disabled
30479,Disabled
30480,None
30481,Disabled
30482,Disabled
30483,None
30484,None
30485,None
30486,None
30487,None
30488,Senior
30489,Senior
30490,Adult
30491,Adult
30492,None
30493,Adult
30494,None
30495,None
30496,None
30497,None
30498,None
30499,Disabled
30500,None
30501,None
30502,None
30503,None
30504,None
30505,None
30506,None
30507,Disabled
30508,None
30509,None
30510,None
30511,Disabled
30512,None
30513,None
30514,Disabled
30515,Disabled
30516,None
30517,None
30518,None
30519,None
30520,None
30521,None
30522,None
30523,None
30524,None
30525,None
30526,None
30527,Adult
30528,Adult
30529,Senior
30530,None
30531,Adult
30532,Senior
30533,Senior
30534,Senior
30535,None
30536,None
30537,None
30538,None
30539,None
30540,None
30541,None
30542,None
30543,None
30544,None
30545,None
30546,None
30547,Adult
30548,None
30549,Disabled
30550,None
30551,None
30552,None
30553,Disabled
30554,None
30555,Senior
30556,None
30557,None
30558,None
30559,Disabled
30560,None
30561,None
30562,None
30563,Adult
30564,Adult
30565,None
30566,None
30567,Disabled
30568,Disabled
30569,Adult
30570,Adult
30571,None
30572,Senior
30573,Adult
30574,None
30575,None
30576,None
30577,Adult
30578,Senior
30579,Senior
30580,None
30581,None
30582,Adult
30583,None
30584,None
30585,None
30586,None
30587,None
30588,Senior
30589,None
30590,None
30591,None
30592,None
30593,None
30594,None
30595,None
30596,None
30597,Disabled
30598,Disabled
30599,Adult
30600,Adult
30601,None
30602,Adult
30603,Senior
30604,None
30605,None
30606,None
30607,Adult
30608,None
30609,None
30610,None
30611,None
30612,None
30613,Disabled
30614,None
30615,None
30616,None
30617,Adult
30618,None
30619,None
30620,Disabled
30621,None
30622,None
30623,Disabled
30624,None
30625,None
30626,None
30627,None
30628,None
30629,None
30630,Senior
30631,None
30632,None
30633,None
30634,None
30635,None
30636,None
30637,None
30638,Senior
30639,Disabled
30640,None
30641,Adult
30642,Disabled
30643,Adult
30644,None
30645,Disabled
30646,Adult
30647,Adult
30648,Adult
30649,Adult
30650,Senior
30651,Senior
30652,None
30653,None
30654,None
30655,None
30656,None
30657,None
30658,None
30659,None
30660,Disabled
30661,Senior
30662,None
30663,Senior
30664,Senior
30665,Senior
30666,Senior
30667,None
30668,Adult
30669,Adult
30670,Adult
30671,None
30672,None
30673,None
30674,None
30675,None
30676,None
30677,None
30678,None
30679,None
30680,None
30681,Disabled
30682,None
30683,None
30684,Senior
30685,None
30686,None
30687,None
30688,None
30689,None
30690,None
30691,None
30692,None
30693,Disabled
30694,None
30695,None
30696,None
30697,Adult
30698,Adult
30699,Adult
30700,None
30701,None
30702,None
30703,None
30704,Adult
30705,None
30706,Disabled
30707,Adult
30708,Disabled
30709,None
30710,None
30711,None
30712,Adult
30713,None
30714,Disabled
30715,None
30716,None
30717,Adult
30718,Adult
30719,Senior
30720,None
30721,None
30722,None
30723,None
30724,None
30725,None
30726,None
30727,Adult
30728,None
30729,None
30730,None
30731,None
30732,None
30733,Adult
30734,Adult
30735,None
30736,None
30737,Disabled
30738,Disabled
30739,None
30740,None
30741,None
30742,Senior
30743,None
30744,None
30745,Disabled
30746,None
30747,None
30748,None
30749,None
30750,None
30751,None
30752,None
30753,None
30754,None
30755,None
30756,None
30757,None
30758,None
30759,None
30760,None
30761,None
30762,None
30763,None
30764,None
30765,None
30766,Disabled
30767,None
30768,None
30769,None
30770,None
30771,None
30772,None
30773,None
30774,None
30775,None
30776,None
30777,None
30778,None
30779,None
30780,None
30781,None
30782,None
30783,None
30784,Adult
30785,None
30786,None
30787,None
30788,Disabled
30789,Senior
30790,Senior
30791,Senior
30792,Senior
30793,None
30794,Senior
30795,Senior
30796,None
30797,None
30798,None
30799,None
30800,Disabled
30801,Adult
30802,Disabled
30803,None
30804,None
30805,None
30806,None
30807,None
30808,None
30809,None
30810,None
30811,Senior
30812,Disabled
30813,None
30814,None
30815,None
30816,None
30817,None
30818,Adult
30819,None
30820,None
30821,Adult
30822,None
30823,None
30824,Disabled
30825,Adult
30826,None
30827,Adult
30828,None
30829,None
30830,None
30831,Disabled
30832,Disabled
30833,None
30834,Disabled
30835,Adult
30836,Senior
30837,None
30838,Disabled
30839,Senior
30840,None
30841,None
30842,None
30843,Adult
30844,None
30845,None
30846,None
30847,Disabled
30848,Senior
30849,None
30850,Senior
30851,Senior
30852,None
30853,None
30854,Disabled
30855,None
30856,Disabled
30857,Disabled
30858,None
30859,Adult
30860,None
30861,None
30862,Adult
30863,Disabled
30864,Adult
30865,None
30866,Senior
30867,None
30868,None
30869,Adult
30870,None
30871,None
30872,None
30873,None
30874,None
30875,None
30876,None
30877,None
30878,None
30879,None
30880,None
30881,None
30882,Disabled
30883,None
30884,Adult
30885,Adult
30886,None
30887,None
30888,None
30889,Disabled
30890,None
30891,None
30892,None
30893,Senior
30894,Adult
30895,None
30896,None
30897,None
30898,None
30899,Adult
30900,Disabled
30901,Adult
30902,Disabled
30903,Adult
30904,None
30905,None
30906,None
30907,None
30908,None
30909,None
30910,None
30911,None
30912,None
30913,None
30914,None
30915,None
30916,None
30917,Adult
30918,None
30919,Adult
30920,Adult
30921,Adult
30922,Adult
30923,Adult
30924,Adult
30925,None
30926,Adult
30927,None
30928,None
30929,Adult
30930,Senior
30931,Senior
30932,Adult
30933,None
30934,Senior
30935,Senior
30936,None
30937,None
30938,None
30939,Adult
30940,None
30941,None
30942,Senior
30943,None
30944,Adult
30945,Adult
30946,None
30947,None
30948,None
30949,Adult
30950,None
30951,Adult
30952,None
30953,Adult
30954,None
30955,None
30956,None
30957,None
30958,None
30959,None
30960,None
30961,None
30962,Adult
30963,Adult
30964,Adult
30965,Senior
30966,None
30967,Adult
30968,None
30969,None
30970,Adult
30971,Disabled
30972,Adult
30973,None
30974,None
30975,None
30976,None
30977,None
30978,Disabled
30979,None
30980,Disabled
30981,None
30982,Disabled
30983,Adult
30984,Disabled
30985,None
30986,None
30987,Adult
30988,Disabled
30989,None
30990,None
30991,None
30992,Adult
30993,None
30994,Senior
30995,Adult
30996,None
30997,None
30998,Adult
30999,Adult
31000,None
31001,Adult
31002,None
31003,None
31004,None
31005,None
31006,None
31007,None
31008,None
31009,None
31010,None
31011,None
31012,Disabled
31013,None
31014,None
31015,Senior
31016,Senior
31017,None
31018,Senior
31019,Senior
31020,Disabled
31021,None
31022,None
31023,None
31024,None
31025,Disabled
31026,Disabled
31027,Adult
31028,Senior
31029,Adult
31030,None
31031,None
31032,None
31033,None
31034,None
31035,None
31036,None
31037,None
31038,None
31039,Disabled
31040,None
31041,None
31042,None
31043,None
31044,None
31045,None
31046,None
31047,None
31048,None
31049,Disabled
31050,None
31051,None
31052,None
31053,None
31054,Adult
31055,Disabled
31056,None
31057,None
31058,None
31059,None
31060,Adult
31061,None
31062,None
31063,None
31064,None
31065,None
31066,Disabled
31067,Senior
31068,None
31069,Disabled
31070,None
31071,None
31072,Disabled
31073,Disabled
31074,Adult
31075,None
31076,None
31077,None
31078,None
31079,None
31080,None
31081,None
31082,None
31083,None
31084,None
31085,None
31086,None
31087,Disabled
31088,None
31089,Adult
31090,None
31091,None
31092,None
31093,None
31094,Adult
31095,None
31096,None
31097,None
31098,Disabled
31099,None
31100,None
31101,Adult
31102,Senior
31103,Adult
31104,None
31105,None
31106,None
31107,Adult
31108,Adult
31109,None
31110,None
31111,None
31112,Adult
31113,None
31114,None
31115,None
31116,Adult
31117,None
31118,None
31119,None
31120,None
31121,None
31122,Adult
31123,None
31124,None
31125,Senior
31126,Senior
31127,None
31128,None
31129,None
31130,None
31131,Adult
31132,None
31133,None
31134,Adult
31135,None
31136,Disabled
31137,Adult
31138,Disabled
31139,Adult
31140,Disabled
31141,Disabled
31142,None
31143,Senior
31144,Disabled
31145,Adult
31146,Adult
31147,Senior
31148,Adult
31149,Adult
31150,None
31151,Senior
31152,Adult
31153,Adult
31154,None
31155,None
31156,None
31157,None
31158,None
31159,None
31160,Adult
31161,None
31162,Senior
31163,None
31164,Senior
31165,None
31166,None
31167,Adult
31168,Adult
31169,None
31170,Adult
31171,None
31172,Adult
31173,Senior
31174,None
31175,None
31176,None
31177,None
31178,None
31179,None
31180,Adult
31181,None
31182,Adult
31183,Senior
31184,Disabled
31185,None
31186,Senior
31187,Adult
31188,None
31189,None
31190,None
31191,None
31192,Senior
31193,None
31194,None
31195,None
31196,None
31197,Disabled
31198,None
31199,Adult
31200,Disabled
31201,None
31202,Adult
31203,None
31204,Senior
31205,None
31206,Adult
31207,None
31208,None
31209,None
31210,Disabled
31211,None
31212,Adult
31213,None
31214,None
31215,Adult
31216,Adult
31217,None
31218,None
31219,None
31220,None
31221,None
31222,None
31223,None
31224,None
31225,None
31226,Adult
31227,None
31228,Adult
31229,None
31230,None
31231,None
31232,None
31233,None
31234,Senior
31235,None
31236,None
31237,None
31238,None
31239,None
31240,None
31241,None
31242,None
31243,None
31244,None
31245,None
31246,None
31247,None
31248,Adult
31249,Adult
31250,None
31251,Adult
31252,Adult
31253,None
31254,None
31255,None
31256,None
31257,Adult
31258,None
31259,None
31260,None
31261,None
31262,None
31263,None
31264,None
31265,None
31266,None
31267,Disabled
31268,Disabled
31269,None
31270,Adult
31271,None
31272,None
31273,Adult
31274,None
31275,None
31276,None
31277,None
31278,None
31279,None
31280,Adult
31281,None
31282,None
31283,None
31284,None
31285,None
31286,None
31287,None
31288,Disabled
31289,None
31290,None
31291,Senior
31292,Senior
31293,Disabled
31294,None
31295,None
31296,Adult
31297,Adult
31298,None
31299,Disabled
31300,None
31301,None
31302,None
31303,None
31304,None
31305,None
31306,None
31307,None
31308,None
31309,None
31310,Adult
31311,Adult
31312,None
31313,None
31314,None
31315,None
31316,None
31317,None
31318,Senior
31319,Senior
31320,Senior
31321,Adult
31322,None
31323,Senior
31324,Disabled
31325,None
31326,Adult
31327,None
31328,None
31329,None
31330,None
31331,Adult
31332,None
31333,Adult
31334,None
31335,Senior
31336,Disabled
31337,None
31338,None
31339,None
31340,None
31341,None
31342,Adult
31343,None
31344,Adult
31345,Disabled
31346,Adult
31347,None
31348,None
31349,Senior
31350,Adult
31351,None
31352,None
31353,Senior
31354,None
31355,Disabled
31356,Senior
31357,None
31358,Adult
31359,None
31360,Senior
31361,None
31362,Senior
31363,None
31364,Senior
31365,None
31366,Disabled
31367,Senior
31368,None
31369,Senior
31370,None
31371,None
31372,None
31373,None
31374,Adult
31375,Adult
31376,None
31377,Disabled
31378,None
31379,Disabled
31380,None
31381,None
31382,None
31383,Disabled
31384,Disabled
31385,None
31386,None
31387,Disabled
31388,None
31389,None
31390,Adult
31391,Adult
31392,Adult
31393,Adult
31394,Adult
31395,Disabled
31396,Senior
31397,Adult
31398,Adult
31399,None
31400,None
31401,Adult
31402,Adult
31403,None
31404,None
31405,Adult
31406,None
31407,Adult
31408,None
31409,None
31410,None
31411,None
31412,None
31413,None
31414,None
31415,None
31416,None
31417,None
31418,None
31419,None
31420,None
31421,Adult
31422,Senior
31423,None
31424,None
31425,Disabled
31426,None
31427,None
31428,None
31429,None
31430,None
31431,None
31432,None
31433,Disabled
31434,None
31435,None
31436,Senior
31437,None
31438,None
31439,Adult
31440,None
31441,None
31442,Disabled
31443,Disabled
31444,None
31445,Adult
31446,None
31447,None
31448,None
31449,Adult
31450,Senior
31451,None
31452,None
31453,None
31454,None
31455,None
31456,Disabled
31457,Adult
31458,Disabled
31459,Adult
31460,None
31461,None
31462,None
31463,None
31464,None
31465,None
31466,Adult
31467,Adult
31468,Senior
31469,Senior
31470,None
31471,Senior
31472,None
31473,Adult
31474,None
31475,None
31476,None
31477,None
31478,Disabled
31479,None
31480,Disabled
31481,None
31482,None
31483,Senior
31484,None
31485,Senior
31486,Senior
31487,Adult
31488,None
31489,Senior
31490,Senior
31491,None
31492,None
31493,None
31494,None
31495,Adult
31496,None
31497,None
31498,Adult
31499,Adult
31500,Adult
31501,None
31502,None
31503,None
31504,None
31505,None
31506,None
31507,Senior
31508,None
31509,None
31510,None
31511,Adult
31512,None
31513,None
31514,Disabled
31515,None
31516,None
31517,None
31518,Adult
31519,None
31520,None
31521,None
31522,None
31523,None
31524,None
31525,None
31526,None
31527,None
31528,None
31529,None
31530,Senior
31531,None
31532,None
31533,None
31534,None
31535,None
31536,None
31537,None
31538,Disabled
31539,None
31540,None
31541,None
31542,None
31543,None
31544,None
31545,Adult
31546,None
31547,None
31548,Adult
31549,Disabled
31550,Disabled
31551,None
31552,None
31553,None
31554,None
31555,Adult
31556,None
31557,None
31558,Senior
31559,None
31560,Disabled
31561,None
31562,Adult
31563,Disabled
31564,Senior
31565,Disabled
31566,None
31567,None
31568,Senior
31569,None
31570,None
31571,None
31572,None
31573,None
31574,Disabled
31575,None
31576,None
31577,None
31578,None
31579,Disabled
31580,Disabled
31581,Senior
31582,None
31583,None
31584,None
31585,None
31586,None
31587,None
31588,None
31589,Disabled
31590,None
31591,Disabled
31592,Senior
31593,None
31594,None
31595,Adult
31596,None
31597,None
31598,None
31599,None
31600,Adult
31601,None
31602,None
31603,Adult
31604,None
31605,None
31606,Disabled
31607,None
31608,Senior
31609,Senior
31610,Senior
31611,None
31612,None
31613,Adult
31614,Adult
31615,None
31616,None
31617,Disabled
31618,None
31619,None
31620,Senior
31621,None
31622,None
31623,Adult
31624,Disabled
31625,Adult
31626,Adult
31627,Disabled
31628,Adult
31629,Adult
31630,None
31631,None
31632,None
31633,Adult
31634,None
31635,Adult
31636,Adult
31637,Adult
31638,None
31639,None
31640,Disabled
31641,Adult
31642,Adult
31643,Senior
31644,Adult
31645,Adult
31646,None
31647,None
31648,None
31649,Senior
31650,None
31651,None
31652,None
31653,None
31654,None
31655,None
31656,Adult
