Ticket_ID,Transaction_ID,Ticket_Class,Ticket_Type
4,4,Standard,Advance
5,5,Standard,Advance
6,6,Standard,Advance
7,7,Standard,Advance
8,8,Standard,Advance
9,9,Standard,Advance
10,10,Standard,Advance
11,11,Standard,Advance
12,12,Standard,Advance
13,13,Standard,Advance
14,14,Standard,Advance
15,15,Standard,Advance
16,16,Standard,Advance
17,17,Standard,Advance
18,18,Standard,Advance
19,19,Standard,Advance
20,20,Standard,Advance
21,21,Standard,Advance
22,22,Standard,Advance
23,23,Standard,Advance
24,24,Standard,Advance
25,25,Standard,Advance
26,26,Standard,Advance
27,27,Standard,Advance
28,28,Standard,Advance
29,29,Standard,Advance
30,30,Standard,Advance
31,31,Standard,Advance
32,32,Standard,Advance
33,33,Standard,Advance
34,34,Standard,Advance
35,35,Standard,Advance
36,36,Standard,Advance
37,37,Standard,Advance
38,38,Standard,Off-Peak
39,39,Standard,Off-Peak
40,40,Standard,Off-Peak
41,41,Standard,Off-Peak
42,42,Standard,Off-Peak
43,43,Standard,Advance
44,44,Standard,Off-Peak
45,45,Standard,Anytime
46,46,Standard,Anytime
47,47,Standard,Anytime
48,48,Standard,Anytime
49,49,Standard,Advance
50,50,Standard,Anytime
51,51,Standard,Anytime
52,52,Standard,Anytime
53,53,Standard,Anytime
54,54,Standard,Anytime
55,55,Standard,Anytime
56,56,Standard,Anytime
57,57,Standard,Anytime
58,58,Standard,Anytime
59,59,Standard,Anytime
60,60,Standard,Off-Peak
61,61,Standard,Advance
62,62,Standard,Advance
63,63,Standard,Advance
64,64,Standard,Off-Peak
65,65,Standard,Advance
66,66,Standard,Off-Peak
67,67,Standard,Off-Peak
68,68,Standard,Off-Peak
69,69,Standard,Off-Peak
70,70,Standard,Anytime
71,71,Standard,Anytime
72,72,Standard,Anytime
73,73,Standard,Anytime
74,74,Standard,Anytime
75,75,Standard,Advance
76,76,Standard,Anytime
77,77,Standard,Advance
78,78,Standard,Anytime
79,79,Standard,Advance
80,80,Standard,Advance
81,81,Standard,Advance
82,82,Standard,Advance
83,83,Standard,Advance
84,84,Standard,Advance
85,85,Standard,Advance
86,86,Standard,Advance
87,87,Standard,Advance
88,88,Standard,Advance
89,89,Standard,Advance
90,90,Standard,Off-Peak
91,91,Standard,Off-Peak
92,92,Standard,Off-Peak
93,93,Standard,Off-Peak
94,94,Standard,Off-Peak
95,95,Standard,Off-Peak
96,96,Standard,Advance
97,97,Standard,Off-Peak
98,98,Standard,Advance
99,99,Standard,Advance
100,100,Standard,Off-Peak
101,101,Standard,Advance
102,102,Standard,Advance
103,103,Standard,Advance
104,104,Standard,Off-Peak
105,105,Standard,Off-Peak
106,106,Standard,Advance
107,107,Standard,Advance
108,108,Standard,Off-Peak
109,109,Standard,Advance
110,110,Standard,Advance
111,111,Standard,Advance
112,112,Standard,Advance
113,113,Standard,Advance
114,114,Standard,Advance
115,115,Standard,Off-Peak
116,116,Standard,Advance
117,117,Standard,Advance
118,118,Standard,Off-Peak
119,119,Standard,Off-Peak
120,120,Standard,Off-Peak
121,121,Standard,Advance
122,122,Standard,Anytime
123,123,Standard,Anytime
124,124,Standard,Advance
125,125,Standard,Anytime
126,126,Standard,Anytime
127,127,Standard,Anytime
128,128,Standard,Anytime
129,129,Standard,Anytime
130,130,Standard,Anytime
131,131,Standard,Anytime
132,132,Standard,Anytime
133,133,Standard,Anytime
134,134,Standard,Advance
135,135,Standard,Anytime
136,136,Standard,Anytime
137,137,Standard,Anytime
138,138,Standard,Anytime
139,139,Standard,Anytime
140,140,Standard,Advance
141,141,Standard,Advance
142,142,Standard,Anytime
143,143,Standard,Anytime
144,144,Standard,Anytime
145,145,Standard,Anytime
146,146,Standard,Anytime
147,147,Standard,Advance
148,148,Standard,Advance
149,149,Standard,Anytime
150,150,Standard,Anytime
151,151,Standard,Anytime
152,152,Standard,Anytime
153,153,Standard,Anytime
154,154,Standard,Advance
155,155,Standard,Anytime
156,156,Standard,Anytime
157,157,Standard,Anytime
158,158,Standard,Anytime
159,159,Standard,Anytime
160,160,Standard,Anytime
161,161,Standard,Advance
162,162,Standard,Anytime
163,163,Standard,Anytime
164,164,Standard,Anytime
165,165,Standard,Advance
166,166,Standard,Anytime
167,167,Standard,Anytime
168,168,Standard,Anytime
169,169,Standard,Advance
170,170,Standard,Anytime
171,171,Standard,Anytime
172,172,Standard,Anytime
173,173,Standard,Advance
174,174,Standard,Anytime
175,175,Standard,Off-Peak
176,176,Standard,Off-Peak
177,177,Standard,Off-Peak
178,178,Standard,Advance
179,179,Standard,Off-Peak
180,180,Standard,Advance
181,181,Standard,Off-Peak
182,182,Standard,Advance
183,183,Standard,Off-Peak
184,184,Standard,Advance
185,185,Standard,Advance
186,186,Standard,Advance
187,187,Standard,Advance
188,188,Standard,Advance
189,189,Standard,Advance
190,190,Standard,Off-Peak
191,191,Standard,Advance
192,192,Standard,Advance
193,193,Standard,Advance
194,194,Standard,Advance
195,195,Standard,Off-Peak
196,196,Standard,Advance
197,197,Standard,Advance
198,198,Standard,Off-Peak
199,199,Standard,Advance
200,200,Standard,Advance
201,201,Standard,Advance
202,202,Standard,Advance
203,203,Standard,Off-Peak
204,204,Standard,Advance
205,205,Standard,Advance
206,206,Standard,Advance
207,207,Standard,Advance
208,208,Standard,Advance
209,209,Standard,Off-Peak
210,210,Standard,Off-Peak
211,211,Standard,Advance
212,212,Standard,Off-Peak
213,213,Standard,Advance
214,214,Standard,Advance
215,215,Standard,Advance
216,216,Standard,Advance
217,217,Standard,Advance
218,218,Standard,Off-Peak
219,219,Standard,Advance
220,220,Standard,Advance
221,221,Standard,Off-Peak
222,222,Standard,Advance
223,223,Standard,Advance
224,224,Standard,Advance
225,225,Standard,Off-Peak
226,226,Standard,Off-Peak
227,227,Standard,Off-Peak
228,228,Standard,Off-Peak
229,229,Standard,Advance
230,230,Standard,Off-Peak
231,231,Standard,Advance
232,232,Standard,Advance
233,233,Standard,Advance
234,234,Standard,Off-Peak
235,235,Standard,Off-Peak
236,236,Standard,Off-Peak
237,237,Standard,Advance
238,238,Standard,Advance
239,239,Standard,Advance
240,240,Standard,Off-Peak
241,241,Standard,Off-Peak
242,242,Standard,Off-Peak
243,243,Standard,Off-Peak
244,244,Standard,Advance
245,245,Standard,Off-Peak
246,246,Standard,Advance
247,247,Standard,Advance
248,248,Standard,Off-Peak
249,249,Standard,Anytime
250,250,Standard,Anytime
251,251,Standard,Anytime
252,252,Standard,Anytime
253,253,Standard,Anytime
254,254,Standard,Anytime
255,255,Standard,Anytime
256,256,Standard,Anytime
257,257,Standard,Anytime
258,258,Standard,Anytime
259,259,Standard,Advance
260,260,Standard,Advance
261,261,Standard,Anytime
262,262,Standard,Advance
263,263,Standard,Anytime
264,264,Standard,Anytime
265,265,Standard,Anytime
266,266,Standard,Anytime
267,267,Standard,Anytime
268,268,Standard,Anytime
269,269,Standard,Advance
270,270,Standard,Anytime
271,271,Standard,Advance
272,272,Standard,Advance
273,273,Standard,Advance
274,274,Standard,Advance
275,275,Standard,Advance
276,276,Standard,Advance
277,277,Standard,Advance
278,278,Standard,Advance
279,279,Standard,Advance
280,280,Standard,Anytime
281,281,Standard,Anytime
282,282,Standard,Anytime
283,283,Standard,Anytime
284,284,Standard,Advance
285,285,Standard,Anytime
286,286,Standard,Anytime
287,287,Standard,Anytime
288,288,Standard,Anytime
289,289,Standard,Anytime
290,290,Standard,Advance
291,291,Standard,Advance
292,292,Standard,Advance
293,293,Standard,Advance
294,294,Standard,Advance
295,295,Standard,Advance
296,296,Standard,Off-Peak
297,297,Standard,Advance
298,298,Standard,Advance
299,299,Standard,Advance
300,300,Standard,Off-Peak
301,301,Standard,Advance
302,302,Standard,Advance
303,303,Standard,Advance
304,304,Standard,Anytime
305,305,Standard,Off-Peak
306,306,Standard,Anytime
307,307,Standard,Advance
308,308,Standard,Off-Peak
309,309,Standard,Advance
310,310,Standard,Advance
311,311,Standard,Advance
312,312,Standard,Advance
313,313,Standard,Off-Peak
314,314,Standard,Off-Peak
315,315,Standard,Advance
316,316,Standard,Advance
317,317,Standard,Advance
318,318,Standard,Advance
319,319,Standard,Advance
320,320,Standard,Advance
321,321,Standard,Advance
322,322,Standard,Off-Peak
323,323,Standard,Advance
324,324,Standard,Off-Peak
325,325,Standard,Advance
326,326,Standard,Off-Peak
327,327,Standard,Advance
328,328,Standard,Advance
329,329,Standard,Advance
330,330,Standard,Advance
331,331,Standard,Advance
332,332,Standard,Advance
333,333,Standard,Advance
334,334,Standard,Advance
335,335,Standard,Advance
336,336,Standard,Advance
337,337,Standard,Advance
338,338,Standard,Advance
339,339,Standard,Advance
340,340,Standard,Advance
341,341,Standard,Advance
342,342,Standard,Advance
343,343,Standard,Advance
344,344,Standard,Off-Peak
345,345,Standard,Off-Peak
346,346,Standard,Advance
347,347,Standard,Advance
348,348,Standard,Advance
349,349,Standard,Advance
350,350,Standard,Advance
351,351,Standard,Advance
352,352,Standard,Advance
353,353,Standard,Advance
354,354,Standard,Advance
355,355,Standard,Advance
356,356,Standard,Advance
357,357,Standard,Advance
358,358,Standard,Advance
359,359,Standard,Advance
360,360,Standard,Advance
361,361,Standard,Advance
362,362,Standard,Advance
363,363,Standard,Advance
364,364,Standard,Advance
365,365,Standard,Off-Peak
366,366,Standard,Off-Peak
367,367,Standard,Off-Peak
368,368,Standard,Off-Peak
369,369,Standard,Off-Peak
370,370,Standard,Off-Peak
371,371,Standard,Off-Peak
372,372,Standard,Off-Peak
373,373,Standard,Off-Peak
374,374,Standard,Off-Peak
375,375,Standard,Advance
376,376,Standard,Off-Peak
377,377,Standard,Off-Peak
378,378,Standard,Off-Peak
379,379,Standard,Off-Peak
380,380,Standard,Advance
381,381,Standard,Off-Peak
382,382,Standard,Advance
383,383,Standard,Off-Peak
384,384,Standard,Off-Peak
385,385,Standard,Off-Peak
386,386,Standard,Off-Peak
387,387,Standard,Off-Peak
388,388,Standard,Off-Peak
389,389,Standard,Advance
390,390,Standard,Advance
391,391,Standard,Advance
392,392,Standard,Advance
393,393,Standard,Off-Peak
394,394,Standard,Off-Peak
395,395,Standard,Off-Peak
396,396,Standard,Advance
397,397,Standard,Advance
398,398,Standard,Advance
399,399,Standard,Anytime
400,400,Standard,Anytime
401,401,Standard,Anytime
402,402,Standard,Anytime
403,403,Standard,Anytime
404,404,Standard,Anytime
405,405,Standard,Anytime
406,406,Standard,Anytime
407,407,Standard,Anytime
408,408,Standard,Anytime
409,409,Standard,Anytime
410,410,Standard,Anytime
411,411,Standard,Anytime
412,412,Standard,Anytime
413,413,Standard,Anytime
414,414,Standard,Advance
415,415,Standard,Anytime
416,416,Standard,Advance
417,417,Standard,Anytime
418,418,Standard,Advance
419,419,Standard,Advance
420,420,Standard,Anytime
421,421,Standard,Anytime
422,422,Standard,Anytime
423,423,Standard,Advance
424,424,Standard,Anytime
425,425,Standard,Anytime
426,426,Standard,Anytime
427,427,Standard,Anytime
428,428,Standard,Anytime
429,429,Standard,Anytime
430,430,Standard,Anytime
431,431,Standard,Anytime
432,432,Standard,Anytime
433,433,Standard,Anytime
434,434,Standard,Anytime
435,435,Standard,Anytime
436,436,Standard,Anytime
437,437,Standard,Anytime
438,438,Standard,Anytime
439,439,Standard,Anytime
440,440,Standard,Anytime
441,441,Standard,Advance
442,442,Standard,Anytime
443,443,Standard,Anytime
444,444,Standard,Anytime
445,445,Standard,Anytime
446,446,Standard,Anytime
447,447,Standard,Anytime
448,448,Standard,Advance
449,449,Standard,Anytime
450,450,Standard,Anytime
451,451,Standard,Anytime
452,452,Standard,Anytime
453,453,Standard,Anytime
454,454,Standard,Off-Peak
455,455,Standard,Advance
456,456,Standard,Advance
457,457,Standard,Advance
458,458,Standard,Anytime
459,459,Standard,Advance
460,460,Standard,Anytime
461,461,Standard,Advance
462,462,Standard,Advance
463,463,Standard,Advance
464,464,Standard,Advance
465,465,Standard,Advance
466,466,Standard,Advance
467,467,Standard,Advance
468,468,Standard,Advance
469,469,Standard,Advance
470,470,Standard,Advance
471,471,Standard,Advance
472,472,Standard,Advance
473,473,Standard,Advance
474,474,Standard,Advance
475,475,Standard,Off-Peak
476,476,Standard,Advance
477,477,Standard,Advance
478,478,Standard,Advance
479,479,Standard,Off-Peak
480,480,Standard,Advance
481,481,Standard,Off-Peak
482,482,Standard,Advance
483,483,Standard,Off-Peak
484,484,Standard,Advance
485,485,Standard,Advance
486,486,Standard,Advance
487,487,Standard,Off-Peak
488,488,Standard,Advance
489,489,Standard,Advance
490,490,Standard,Advance
491,491,Standard,Advance
492,492,Standard,Off-Peak
493,493,Standard,Advance
494,494,Standard,Off-Peak
495,495,Standard,Advance
496,496,Standard,Advance
497,497,Standard,Off-Peak
498,498,Standard,Advance
499,499,Standard,Off-Peak
500,500,Standard,Advance
501,501,Standard,Advance
502,502,Standard,Off-Peak
503,503,Standard,Off-Peak
504,504,Standard,Advance
505,505,Standard,Off-Peak
506,506,Standard,Advance
507,507,Standard,Off-Peak
508,508,Standard,Off-Peak
509,509,Standard,Off-Peak
510,510,Standard,Advance
511,511,Standard,Off-Peak
512,512,Standard,Advance
513,513,Standard,Off-Peak
514,514,Standard,Off-Peak
515,515,Standard,Advance
516,516,Standard,Off-Peak
517,517,Standard,Off-Peak
518,518,Standard,Advance
519,519,Standard,Off-Peak
520,520,Standard,Off-Peak
521,521,Standard,Off-Peak
522,522,Standard,Advance
523,523,Standard,Off-Peak
524,524,Standard,Off-Peak
525,525,Standard,Advance
526,526,Standard,Advance
527,527,Standard,Advance
528,528,Standard,Off-Peak
529,529,Standard,Off-Peak
530,530,Standard,Off-Peak
531,531,Standard,Off-Peak
532,532,Standard,Anytime
533,533,Standard,Anytime
534,534,Standard,Anytime
535,535,Standard,Advance
536,536,Standard,Anytime
537,537,Standard,Anytime
538,538,Standard,Anytime
539,539,Standard,Anytime
540,540,Standard,Off-Peak
541,541,Standard,Advance
542,542,Standard,Advance
543,543,Standard,Off-Peak
544,544,Standard,Anytime
545,545,Standard,Advance
546,546,Standard,Advance
547,547,Standard,Advance
548,548,Standard,Advance
549,549,Standard,Anytime
550,550,Standard,Anytime
551,551,Standard,Advance
552,552,Standard,Anytime
553,553,Standard,Anytime
554,554,Standard,Anytime
555,555,Standard,Advance
556,556,Standard,Advance
557,557,Standard,Advance
558,558,Standard,Advance
559,559,Standard,Advance
560,560,Standard,Anytime
561,561,Standard,Anytime
562,562,Standard,Advance
563,563,Standard,Advance
564,564,Standard,Anytime
565,565,Standard,Anytime
566,566,Standard,Anytime
567,567,Standard,Anytime
568,568,Standard,Advance
569,569,Standard,Advance
570,570,Standard,Advance
571,571,Standard,Advance
572,572,Standard,Advance
573,573,Standard,Advance
574,574,Standard,Advance
575,575,Standard,Advance
576,576,Standard,Advance
577,577,Standard,Advance
578,578,Standard,Advance
579,579,Standard,Anytime
580,580,Standard,Anytime
581,581,Standard,Anytime
582,582,Standard,Advance
583,583,Standard,Off-Peak
584,584,Standard,Off-Peak
585,585,Standard,Off-Peak
586,586,Standard,Advance
587,587,Standard,Off-Peak
588,588,Standard,Off-Peak
589,589,Standard,Off-Peak
590,590,Standard,Off-Peak
591,591,Standard,Off-Peak
592,592,Standard,Advance
593,593,Standard,Advance
594,594,Standard,Advance
595,595,Standard,Advance
596,596,Standard,Advance
597,597,Standard,Advance
598,598,Standard,Advance
599,599,Standard,Advance
600,600,Standard,Off-Peak
601,601,Standard,Advance
602,602,Standard,Advance
603,603,Standard,Advance
604,604,Standard,Advance
605,605,Standard,Off-Peak
606,606,Standard,Advance
607,607,Standard,Off-Peak
608,608,Standard,Off-Peak
609,609,Standard,Off-Peak
610,610,Standard,Off-Peak
611,611,Standard,Advance
612,612,Standard,Advance
613,613,Standard,Advance
614,614,Standard,Advance
615,615,Standard,Advance
616,616,Standard,Advance
617,617,Standard,Advance
618,618,Standard,Advance
619,619,Standard,Advance
620,620,Standard,Advance
621,621,Standard,Advance
622,622,Standard,Off-Peak
623,623,Standard,Advance
624,624,Standard,Advance
625,625,Standard,Advance
626,626,Standard,Advance
627,627,Standard,Advance
628,628,Standard,Advance
629,629,Standard,Advance
630,630,Standard,Advance
631,631,Standard,Advance
632,632,Standard,Advance
633,633,Standard,Advance
634,634,Standard,Advance
635,635,Standard,Advance
636,636,Standard,Advance
637,637,Standard,Advance
638,638,Standard,Advance
639,639,Standard,Advance
640,640,Standard,Off-Peak
641,641,Standard,Off-Peak
642,642,Standard,Off-Peak
643,643,Standard,Off-Peak
644,644,Standard,Off-Peak
645,645,Standard,Off-Peak
646,646,Standard,Off-Peak
647,647,Standard,Off-Peak
648,648,Standard,Advance
649,649,Standard,Off-Peak
650,650,Standard,Off-Peak
651,651,Standard,Off-Peak
652,652,Standard,Advance
653,653,Standard,Off-Peak
654,654,Standard,Off-Peak
655,655,Standard,Advance
656,656,Standard,Advance
657,657,Standard,Off-Peak
658,658,Standard,Off-Peak
659,659,Standard,Advance
660,660,Standard,Advance
661,661,Standard,Off-Peak
662,662,Standard,Off-Peak
663,663,Standard,Off-Peak
664,664,Standard,Off-Peak
665,665,Standard,Off-Peak
666,666,Standard,Off-Peak
667,667,Standard,Off-Peak
668,668,Standard,Off-Peak
669,669,Standard,Off-Peak
670,670,Standard,Advance
671,671,Standard,Advance
672,672,Standard,Off-Peak
673,673,Standard,Off-Peak
674,674,Standard,Off-Peak
675,675,Standard,Off-Peak
676,676,Standard,Advance
677,677,Standard,Advance
678,678,Standard,Off-Peak
679,679,Standard,Off-Peak
680,680,Standard,Off-Peak
681,681,Standard,Advance
682,682,Standard,Anytime
683,683,Standard,Anytime
684,684,Standard,Anytime
685,685,Standard,Anytime
686,686,Standard,Anytime
687,687,Standard,Anytime
688,688,Standard,Anytime
689,689,Standard,Advance
690,690,Standard,Advance
691,691,Standard,Anytime
692,692,Standard,Advance
693,693,Standard,Anytime
694,694,Standard,Advance
695,695,Standard,Anytime
696,696,Standard,Anytime
697,697,Standard,Anytime
698,698,Standard,Advance
699,699,Standard,Advance
700,700,Standard,Advance
701,701,Standard,Advance
702,702,Standard,Anytime
703,703,Standard,Anytime
704,704,Standard,Anytime
705,705,Standard,Anytime
706,706,Standard,Anytime
707,707,Standard,Anytime
708,708,Standard,Advance
709,709,Standard,Anytime
710,710,Standard,Anytime
711,711,Standard,Anytime
712,712,Standard,Anytime
713,713,Standard,Anytime
714,714,Standard,Anytime
715,715,Standard,Anytime
716,716,Standard,Anytime
717,717,Standard,Anytime
718,718,Standard,Anytime
719,719,Standard,Anytime
720,720,Standard,Advance
721,721,Standard,Anytime
722,722,Standard,Anytime
723,723,Standard,Advance
724,724,Standard,Anytime
725,725,Standard,Off-Peak
726,726,Standard,Off-Peak
727,727,Standard,Off-Peak
728,728,Standard,Off-Peak
729,729,Standard,Advance
730,730,Standard,Off-Peak
731,731,Standard,Advance
732,732,Standard,Off-Peak
733,733,Standard,Advance
734,734,Standard,Advance
735,735,Standard,Advance
736,736,Standard,Advance
737,737,Standard,Advance
738,738,Standard,Advance
739,739,Standard,Advance
740,740,Standard,Advance
741,741,Standard,Advance
742,742,Standard,Advance
743,743,Standard,Advance
744,744,Standard,Advance
745,745,Standard,Advance
746,746,Standard,Advance
747,747,Standard,Advance
748,748,Standard,Off-Peak
749,749,Standard,Advance
750,750,Standard,Off-Peak
751,751,Standard,Advance
752,752,Standard,Advance
753,753,Standard,Advance
754,754,Standard,Advance
755,755,Standard,Advance
756,756,Standard,Advance
757,757,Standard,Off-Peak
758,758,Standard,Advance
759,759,Standard,Off-Peak
760,760,Standard,Off-Peak
761,761,Standard,Off-Peak
762,762,Standard,Off-Peak
763,763,Standard,Off-Peak
764,764,Standard,Off-Peak
765,765,Standard,Advance
766,766,Standard,Advance
767,767,Standard,Advance
768,768,Standard,Off-Peak
769,769,Standard,Advance
770,770,Standard,Off-Peak
771,771,Standard,Advance
772,772,Standard,Advance
773,773,Standard,Advance
774,774,Standard,Advance
775,775,Standard,Advance
776,776,Standard,Advance
777,777,Standard,Advance
778,778,Standard,Advance
779,779,Standard,Advance
780,780,Standard,Advance
781,781,Standard,Advance
782,782,Standard,Off-Peak
783,783,Standard,Advance
784,784,Standard,Advance
785,785,Standard,Advance
786,786,Standard,Off-Peak
787,787,Standard,Off-Peak
788,788,Standard,Off-Peak
789,789,Standard,Off-Peak
790,790,Standard,Advance
791,791,Standard,Advance
792,792,Standard,Advance
793,793,Standard,Off-Peak
794,794,Standard,Advance
795,795,Standard,Advance
796,796,Standard,Advance
797,797,Standard,Advance
798,798,Standard,Off-Peak
799,799,Standard,Off-Peak
800,800,Standard,Off-Peak
801,801,Standard,Advance
802,802,Standard,Advance
803,803,Standard,Off-Peak
804,804,Standard,Off-Peak
805,805,Standard,Off-Peak
806,806,Standard,Off-Peak
807,807,Standard,Anytime
808,808,Standard,Anytime
809,809,Standard,Anytime
810,810,Standard,Anytime
811,811,Standard,Anytime
812,812,Standard,Anytime
813,813,Standard,Anytime
814,814,Standard,Anytime
815,815,Standard,Advance
816,816,Standard,Anytime
817,817,Standard,Advance
818,818,Standard,Advance
819,819,Standard,Anytime
820,820,Standard,Off-Peak
821,821,Standard,Anytime
822,822,Standard,Anytime
823,823,Standard,Advance
824,824,Standard,Advance
825,825,Standard,Advance
826,826,Standard,Advance
827,827,Standard,Advance
828,828,Standard,Anytime
829,829,Standard,Anytime
830,830,Standard,Anytime
831,831,Standard,Anytime
832,832,Standard,Anytime
833,833,Standard,Anytime
834,834,Standard,Anytime
835,835,Standard,Anytime
836,836,Standard,Anytime
837,837,Standard,Anytime
838,838,Standard,Anytime
839,839,Standard,Anytime
840,840,Standard,Anytime
841,841,Standard,Anytime
842,842,Standard,Anytime
843,843,Standard,Advance
844,844,Standard,Anytime
845,845,Standard,Advance
846,846,Standard,Anytime
847,847,Standard,Anytime
848,848,Standard,Anytime
849,849,Standard,Anytime
850,850,Standard,Anytime
851,851,Standard,Advance
852,852,Standard,Anytime
853,853,Standard,Anytime
854,854,Standard,Anytime
855,855,Standard,Advance
856,856,Standard,Advance
857,857,Standard,Advance
858,858,Standard,Advance
859,859,Standard,Advance
860,860,Standard,Advance
861,861,Standard,Advance
862,862,Standard,Advance
863,863,Standard,Anytime
864,864,Standard,Advance
865,865,Standard,Off-Peak
866,866,Standard,Off-Peak
867,867,Standard,Advance
868,868,Standard,Advance
869,869,Standard,Advance
870,870,Standard,Advance
871,871,Standard,Off-Peak
872,872,Standard,Advance
873,873,Standard,Off-Peak
874,874,Standard,Off-Peak
875,875,Standard,Off-Peak
876,876,Standard,Advance
877,877,Standard,Advance
878,878,Standard,Advance
879,879,Standard,Advance
880,880,Standard,Off-Peak
881,881,Standard,Advance
882,882,Standard,Advance
883,883,Standard,Off-Peak
884,884,Standard,Advance
885,885,Standard,Advance
886,886,Standard,Advance
887,887,Standard,Advance
888,888,Standard,Advance
889,889,Standard,Advance
890,890,Standard,Advance
891,891,Standard,Off-Peak
892,892,Standard,Off-Peak
893,893,Standard,Off-Peak
894,894,Standard,Advance
895,895,Standard,Advance
896,896,Standard,Off-Peak
897,897,Standard,Advance
898,898,Standard,Advance
899,899,Standard,Advance
900,900,Standard,Advance
901,901,Standard,Advance
902,902,Standard,Advance
903,903,Standard,Advance
904,904,Standard,Advance
905,905,Standard,Advance
906,906,Standard,Advance
907,907,Standard,Advance
908,908,Standard,Advance
909,909,Standard,Advance
910,910,Standard,Advance
911,911,Standard,Advance
912,912,Standard,Off-Peak
913,913,Standard,Off-Peak
914,914,Standard,Off-Peak
915,915,Standard,Off-Peak
916,916,Standard,Off-Peak
917,917,Standard,Off-Peak
918,918,Standard,Off-Peak
919,919,Standard,Off-Peak
920,920,Standard,Off-Peak
921,921,Standard,Off-Peak
922,922,Standard,Advance
923,923,Standard,Advance
924,924,Standard,Off-Peak
925,925,Standard,Off-Peak
926,926,Standard,Advance
927,927,Standard,Advance
928,928,Standard,Off-Peak
929,929,Standard,Off-Peak
930,930,Standard,Off-Peak
931,931,Standard,Off-Peak
932,932,Standard,Off-Peak
933,933,Standard,Advance
934,934,Standard,Off-Peak
935,935,Standard,Advance
936,936,Standard,Advance
937,937,Standard,Advance
938,938,Standard,Off-Peak
939,939,Standard,Off-Peak
940,940,Standard,Off-Peak
941,941,Standard,Advance
942,942,Standard,Off-Peak
943,943,Standard,Advance
944,944,Standard,Off-Peak
945,945,Standard,Advance
946,946,Standard,Advance
947,947,Standard,Anytime
948,948,Standard,Anytime
949,949,Standard,Advance
950,950,Standard,Anytime
951,951,Standard,Anytime
952,952,Standard,Anytime
953,953,Standard,Anytime
954,954,Standard,Anytime
955,955,Standard,Anytime
956,956,Standard,Anytime
957,957,Standard,Anytime
958,958,Standard,Advance
959,959,Standard,Anytime
960,960,Standard,Anytime
961,961,Standard,Advance
962,962,Standard,Anytime
963,963,Standard,Advance
964,964,Standard,Anytime
965,965,Standard,Anytime
966,966,Standard,Anytime
967,967,Standard,Advance
968,968,Standard,Anytime
969,969,Standard,Advance
970,970,Standard,Advance
971,971,Standard,Advance
972,972,Standard,Advance
973,973,Standard,Anytime
974,974,Standard,Anytime
975,975,Standard,Anytime
976,976,Standard,Anytime
977,977,Standard,Anytime
978,978,Standard,Anytime
979,979,Standard,Anytime
980,980,Standard,Advance
981,981,Standard,Anytime
982,982,Standard,Anytime
983,983,Standard,Anytime
984,984,Standard,Anytime
985,985,Standard,Anytime
986,986,Standard,Anytime
987,987,Standard,Anytime
988,988,Standard,Anytime
989,989,Standard,Anytime
990,990,Standard,Off-Peak
991,991,Standard,Off-Peak
992,992,Standard,Advance
993,993,Standard,Advance
994,994,Standard,Advance
995,995,Standard,Advance
996,996,Standard,Advance
997,997,Standard,Anytime
998,998,Standard,Advance
999,999,Standard,Advance
1000,1000,Standard,Advance
1001,1001,Standard,Advance
1002,1002,Standard,Advance
1003,1003,Standard,Advance
1004,1004,Standard,Advance
1005,1005,Standard,Advance
1006,1006,Standard,Advance
1007,1007,Standard,Advance
1008,1008,Standard,Advance
1009,1009,Standard,Advance
1010,1010,Standard,Advance
1011,1011,Standard,Advance
1012,1012,Standard,Off-Peak
1013,1013,Standard,Advance
1014,1014,Standard,Off-Peak
1015,1015,Standard,Advance
1016,1016,Standard,Off-Peak
1017,1017,Standard,Off-Peak
1018,1018,Standard,Off-Peak
1019,1019,Standard,Advance
1020,1020,Standard,Advance
1021,1021,Standard,Advance
1022,1022,Standard,Advance
1023,1023,Standard,Off-Peak
1024,1024,Standard,Off-Peak
1025,1025,Standard,Advance
1026,1026,Standard,Advance
1027,1027,Standard,Advance
1028,1028,Standard,Advance
1029,1029,Standard,Off-Peak
1030,1030,Standard,Advance
1031,1031,Standard,Advance
1032,1032,Standard,Off-Peak
1033,1033,Standard,Advance
1034,1034,Standard,Advance
1035,1035,Standard,Off-Peak
1036,1036,Standard,Advance
1037,1037,Standard,Advance
1038,1038,Standard,Advance
1039,1039,Standard,Off-Peak
1040,1040,Standard,Off-Peak
1041,1041,Standard,Advance
1042,1042,Standard,Off-Peak
1043,1043,Standard,Advance
1044,1044,Standard,Off-Peak
1045,1045,Standard,Advance
1046,1046,Standard,Off-Peak
1047,1047,Standard,Advance
1048,1048,Standard,Advance
1049,1049,Standard,Advance
1050,1050,Standard,Advance
1051,1051,Standard,Off-Peak
1052,1052,Standard,Off-Peak
1053,1053,Standard,Advance
1054,1054,Standard,Advance
1055,1055,Standard,Off-Peak
1056,1056,Standard,Off-Peak
1057,1057,Standard,Advance
1058,1058,Standard,Off-Peak
1059,1059,Standard,Advance
1060,1060,Standard,Advance
1061,1061,Standard,Off-Peak
1062,1062,Standard,Anytime
1063,1063,Standard,Advance
1064,1064,Standard,Anytime
1065,1065,Standard,Anytime
1066,1066,Standard,Anytime
1067,1067,Standard,Anytime
1068,1068,Standard,Anytime
1069,1069,Standard,Advance
1070,1070,Standard,Anytime
1071,1071,Standard,Anytime
1072,1072,Standard,Anytime
1073,1073,Standard,Anytime
1074,1074,Standard,Advance
1075,1075,Standard,Advance
1076,1076,Standard,Advance
1077,1077,Standard,Anytime
1078,1078,Standard,Anytime
1079,1079,Standard,Anytime
1080,1080,Standard,Anytime
1081,1081,Standard,Anytime
1082,1082,Standard,Anytime
1083,1083,Standard,Anytime
1084,1084,Standard,Anytime
1085,1085,Standard,Advance
1086,1086,Standard,Anytime
1087,1087,Standard,Anytime
1088,1088,Standard,Anytime
1089,1089,Standard,Anytime
1090,1090,Standard,Anytime
1091,1091,Standard,Anytime
1092,1092,Standard,Advance
1093,1093,Standard,Advance
1094,1094,Standard,Advance
1095,1095,Standard,Advance
1096,1096,Standard,Anytime
1097,1097,Standard,Advance
1098,1098,Standard,Anytime
1099,1099,Standard,Anytime
1100,1100,Standard,Anytime
1101,1101,Standard,Anytime
1102,1102,Standard,Anytime
1103,1103,Standard,Advance
1104,1104,Standard,Advance
1105,1105,Standard,Advance
1106,1106,Standard,Advance
1107,1107,Standard,Advance
1108,1108,Standard,Advance
1109,1109,Standard,Advance
1110,1110,Standard,Advance
1111,1111,Standard,Anytime
1112,1112,Standard,Advance
1113,1113,Standard,Anytime
1114,1114,Standard,Anytime
1115,1115,Standard,Anytime
1116,1116,Standard,Anytime
1117,1117,Standard,Advance
1118,1118,Standard,Advance
1119,1119,Standard,Off-Peak
1120,1120,Standard,Off-Peak
1121,1121,Standard,Off-Peak
1122,1122,Standard,Advance
1123,1123,Standard,Advance
1124,1124,Standard,Advance
1125,1125,Standard,Advance
1126,1126,Standard,Off-Peak
1127,1127,Standard,Advance
1128,1128,Standard,Off-Peak
1129,1129,Standard,Off-Peak
1130,1130,Standard,Advance
1131,1131,Standard,Advance
1132,1132,Standard,Advance
1133,1133,Standard,Advance
1134,1134,Standard,Advance
1135,1135,Standard,Advance
1136,1136,Standard,Advance
1137,1137,Standard,Advance
1138,1138,Standard,Advance
1139,1139,Standard,Advance
1140,1140,Standard,Off-Peak
1141,1141,Standard,Advance
1142,1142,Standard,Advance
1143,1143,Standard,Off-Peak
1144,1144,Standard,Advance
1145,1145,Standard,Advance
1146,1146,Standard,Advance
1147,1147,Standard,Advance
1148,1148,Standard,Advance
1149,1149,Standard,Advance
1150,1150,Standard,Advance
1151,1151,Standard,Advance
1152,1152,Standard,Advance
1153,1153,Standard,Advance
1154,1154,Standard,Advance
1155,1155,Standard,Off-Peak
1156,1156,Standard,Advance
1157,1157,Standard,Advance
1158,1158,Standard,Off-Peak
1159,1159,Standard,Off-Peak
1160,1160,Standard,Off-Peak
1161,1161,Standard,Off-Peak
1162,1162,Standard,Advance
1163,1163,Standard,Advance
1164,1164,Standard,Off-Peak
1165,1165,Standard,Off-Peak
1166,1166,Standard,Off-Peak
1167,1167,Standard,Off-Peak
1168,1168,Standard,Advance
1169,1169,Standard,Off-Peak
1170,1170,Standard,Advance
1171,1171,Standard,Off-Peak
1172,1172,Standard,Advance
1173,1173,Standard,Off-Peak
1174,1174,Standard,Off-Peak
1175,1175,Standard,Off-Peak
1176,1176,Standard,Off-Peak
1177,1177,Standard,Off-Peak
1178,1178,Standard,Off-Peak
1179,1179,Standard,Off-Peak
1180,1180,Standard,Off-Peak
1181,1181,Standard,Off-Peak
1182,1182,Standard,Advance
1183,1183,Standard,Advance
1184,1184,Standard,Advance
1185,1185,Standard,Advance
1186,1186,Standard,Off-Peak
1187,1187,Standard,Advance
1188,1188,Standard,Advance
1189,1189,Standard,Advance
1190,1190,Standard,Advance
1191,1191,Standard,Off-Peak
1192,1192,Standard,Off-Peak
1193,1193,Standard,Off-Peak
1194,1194,Standard,Off-Peak
1195,1195,Standard,Off-Peak
1196,1196,Standard,Off-Peak
1197,1197,Standard,Off-Peak
1198,1198,Standard,Off-Peak
1199,1199,Standard,Off-Peak
1200,1200,Standard,Off-Peak
1201,1201,Standard,Off-Peak
1202,1202,Standard,Off-Peak
1203,1203,Standard,Off-Peak
1204,1204,Standard,Off-Peak
1205,1205,Standard,Off-Peak
1206,1206,Standard,Off-Peak
1207,1207,Standard,Advance
1208,1208,Standard,Advance
1209,1209,Standard,Off-Peak
1210,1210,Standard,Off-Peak
1211,1211,Standard,Advance
1212,1212,Standard,Advance
1213,1213,Standard,Advance
1214,1214,Standard,Advance
1215,1215,Standard,Off-Peak
1216,1216,Standard,Off-Peak
1217,1217,Standard,Off-Peak
1218,1218,Standard,Off-Peak
1219,1219,Standard,Off-Peak
1220,1220,Standard,Advance
1221,1221,Standard,Advance
1222,1222,Standard,Advance
1223,1223,Standard,Off-Peak
1224,1224,Standard,Off-Peak
1225,1225,Standard,Advance
1226,1226,Standard,Off-Peak
1227,1227,Standard,Off-Peak
1228,1228,Standard,Off-Peak
1229,1229,Standard,Advance
1230,1230,Standard,Off-Peak
1231,1231,Standard,Off-Peak
1232,1232,Standard,Advance
1233,1233,Standard,Off-Peak
1234,1234,Standard,Off-Peak
1235,1235,Standard,Off-Peak
1236,1236,Standard,Off-Peak
1237,1237,Standard,Off-Peak
1238,1238,Standard,Advance
1239,1239,Standard,Off-Peak
1240,1240,Standard,Advance
1241,1241,Standard,Advance
1242,1242,Standard,Advance
1243,1243,Standard,Advance
1244,1244,Standard,Advance
1245,1245,Standard,Advance
1246,1246,Standard,Advance
1247,1247,Standard,Advance
1248,1248,Standard,Advance
1249,1249,Standard,Advance
1250,1250,Standard,Advance
1251,1251,Standard,Advance
1252,1252,Standard,Advance
1253,1253,Standard,Advance
1254,1254,Standard,Advance
1255,1255,Standard,Advance
1256,1256,Standard,Advance
1257,1257,Standard,Advance
1258,1258,Standard,Advance
1259,1259,Standard,Off-Peak
1260,1260,Standard,Advance
1261,1261,Standard,Advance
1262,1262,Standard,Off-Peak
1263,1263,Standard,Advance
1264,1264,Standard,Advance
1265,1265,Standard,Off-Peak
1266,1266,Standard,Advance
1267,1267,Standard,Advance
1268,1268,Standard,Off-Peak
1269,1269,Standard,Advance
1270,1270,Standard,Off-Peak
1271,1271,Standard,Off-Peak
1272,1272,Standard,Off-Peak
1273,1273,Standard,Advance
1274,1274,Standard,Off-Peak
1275,1275,Standard,Off-Peak
1276,1276,Standard,Advance
1277,1277,Standard,Off-Peak
1278,1278,Standard,Off-Peak
1279,1279,Standard,Off-Peak
1280,1280,Standard,Off-Peak
1281,1281,Standard,Off-Peak
1282,1282,Standard,Off-Peak
1283,1283,Standard,Off-Peak
1284,1284,Standard,Off-Peak
1285,1285,Standard,Advance
1286,1286,Standard,Advance
1287,1287,Standard,Advance
1288,1288,Standard,Off-Peak
1289,1289,Standard,Off-Peak
1290,1290,Standard,Off-Peak
1291,1291,Standard,Off-Peak
1292,1292,Standard,Off-Peak
1293,1293,Standard,Off-Peak
1294,1294,Standard,Off-Peak
1295,1295,Standard,Advance
1296,1296,Standard,Advance
1297,1297,Standard,Advance
1298,1298,Standard,Advance
1299,1299,Standard,Advance
1300,1300,Standard,Off-Peak
1301,1301,Standard,Off-Peak
1302,1302,Standard,Off-Peak
1303,1303,Standard,Off-Peak
1304,1304,Standard,Off-Peak
1305,1305,Standard,Off-Peak
1306,1306,Standard,Off-Peak
1307,1307,Standard,Off-Peak
1308,1308,Standard,Advance
1309,1309,Standard,Off-Peak
1310,1310,Standard,Advance
1311,1311,Standard,Off-Peak
1312,1312,Standard,Advance
1313,1313,Standard,Off-Peak
1314,1314,Standard,Advance
1315,1315,Standard,Advance
1316,1316,Standard,Advance
1317,1317,Standard,Off-Peak
1318,1318,Standard,Off-Peak
1319,1319,Standard,Off-Peak
1320,1320,Standard,Off-Peak
1321,1321,Standard,Advance
1322,1322,Standard,Advance
1323,1323,Standard,Off-Peak
1324,1324,Standard,Off-Peak
1325,1325,Standard,Off-Peak
1326,1326,Standard,Off-Peak
1327,1327,Standard,Advance
1328,1328,Standard,Advance
1329,1329,Standard,Off-Peak
1330,1330,Standard,Advance
1331,1331,Standard,Off-Peak
1332,1332,Standard,Off-Peak
1333,1333,Standard,Advance
1334,1334,Standard,Off-Peak
1335,1335,Standard,Off-Peak
1336,1336,Standard,Off-Peak
1337,1337,Standard,Off-Peak
1338,1338,Standard,Advance
1339,1339,Standard,Off-Peak
1340,1340,Standard,Off-Peak
1341,1341,Standard,Off-Peak
1342,1342,Standard,Advance
1343,1343,Standard,Off-Peak
1344,1344,Standard,Advance
1345,1345,Standard,Advance
1346,1346,Standard,Advance
1347,1347,Standard,Advance
1348,1348,Standard,Advance
1349,1349,Standard,Advance
1350,1350,Standard,Advance
1351,1351,Standard,Off-Peak
1352,1352,Standard,Off-Peak
1353,1353,Standard,Off-Peak
1354,1354,Standard,Off-Peak
1355,1355,Standard,Off-Peak
1356,1356,Standard,Off-Peak
1357,1357,Standard,Advance
1358,1358,Standard,Advance
1359,1359,Standard,Off-Peak
1360,1360,Standard,Off-Peak
1361,1361,Standard,Off-Peak
1362,1362,Standard,Advance
1363,1363,Standard,Off-Peak
1364,1364,Standard,Advance
1365,1365,Standard,Advance
1366,1366,Standard,Advance
1367,1367,Standard,Off-Peak
1368,1368,Standard,Advance
1369,1369,Standard,Advance
1370,1370,Standard,Advance
1371,1371,Standard,Advance
1372,1372,Standard,Advance
1373,1373,Standard,Advance
1374,1374,Standard,Advance
1375,1375,Standard,Advance
1376,1376,Standard,Advance
1377,1377,Standard,Off-Peak
1378,1378,Standard,Advance
1379,1379,Standard,Advance
1380,1380,Standard,Advance
1381,1381,Standard,Off-Peak
1382,1382,Standard,Off-Peak
1383,1383,Standard,Off-Peak
1384,1384,Standard,Advance
1385,1385,Standard,Advance
1386,1386,Standard,Advance
1387,1387,Standard,Advance
1388,1388,Standard,Advance
1389,1389,Standard,Advance
1390,1390,Standard,Advance
1391,1391,Standard,Advance
1392,1392,Standard,Advance
1393,1393,Standard,Advance
1394,1394,Standard,Advance
1395,1395,Standard,Advance
1396,1396,Standard,Off-Peak
1397,1397,Standard,Off-Peak
1398,1398,Standard,Advance
1399,1399,Standard,Advance
1400,1400,Standard,Off-Peak
1401,1401,Standard,Off-Peak
1402,1402,Standard,Advance
1403,1403,Standard,Advance
1404,1404,Standard,Advance
1405,1405,Standard,Advance
1406,1406,Standard,Advance
1407,1407,Standard,Advance
1408,1408,Standard,Advance
1409,1409,Standard,Advance
1410,1410,Standard,Advance
1411,1411,Standard,Advance
1412,1412,Standard,Advance
1413,1413,Standard,Advance
1414,1414,Standard,Advance
1415,1415,Standard,Advance
1416,1416,Standard,Off-Peak
1417,1417,Standard,Off-Peak
1418,1418,Standard,Advance
1419,1419,Standard,Off-Peak
1420,1420,Standard,Off-Peak
1421,1421,Standard,Off-Peak
1422,1422,Standard,Advance
1423,1423,Standard,Off-Peak
1424,1424,Standard,Off-Peak
1425,1425,Standard,Off-Peak
1426,1426,Standard,Advance
1427,1427,Standard,Advance
1428,1428,Standard,Advance
1429,1429,Standard,Advance
1430,1430,Standard,Advance
1431,1431,Standard,Off-Peak
1432,1432,Standard,Advance
1433,1433,Standard,Advance
1434,1434,Standard,Off-Peak
1435,1435,Standard,Advance
1436,1436,Standard,Off-Peak
1437,1437,Standard,Off-Peak
1438,1438,Standard,Off-Peak
1439,1439,Standard,Advance
1440,1440,Standard,Off-Peak
1441,1441,Standard,Advance
1442,1442,Standard,Off-Peak
1443,1443,Standard,Advance
1444,1444,Standard,Advance
1445,1445,Standard,Advance
1446,1446,Standard,Advance
1447,1447,Standard,Advance
1448,1448,Standard,Advance
1449,1449,Standard,Off-Peak
1450,1450,Standard,Off-Peak
1451,1451,Standard,Advance
1452,1452,Standard,Off-Peak
1453,1453,Standard,Off-Peak
1454,1454,Standard,Off-Peak
1455,1455,Standard,Off-Peak
1456,1456,Standard,Off-Peak
1457,1457,Standard,Off-Peak
1458,1458,Standard,Off-Peak
1459,1459,Standard,Off-Peak
1460,1460,Standard,Off-Peak
1461,1461,Standard,Off-Peak
1462,1462,Standard,Off-Peak
1463,1463,Standard,Off-Peak
1464,1464,Standard,Off-Peak
1465,1465,Standard,Off-Peak
1466,1466,Standard,Off-Peak
1467,1467,Standard,Off-Peak
1468,1468,Standard,Off-Peak
1469,1469,Standard,Off-Peak
1470,1470,Standard,Advance
1471,1471,Standard,Advance
1472,1472,Standard,Off-Peak
1473,1473,Standard,Off-Peak
1474,1474,Standard,Advance
1475,1475,Standard,Off-Peak
1476,1476,Standard,Off-Peak
1477,1477,Standard,Off-Peak
1478,1478,Standard,Off-Peak
1479,1479,Standard,Off-Peak
1480,1480,Standard,Off-Peak
1481,1481,Standard,Off-Peak
1482,1482,Standard,Off-Peak
1483,1483,Standard,Off-Peak
1484,1484,Standard,Off-Peak
1485,1485,Standard,Advance
1486,1486,Standard,Off-Peak
1487,1487,Standard,Off-Peak
1488,1488,Standard,Off-Peak
1489,1489,Standard,Advance
1490,1490,Standard,Off-Peak
1491,1491,Standard,Off-Peak
1492,1492,Standard,Advance
1493,1493,Standard,Advance
1494,1494,Standard,Advance
1495,1495,Standard,Advance
1496,1496,Standard,Advance
1497,1497,Standard,Off-Peak
1498,1498,Standard,Off-Peak
1499,1499,Standard,Advance
1500,1500,Standard,Advance
1501,1501,Standard,Off-Peak
1502,1502,Standard,Advance
1503,1503,Standard,Advance
1504,1504,Standard,Advance
1505,1505,Standard,Advance
1506,1506,Standard,Advance
1507,1507,Standard,Advance
1508,1508,Standard,Advance
1509,1509,Standard,Advance
1510,1510,Standard,Advance
1511,1511,Standard,Advance
1512,1512,Standard,Off-Peak
1513,1513,Standard,Off-Peak
1514,1514,Standard,Off-Peak
1515,1515,Standard,Advance
1516,1516,Standard,Advance
1517,1517,Standard,Advance
1518,1518,Standard,Advance
1519,1519,Standard,Advance
1520,1520,Standard,Advance
1521,1521,Standard,Off-Peak
1522,1522,Standard,Advance
1523,1523,Standard,Advance
1524,1524,Standard,Advance
1525,1525,Standard,Advance
1526,1526,Standard,Off-Peak
1527,1527,Standard,Advance
1528,1528,Standard,Advance
1529,1529,Standard,Off-Peak
1530,1530,Standard,Advance
1531,1531,Standard,Off-Peak
1532,1532,Standard,Advance
1533,1533,Standard,Advance
1534,1534,Standard,Advance
1535,1535,Standard,Advance
1536,1536,Standard,Off-Peak
1537,1537,Standard,Off-Peak
1538,1538,Standard,Advance
1539,1539,Standard,Advance
1540,1540,Standard,Off-Peak
1541,1541,Standard,Advance
1542,1542,Standard,Off-Peak
1543,1543,Standard,Off-Peak
1544,1544,Standard,Advance
1545,1545,Standard,Advance
1546,1546,Standard,Advance
1547,1547,Standard,Advance
1548,1548,Standard,Advance
1549,1549,Standard,Off-Peak
1550,1550,Standard,Off-Peak
1551,1551,Standard,Off-Peak
1552,1552,Standard,Off-Peak
1553,1553,Standard,Off-Peak
1554,1554,Standard,Off-Peak
1555,1555,Standard,Advance
1556,1556,Standard,Advance
1557,1557,Standard,Advance
1558,1558,Standard,Off-Peak
1559,1559,Standard,Advance
1560,1560,Standard,Advance
1561,1561,Standard,Advance
1562,1562,Standard,Advance
1563,1563,Standard,Off-Peak
1564,1564,Standard,Off-Peak
1565,1565,Standard,Off-Peak
1566,1566,Standard,Off-Peak
1567,1567,Standard,Advance
1568,1568,Standard,Off-Peak
1569,1569,Standard,Off-Peak
1570,1570,Standard,Off-Peak
1571,1571,Standard,Off-Peak
1572,1572,Standard,Off-Peak
1573,1573,Standard,Advance
1574,1574,Standard,Off-Peak
1575,1575,Standard,Advance
1576,1576,Standard,Off-Peak
1577,1577,Standard,Advance
1578,1578,Standard,Off-Peak
1579,1579,Standard,Off-Peak
1580,1580,Standard,Off-Peak
1581,1581,Standard,Advance
1582,1582,Standard,Advance
1583,1583,Standard,Off-Peak
1584,1584,Standard,Off-Peak
1585,1585,Standard,Off-Peak
1586,1586,Standard,Off-Peak
1587,1587,Standard,Off-Peak
1588,1588,Standard,Advance
1589,1589,Standard,Off-Peak
1590,1590,Standard,Advance
1591,1591,Standard,Advance
1592,1592,Standard,Off-Peak
1593,1593,Standard,Off-Peak
1594,1594,Standard,Advance
1595,1595,Standard,Off-Peak
1596,1596,Standard,Off-Peak
1597,1597,Standard,Advance
1598,1598,Standard,Advance
1599,1599,Standard,Off-Peak
1600,1600,Standard,Off-Peak
1601,1601,Standard,Off-Peak
1602,1602,Standard,Off-Peak
1603,1603,Standard,Advance
1604,1604,Standard,Off-Peak
1605,1605,Standard,Advance
1606,1606,Standard,Advance
1607,1607,Standard,Advance
1608,1608,Standard,Advance
1609,1609,Standard,Advance
1610,1610,Standard,Advance
1611,1611,Standard,Advance
1612,1612,Standard,Off-Peak
1613,1613,Standard,Off-Peak
1614,1614,Standard,Off-Peak
1615,1615,Standard,Off-Peak
1616,1616,Standard,Off-Peak
1617,1617,Standard,Off-Peak
1618,1618,Standard,Off-Peak
1619,1619,Standard,Off-Peak
1620,1620,Standard,Advance
1621,1621,Standard,Off-Peak
1622,1622,Standard,Off-Peak
1623,1623,Standard,Advance
1624,1624,Standard,Advance
1625,1625,Standard,Advance
1626,1626,Standard,Advance
1627,1627,Standard,Advance
1628,1628,Standard,Advance
1629,1629,Standard,Advance
1630,1630,Standard,Advance
1631,1631,Standard,Advance
1632,1632,Standard,Advance
1633,1633,Standard,Advance
1634,1634,Standard,Off-Peak
1635,1635,Standard,Off-Peak
1636,1636,Standard,Advance
1637,1637,Standard,Off-Peak
1638,1638,Standard,Advance
1639,1639,Standard,Advance
1640,1640,Standard,Advance
1641,1641,Standard,Advance
1642,1642,Standard,Advance
1643,1643,Standard,Off-Peak
1644,1644,Standard,Off-Peak
1645,1645,Standard,Advance
1646,1646,Standard,Advance
1647,1647,Standard,Advance
1648,1648,Standard,Advance
1649,1649,Standard,Advance
1650,1650,Standard,Advance
1651,1651,Standard,Advance
1652,1652,Standard,Advance
1653,1653,Standard,Advance
1654,1654,Standard,Advance
1655,1655,Standard,Off-Peak
1656,1656,Standard,Off-Peak
1657,1657,Standard,Advance
1658,1658,Standard,Advance
1659,1659,Standard,Advance
1660,1660,Standard,Advance
1661,1661,Standard,Advance
1662,1662,Standard,Advance
1663,1663,Standard,Advance
1664,1664,Standard,Advance
1665,1665,Standard,Advance
1666,1666,Standard,Advance
1667,1667,Standard,Off-Peak
1668,1668,Standard,Off-Peak
1669,1669,Standard,Advance
1670,1670,Standard,Advance
1671,1671,Standard,Advance
1672,1672,Standard,Advance
1673,1673,Standard,Advance
1674,1674,Standard,Advance
1675,1675,Standard,Advance
1676,1676,Standard,Advance
1677,1677,Standard,Advance
1678,1678,Standard,Advance
1679,1679,Standard,Advance
1680,1680,Standard,Advance
1681,1681,Standard,Advance
1682,1682,Standard,Advance
1683,1683,Standard,Advance
1684,1684,Standard,Advance
1685,1685,Standard,Off-Peak
1686,1686,Standard,Off-Peak
1687,1687,Standard,Off-Peak
1688,1688,Standard,Off-Peak
1689,1689,Standard,Advance
1690,1690,Standard,Advance
1691,1691,Standard,Off-Peak
1692,1692,Standard,Off-Peak
1693,1693,Standard,Off-Peak
1694,1694,Standard,Off-Peak
1695,1695,Standard,Off-Peak
1696,1696,Standard,Off-Peak
1697,1697,Standard,Off-Peak
1698,1698,Standard,Off-Peak
1699,1699,Standard,Advance
1700,1700,Standard,Off-Peak
1701,1701,Standard,Advance
1702,1702,Standard,Off-Peak
1703,1703,Standard,Off-Peak
1704,1704,Standard,Off-Peak
1705,1705,Standard,Off-Peak
1706,1706,Standard,Off-Peak
1707,1707,Standard,Advance
1708,1708,Standard,Advance
1709,1709,Standard,Advance
1710,1710,Standard,Advance
1711,1711,Standard,Advance
1712,1712,Standard,Off-Peak
1713,1713,Standard,Advance
1714,1714,Standard,Advance
1715,1715,Standard,Off-Peak
1716,1716,Standard,Advance
1717,1717,Standard,Off-Peak
1718,1718,Standard,Off-Peak
1719,1719,Standard,Off-Peak
1720,1720,Standard,Off-Peak
1721,1721,Standard,Advance
1722,1722,Standard,Advance
1723,1723,Standard,Advance
1724,1724,Standard,Advance
1725,1725,Standard,Off-Peak
1726,1726,Standard,Off-Peak
1727,1727,Standard,Advance
1728,1728,Standard,Advance
1729,1729,Standard,Advance
1730,1730,Standard,Off-Peak
1731,1731,Standard,Advance
1732,1732,Standard,Advance
1733,1733,Standard,Anytime
1734,1734,Standard,Advance
1735,1735,Standard,Anytime
1736,1736,Standard,Anytime
1737,1737,Standard,Anytime
1738,1738,Standard,Anytime
1739,1739,Standard,Anytime
1740,1740,Standard,Anytime
1741,1741,Standard,Anytime
1742,1742,Standard,Anytime
1743,1743,Standard,Anytime
1744,1744,Standard,Anytime
1745,1745,Standard,Advance
1746,1746,Standard,Anytime
1747,1747,Standard,Advance
1748,1748,Standard,Anytime
1749,1749,Standard,Anytime
1750,1750,Standard,Advance
1751,1751,Standard,Anytime
1752,1752,Standard,Advance
1753,1753,Standard,Anytime
1754,1754,Standard,Anytime
1755,1755,Standard,Anytime
1756,1756,Standard,Anytime
1757,1757,Standard,Advance
1758,1758,Standard,Anytime
1759,1759,Standard,Anytime
1760,1760,Standard,Anytime
1761,1761,Standard,Anytime
1762,1762,Standard,Advance
1763,1763,Standard,Advance
1764,1764,Standard,Anytime
1765,1765,Standard,Anytime
1766,1766,Standard,Anytime
1767,1767,Standard,Advance
1768,1768,Standard,Anytime
1769,1769,Standard,Advance
1770,1770,Standard,Anytime
1771,1771,Standard,Anytime
1772,1772,Standard,Anytime
1773,1773,Standard,Off-Peak
1774,1774,Standard,Off-Peak
1775,1775,Standard,Advance
1776,1776,Standard,Advance
1777,1777,Standard,Off-Peak
1778,1778,Standard,Anytime
1779,1779,Standard,Advance
1780,1780,Standard,Off-Peak
1781,1781,Standard,Advance
1782,1782,Standard,Advance
1783,1783,Standard,Advance
1784,1784,Standard,Advance
1785,1785,Standard,Advance
1786,1786,Standard,Advance
1787,1787,Standard,Advance
1788,1788,Standard,Advance
1789,1789,Standard,Advance
1790,1790,Standard,Advance
1791,1791,Standard,Advance
1792,1792,Standard,Advance
1793,1793,Standard,Advance
1794,1794,Standard,Advance
1795,1795,Standard,Advance
1796,1796,Standard,Advance
1797,1797,Standard,Advance
1798,1798,Standard,Advance
1799,1799,Standard,Advance
1800,1800,Standard,Advance
1801,1801,Standard,Advance
1802,1802,Standard,Advance
1803,1803,Standard,Advance
1804,1804,Standard,Advance
1805,1805,Standard,Advance
1806,1806,Standard,Advance
1807,1807,Standard,Advance
1808,1808,Standard,Advance
1809,1809,Standard,Advance
1810,1810,Standard,Advance
1811,1811,Standard,Off-Peak
1812,1812,Standard,Advance
1813,1813,Standard,Off-Peak
1814,1814,Standard,Off-Peak
1815,1815,Standard,Advance
1816,1816,Standard,Off-Peak
1817,1817,Standard,Off-Peak
1818,1818,Standard,Advance
1819,1819,Standard,Advance
1820,1820,Standard,Advance
1821,1821,Standard,Off-Peak
1822,1822,Standard,Advance
1823,1823,Standard,Advance
1824,1824,Standard,Off-Peak
1825,1825,Standard,Off-Peak
1826,1826,Standard,Off-Peak
1827,1827,Standard,Advance
1828,1828,Standard,Advance
1829,1829,Standard,Advance
1830,1830,Standard,Advance
1831,1831,Standard,Off-Peak
1832,1832,Standard,Off-Peak
1833,1833,Standard,Advance
1834,1834,Standard,Advance
1835,1835,Standard,Off-Peak
1836,1836,Standard,Advance
1837,1837,Standard,Off-Peak
1838,1838,Standard,Off-Peak
1839,1839,Standard,Off-Peak
1840,1840,Standard,Off-Peak
1841,1841,Standard,Off-Peak
1842,1842,Standard,Advance
1843,1843,Standard,Off-Peak
1844,1844,Standard,Off-Peak
1845,1845,Standard,Advance
1846,1846,Standard,Off-Peak
1847,1847,Standard,Advance
1848,1848,Standard,Off-Peak
1849,1849,Standard,Off-Peak
1850,1850,Standard,Off-Peak
1851,1851,Standard,Off-Peak
1852,1852,Standard,Advance
1853,1853,Standard,Off-Peak
1854,1854,Standard,Off-Peak
1855,1855,Standard,Off-Peak
1856,1856,Standard,Advance
1857,1857,Standard,Advance
1858,1858,Standard,Anytime
1859,1859,Standard,Advance
1860,1860,Standard,Anytime
1861,1861,Standard,Advance
1862,1862,Standard,Anytime
1863,1863,Standard,Advance
1864,1864,Standard,Anytime
1865,1865,Standard,Advance
1866,1866,Standard,Anytime
1867,1867,Standard,Anytime
1868,1868,Standard,Anytime
1869,1869,Standard,Advance
1870,1870,Standard,Advance
1871,1871,Standard,Anytime
1872,1872,Standard,Anytime
1873,1873,Standard,Anytime
1874,1874,Standard,Advance
1875,1875,Standard,Off-Peak
1876,1876,Standard,Anytime
1877,1877,Standard,Anytime
1878,1878,Standard,Advance
1879,1879,Standard,Advance
1880,1880,Standard,Anytime
1881,1881,Standard,Anytime
1882,1882,Standard,Anytime
1883,1883,Standard,Anytime
1884,1884,Standard,Advance
1885,1885,Standard,Anytime
1886,1886,Standard,Advance
1887,1887,Standard,Anytime
1888,1888,Standard,Anytime
1889,1889,Standard,Anytime
1890,1890,Standard,Anytime
1891,1891,Standard,Anytime
1892,1892,Standard,Anytime
1893,1893,Standard,Advance
1894,1894,Standard,Advance
1895,1895,Standard,Anytime
1896,1896,Standard,Anytime
1897,1897,Standard,Anytime
1898,1898,Standard,Anytime
1899,1899,Standard,Anytime
1900,1900,Standard,Anytime
1901,1901,Standard,Anytime
1902,1902,Standard,Anytime
1903,1903,Standard,Anytime
1904,1904,Standard,Anytime
1905,1905,Standard,Advance
1906,1906,Standard,Anytime
1907,1907,Standard,Advance
1908,1908,Standard,Off-Peak
1909,1909,Standard,Advance
1910,1910,Standard,Off-Peak
1911,1911,Standard,Advance
1912,1912,Standard,Advance
1913,1913,Standard,Advance
1914,1914,Standard,Off-Peak
1915,1915,Standard,Advance
1916,1916,Standard,Anytime
1917,1917,Standard,Anytime
1918,1918,Standard,Off-Peak
1919,1919,Standard,Off-Peak
1920,1920,Standard,Advance
1921,1921,Standard,Advance
1922,1922,Standard,Off-Peak
1923,1923,Standard,Advance
1924,1924,Standard,Off-Peak
1925,1925,Standard,Advance
1926,1926,Standard,Advance
1927,1927,Standard,Off-Peak
1928,1928,Standard,Advance
1929,1929,Standard,Off-Peak
1930,1930,Standard,Advance
1931,1931,Standard,Advance
1932,1932,Standard,Advance
1933,1933,Standard,Advance
1934,1934,Standard,Advance
1935,1935,Standard,Advance
1936,1936,Standard,Advance
1937,1937,Standard,Advance
1938,1938,Standard,Advance
1939,1939,Standard,Advance
1940,1940,Standard,Advance
1941,1941,Standard,Advance
1942,1942,Standard,Advance
1943,1943,Standard,Advance
1944,1944,Standard,Advance
1945,1945,Standard,Advance
1946,1946,Standard,Advance
1947,1947,Standard,Advance
1948,1948,Standard,Advance
1949,1949,Standard,Advance
1950,1950,Standard,Advance
1951,1951,Standard,Advance
1952,1952,Standard,Advance
1953,1953,Standard,Advance
1954,1954,Standard,Advance
1955,1955,Standard,Advance
1956,1956,Standard,Advance
1957,1957,Standard,Advance
1958,1958,Standard,Off-Peak
1959,1959,Standard,Off-Peak
1960,1960,Standard,Advance
1961,1961,Standard,Off-Peak
1962,1962,Standard,Off-Peak
1963,1963,Standard,Advance
1964,1964,Standard,Advance
1965,1965,Standard,Advance
1966,1966,Standard,Advance
1967,1967,Standard,Advance
1968,1968,Standard,Advance
1969,1969,Standard,Advance
1970,1970,Standard,Advance
1971,1971,Standard,Advance
1972,1972,Standard,Advance
1973,1973,Standard,Advance
1974,1974,Standard,Advance
1975,1975,Standard,Advance
1976,1976,Standard,Advance
1977,1977,Standard,Advance
1978,1978,Standard,Advance
1979,1979,Standard,Advance
1980,1980,Standard,Advance
1981,1981,Standard,Advance
1982,1982,Standard,Off-Peak
1983,1983,Standard,Off-Peak
1984,1984,Standard,Off-Peak
1985,1985,Standard,Off-Peak
1986,1986,Standard,Off-Peak
1987,1987,Standard,Off-Peak
1988,1988,Standard,Advance
1989,1989,Standard,Off-Peak
1990,1990,Standard,Advance
1991,1991,Standard,Off-Peak
1992,1992,Standard,Advance
1993,1993,Standard,Off-Peak
1994,1994,Standard,Advance
1995,1995,Standard,Advance
1996,1996,Standard,Advance
1997,1997,Standard,Off-Peak
1998,1998,Standard,Advance
1999,1999,Standard,Advance
2000,2000,Standard,Off-Peak
2001,2001,Standard,Off-Peak
2002,2002,Standard,Off-Peak
2003,2003,Standard,Off-Peak
2004,2004,Standard,Off-Peak
2005,2005,Standard,Advance
2006,2006,Standard,Off-Peak
2007,2007,Standard,Off-Peak
2008,2008,Standard,Off-Peak
2009,2009,Standard,Off-Peak
2010,2010,Standard,Advance
2011,2011,Standard,Advance
2012,2012,Standard,Advance
2013,2013,Standard,Advance
2014,2014,Standard,Anytime
2015,2015,Standard,Anytime
2016,2016,Standard,Anytime
2017,2017,Standard,Advance
2018,2018,Standard,Anytime
2019,2019,Standard,Anytime
2020,2020,Standard,Anytime
2021,2021,Standard,Anytime
2022,2022,Standard,Anytime
2023,2023,Standard,Anytime
2024,2024,Standard,Anytime
2025,2025,Standard,Advance
2026,2026,Standard,Anytime
2027,2027,Standard,Anytime
2028,2028,Standard,Advance
2029,2029,Standard,Advance
2030,2030,Standard,Advance
2031,2031,Standard,Anytime
2032,2032,Standard,Anytime
2033,2033,Standard,Anytime
2034,2034,Standard,Anytime
2035,2035,Standard,Advance
2036,2036,Standard,Advance
2037,2037,Standard,Anytime
2038,2038,Standard,Advance
2039,2039,Standard,Anytime
2040,2040,Standard,Anytime
2041,2041,Standard,Anytime
2042,2042,Standard,Anytime
2043,2043,Standard,Anytime
2044,2044,Standard,Anytime
2045,2045,Standard,Anytime
2046,2046,Standard,Anytime
2047,2047,Standard,Anytime
2048,2048,Standard,Anytime
2049,2049,Standard,Anytime
2050,2050,Standard,Anytime
2051,2051,Standard,Advance
2052,2052,Standard,Advance
2053,2053,Standard,Advance
2054,2054,Standard,Anytime
2055,2055,Standard,Anytime
2056,2056,Standard,Advance
2057,2057,Standard,Anytime
2058,2058,Standard,Advance
2059,2059,Standard,Anytime
2060,2060,Standard,Anytime
2061,2061,Standard,Anytime
2062,2062,Standard,Anytime
2063,2063,Standard,Anytime
2064,2064,Standard,Anytime
2065,2065,Standard,Off-Peak
2066,2066,Standard,Off-Peak
2067,2067,Standard,Off-Peak
2068,2068,Standard,Off-Peak
2069,2069,Standard,Advance
2070,2070,Standard,Advance
2071,2071,Standard,Advance
2072,2072,Standard,Advance
2073,2073,Standard,Advance
2074,2074,Standard,Advance
2075,2075,Standard,Advance
2076,2076,Standard,Advance
2077,2077,Standard,Advance
2078,2078,Standard,Advance
2079,2079,Standard,Advance
2080,2080,Standard,Advance
2081,2081,Standard,Advance
2082,2082,Standard,Advance
2083,2083,Standard,Off-Peak
2084,2084,Standard,Advance
2085,2085,Standard,Advance
2086,2086,Standard,Advance
2087,2087,Standard,Advance
2088,2088,Standard,Advance
2089,2089,Standard,Advance
2090,2090,Standard,Advance
2091,2091,Standard,Advance
2092,2092,Standard,Advance
2093,2093,Standard,Advance
2094,2094,Standard,Advance
2095,2095,Standard,Advance
2096,2096,Standard,Advance
2097,2097,Standard,Advance
2098,2098,Standard,Off-Peak
2099,2099,Standard,Advance
2100,2100,Standard,Off-Peak
2101,2101,Standard,Advance
2102,2102,Standard,Off-Peak
2103,2103,Standard,Advance
2104,2104,Standard,Off-Peak
2105,2105,Standard,Off-Peak
2106,2106,Standard,Advance
2107,2107,Standard,Off-Peak
2108,2108,Standard,Off-Peak
2109,2109,Standard,Advance
2110,2110,Standard,Advance
2111,2111,Standard,Advance
2112,2112,Standard,Advance
2113,2113,Standard,Off-Peak
2114,2114,Standard,Off-Peak
2115,2115,Standard,Off-Peak
2116,2116,Standard,Off-Peak
2117,2117,Standard,Off-Peak
2118,2118,Standard,Off-Peak
2119,2119,Standard,Off-Peak
2120,2120,Standard,Advance
2121,2121,Standard,Advance
2122,2122,Standard,Advance
2123,2123,Standard,Off-Peak
2124,2124,Standard,Advance
2125,2125,Standard,Off-Peak
2126,2126,Standard,Advance
2127,2127,Standard,Advance
2128,2128,Standard,Anytime
2129,2129,Standard,Advance
2130,2130,Standard,Anytime
2131,2131,Standard,Advance
2132,2132,Standard,Anytime
2133,2133,Standard,Anytime
2134,2134,Standard,Off-Peak
2135,2135,Standard,Anytime
2136,2136,Standard,Anytime
2137,2137,Standard,Anytime
2138,2138,Standard,Anytime
2139,2139,Standard,Advance
2140,2140,Standard,Anytime
2141,2141,Standard,Anytime
2142,2142,Standard,Anytime
2143,2143,Standard,Anytime
2144,2144,Standard,Advance
2145,2145,Standard,Advance
2146,2146,Standard,Anytime
2147,2147,Standard,Advance
2148,2148,Standard,Advance
2149,2149,Standard,Anytime
2150,2150,Standard,Advance
2151,2151,Standard,Advance
2152,2152,Standard,Anytime
2153,2153,Standard,Advance
2154,2154,Standard,Advance
2155,2155,Standard,Advance
2156,2156,Standard,Anytime
2157,2157,Standard,Advance
2158,2158,Standard,Anytime
2159,2159,Standard,Advance
2160,2160,Standard,Anytime
2161,2161,Standard,Advance
2162,2162,Standard,Advance
2163,2163,Standard,Advance
2164,2164,Standard,Advance
2165,2165,Standard,Advance
2166,2166,Standard,Advance
2167,2167,Standard,Advance
2168,2168,Standard,Off-Peak
2169,2169,Standard,Advance
2170,2170,Standard,Advance
2171,2171,Standard,Advance
2172,2172,Standard,Advance
2173,2173,Standard,Advance
2174,2174,Standard,Off-Peak
2175,2175,Standard,Off-Peak
2176,2176,Standard,Advance
2177,2177,Standard,Advance
2178,2178,Standard,Anytime
2179,2179,Standard,Anytime
2180,2180,Standard,Anytime
2181,2181,Standard,Advance
2182,2182,Standard,Advance
2183,2183,Standard,Advance
2184,2184,Standard,Advance
2185,2185,Standard,Advance
2186,2186,Standard,Off-Peak
2187,2187,Standard,Off-Peak
2188,2188,Standard,Advance
2189,2189,Standard,Off-Peak
2190,2190,Standard,Off-Peak
2191,2191,Standard,Advance
2192,2192,Standard,Advance
2193,2193,Standard,Advance
2194,2194,Standard,Advance
2195,2195,Standard,Advance
2196,2196,Standard,Advance
2197,2197,Standard,Advance
2198,2198,Standard,Advance
2199,2199,Standard,Off-Peak
2200,2200,Standard,Advance
2201,2201,Standard,Advance
2202,2202,Standard,Off-Peak
2203,2203,Standard,Advance
2204,2204,Standard,Advance
2205,2205,Standard,Advance
2206,2206,Standard,Advance
2207,2207,Standard,Advance
2208,2208,Standard,Advance
2209,2209,Standard,Advance
2210,2210,Standard,Advance
2211,2211,Standard,Advance
2212,2212,Standard,Advance
2213,2213,Standard,Advance
2214,2214,Standard,Advance
2215,2215,Standard,Advance
2216,2216,Standard,Advance
2217,2217,Standard,Advance
2218,2218,Standard,Advance
2219,2219,Standard,Advance
2220,2220,Standard,Off-Peak
2221,2221,Standard,Off-Peak
2222,2222,Standard,Advance
2223,2223,Standard,Off-Peak
2224,2224,Standard,Advance
2225,2225,Standard,Advance
2226,2226,Standard,Advance
2227,2227,Standard,Advance
2228,2228,Standard,Advance
2229,2229,Standard,Advance
2230,2230,Standard,Advance
2231,2231,Standard,Advance
2232,2232,Standard,Advance
2233,2233,Standard,Advance
2234,2234,Standard,Advance
2235,2235,Standard,Off-Peak
2236,2236,Standard,Off-Peak
2237,2237,Standard,Off-Peak
2238,2238,Standard,Off-Peak
2239,2239,Standard,Advance
2240,2240,Standard,Advance
2241,2241,Standard,Off-Peak
2242,2242,Standard,Advance
2243,2243,Standard,Advance
2244,2244,Standard,Advance
2245,2245,Standard,Advance
2246,2246,Standard,Advance
2247,2247,Standard,Advance
2248,2248,Standard,Advance
2249,2249,Standard,Advance
2250,2250,Standard,Advance
2251,2251,Standard,Advance
2252,2252,Standard,Off-Peak
2253,2253,Standard,Advance
2254,2254,Standard,Off-Peak
2255,2255,Standard,Off-Peak
2256,2256,Standard,Advance
2257,2257,Standard,Off-Peak
2258,2258,Standard,Advance
2259,2259,Standard,Advance
2260,2260,Standard,Advance
2261,2261,Standard,Advance
2262,2262,Standard,Off-Peak
2263,2263,Standard,Off-Peak
2264,2264,Standard,Advance
2265,2265,Standard,Anytime
2266,2266,Standard,Anytime
2267,2267,Standard,Anytime
2268,2268,Standard,Anytime
2269,2269,Standard,Anytime
2270,2270,Standard,Anytime
2271,2271,Standard,Anytime
2272,2272,Standard,Anytime
2273,2273,Standard,Anytime
2274,2274,Standard,Advance
2275,2275,Standard,Anytime
2276,2276,Standard,Anytime
2277,2277,Standard,Anytime
2278,2278,Standard,Anytime
2279,2279,Standard,Anytime
2280,2280,Standard,Anytime
2281,2281,Standard,Anytime
2282,2282,Standard,Advance
2283,2283,Standard,Anytime
2284,2284,Standard,Anytime
2285,2285,Standard,Off-Peak
2286,2286,Standard,Advance
2287,2287,Standard,Advance
2288,2288,Standard,Advance
2289,2289,Standard,Advance
2290,2290,Standard,Anytime
2291,2291,Standard,Advance
2292,2292,Standard,Anytime
2293,2293,Standard,Advance
2294,2294,Standard,Anytime
2295,2295,Standard,Anytime
2296,2296,Standard,Advance
2297,2297,Standard,Anytime
2298,2298,Standard,Advance
2299,2299,Standard,Anytime
2300,2300,Standard,Anytime
2301,2301,Standard,Anytime
2302,2302,Standard,Anytime
2303,2303,Standard,Anytime
2304,2304,Standard,Anytime
2305,2305,Standard,Advance
2306,2306,Standard,Anytime
2307,2307,Standard,Advance
2308,2308,Standard,Anytime
2309,2309,Standard,Anytime
2310,2310,Standard,Anytime
2311,2311,Standard,Anytime
2312,2312,Standard,Anytime
2313,2313,Standard,Off-Peak
2314,2314,Standard,Off-Peak
2315,2315,Standard,Advance
2316,2316,Standard,Advance
2317,2317,Standard,Advance
2318,2318,Standard,Off-Peak
2319,2319,Standard,Advance
2320,2320,Standard,Advance
2321,2321,Standard,Advance
2322,2322,Standard,Advance
2323,2323,Standard,Advance
2324,2324,Standard,Advance
2325,2325,Standard,Advance
2326,2326,Standard,Advance
2327,2327,Standard,Advance
2328,2328,Standard,Advance
2329,2329,Standard,Advance
2330,2330,Standard,Advance
2331,2331,Standard,Advance
2332,2332,Standard,Advance
2333,2333,Standard,Advance
2334,2334,Standard,Advance
2335,2335,Standard,Advance
2336,2336,Standard,Advance
2337,2337,Standard,Advance
2338,2338,Standard,Advance
2339,2339,Standard,Advance
2340,2340,Standard,Advance
2341,2341,Standard,Advance
2342,2342,Standard,Advance
2343,2343,Standard,Advance
2344,2344,Standard,Advance
2345,2345,Standard,Off-Peak
2346,2346,Standard,Off-Peak
2347,2347,Standard,Advance
2348,2348,Standard,Advance
2349,2349,Standard,Advance
2350,2350,Standard,Advance
2351,2351,Standard,Advance
2352,2352,Standard,Advance
2353,2353,Standard,Advance
2354,2354,Standard,Advance
2355,2355,Standard,Advance
2356,2356,Standard,Advance
2357,2357,Standard,Off-Peak
2358,2358,Standard,Advance
2359,2359,Standard,Off-Peak
2360,2360,Standard,Advance
2361,2361,Standard,Off-Peak
2362,2362,Standard,Advance
2363,2363,Standard,Advance
2364,2364,Standard,Off-Peak
2365,2365,Standard,Advance
2366,2366,Standard,Off-Peak
2367,2367,Standard,Off-Peak
2368,2368,Standard,Advance
2369,2369,Standard,Off-Peak
2370,2370,Standard,Off-Peak
2371,2371,Standard,Off-Peak
2372,2372,Standard,Off-Peak
2373,2373,Standard,Off-Peak
2374,2374,Standard,Advance
2375,2375,Standard,Off-Peak
2376,2376,Standard,Advance
2377,2377,Standard,Off-Peak
2378,2378,Standard,Off-Peak
2379,2379,Standard,Off-Peak
2380,2380,Standard,Off-Peak
2381,2381,Standard,Off-Peak
2382,2382,Standard,Off-Peak
2383,2383,Standard,Advance
2384,2384,Standard,Advance
2385,2385,Standard,Advance
2386,2386,Standard,Off-Peak
2387,2387,Standard,Advance
2388,2388,Standard,Off-Peak
2389,2389,Standard,Off-Peak
2390,2390,Standard,Advance
2391,2391,Standard,Off-Peak
2392,2392,Standard,Off-Peak
2393,2393,Standard,Off-Peak
2394,2394,Standard,Off-Peak
2395,2395,Standard,Off-Peak
2396,2396,Standard,Advance
2397,2397,Standard,Advance
2398,2398,Standard,Anytime
2399,2399,Standard,Anytime
2400,2400,Standard,Anytime
2401,2401,Standard,Anytime
2402,2402,Standard,Anytime
2403,2403,Standard,Anytime
2404,2404,Standard,Anytime
2405,2405,Standard,Advance
2406,2406,Standard,Advance
2407,2407,Standard,Advance
2408,2408,Standard,Anytime
2409,2409,Standard,Anytime
2410,2410,Standard,Off-Peak
2411,2411,Standard,Anytime
2412,2412,Standard,Advance
2413,2413,Standard,Anytime
2414,2414,Standard,Anytime
2415,2415,Standard,Anytime
2416,2416,Standard,Advance
2417,2417,Standard,Advance
2418,2418,Standard,Anytime
2419,2419,Standard,Anytime
2420,2420,Standard,Anytime
2421,2421,Standard,Anytime
2422,2422,Standard,Anytime
2423,2423,Standard,Anytime
2424,2424,Standard,Anytime
2425,2425,Standard,Anytime
2426,2426,Standard,Anytime
2427,2427,Standard,Anytime
2428,2428,Standard,Advance
2429,2429,Standard,Advance
2430,2430,Standard,Advance
2431,2431,Standard,Anytime
2432,2432,Standard,Advance
2433,2433,Standard,Anytime
2434,2434,Standard,Advance
2435,2435,Standard,Anytime
2436,2436,Standard,Anytime
2437,2437,Standard,Anytime
2438,2438,Standard,Advance
2439,2439,Standard,Anytime
2440,2440,Standard,Advance
2441,2441,Standard,Anytime
2442,2442,Standard,Advance
2443,2443,Standard,Advance
2444,2444,Standard,Advance
2445,2445,Standard,Advance
2446,2446,Standard,Advance
2447,2447,Standard,Advance
2448,2448,Standard,Advance
2449,2449,Standard,Advance
2450,2450,Standard,Anytime
2451,2451,Standard,Advance
2452,2452,Standard,Anytime
2453,2453,Standard,Anytime
2454,2454,Standard,Anytime
2455,2455,Standard,Off-Peak
2456,2456,Standard,Advance
2457,2457,Standard,Off-Peak
2458,2458,Standard,Off-Peak
2459,2459,Standard,Off-Peak
2460,2460,Standard,Off-Peak
2461,2461,Standard,Off-Peak
2462,2462,Standard,Off-Peak
2463,2463,Standard,Advance
2464,2464,Standard,Advance
2465,2465,Standard,Advance
2466,2466,Standard,Off-Peak
2467,2467,Standard,Advance
2468,2468,Standard,Advance
2469,2469,Standard,Advance
2470,2470,Standard,Advance
2471,2471,Standard,Advance
2472,2472,Standard,Advance
2473,2473,Standard,Advance
2474,2474,Standard,Advance
2475,2475,Standard,Advance
2476,2476,Standard,Advance
2477,2477,Standard,Off-Peak
2478,2478,Standard,Off-Peak
2479,2479,Standard,Advance
2480,2480,Standard,Advance
2481,2481,Standard,Advance
2482,2482,Standard,Advance
2483,2483,Standard,Advance
2484,2484,Standard,Advance
2485,2485,Standard,Advance
2486,2486,Standard,Advance
2487,2487,Standard,Advance
2488,2488,Standard,Advance
2489,2489,Standard,Advance
2490,2490,Standard,Advance
2491,2491,Standard,Advance
2492,2492,Standard,Advance
2493,2493,Standard,Off-Peak
2494,2494,Standard,Off-Peak
2495,2495,Standard,Advance
2496,2496,Standard,Advance
2497,2497,Standard,Advance
2498,2498,Standard,Advance
2499,2499,Standard,Advance
2500,2500,Standard,Advance
2501,2501,Standard,Advance
2502,2502,Standard,Advance
2503,2503,Standard,Advance
2504,2504,Standard,Advance
2505,2505,Standard,Advance
2506,2506,Standard,Advance
2507,2507,Standard,Advance
2508,2508,Standard,Advance
2509,2509,Standard,Advance
2510,2510,Standard,Advance
2511,2511,Standard,Advance
2512,2512,Standard,Advance
2513,2513,Standard,Advance
2514,2514,Standard,Off-Peak
2515,2515,Standard,Off-Peak
2516,2516,Standard,Off-Peak
2517,2517,Standard,Off-Peak
2518,2518,Standard,Advance
2519,2519,Standard,Advance
2520,2520,Standard,Off-Peak
2521,2521,Standard,Off-Peak
2522,2522,Standard,Off-Peak
2523,2523,Standard,Off-Peak
2524,2524,Standard,Off-Peak
2525,2525,Standard,Off-Peak
2526,2526,Standard,Off-Peak
2527,2527,Standard,Advance
2528,2528,Standard,Advance
2529,2529,Standard,Advance
2530,2530,Standard,Advance
2531,2531,Standard,Advance
2532,2532,Standard,Off-Peak
2533,2533,Standard,Off-Peak
2534,2534,Standard,Off-Peak
2535,2535,Standard,Off-Peak
2536,2536,Standard,Off-Peak
2537,2537,Standard,Off-Peak
2538,2538,Standard,Advance
2539,2539,Standard,Off-Peak
2540,2540,Standard,Off-Peak
2541,2541,Standard,Off-Peak
2542,2542,Standard,Off-Peak
2543,2543,Standard,Advance
2544,2544,Standard,Off-Peak
2545,2545,Standard,Off-Peak
2546,2546,Standard,Advance
2547,2547,Standard,Advance
2548,2548,Standard,Off-Peak
2549,2549,Standard,Off-Peak
2550,2550,Standard,Anytime
2551,2551,Standard,Anytime
2552,2552,Standard,Anytime
2553,2553,Standard,Anytime
2554,2554,Standard,Anytime
2555,2555,Standard,Anytime
2556,2556,Standard,Anytime
2557,2557,Standard,Anytime
2558,2558,Standard,Anytime
2559,2559,Standard,Anytime
2560,2560,Standard,Anytime
2561,2561,Standard,Anytime
2562,2562,Standard,Anytime
2563,2563,Standard,Advance
2564,2564,Standard,Off-Peak
2565,2565,Standard,Advance
2566,2566,Standard,Advance
2567,2567,Standard,Anytime
2568,2568,Standard,Anytime
2569,2569,Standard,Anytime
2570,2570,Standard,Anytime
2571,2571,Standard,Anytime
2572,2572,Standard,Advance
2573,2573,Standard,Advance
2574,2574,Standard,Advance
2575,2575,Standard,Anytime
2576,2576,Standard,Anytime
2577,2577,Standard,Anytime
2578,2578,Standard,Anytime
2579,2579,Standard,Advance
2580,2580,Standard,Advance
2581,2581,Standard,Advance
2582,2582,Standard,Anytime
2583,2583,Standard,Anytime
2584,2584,Standard,Anytime
2585,2585,Standard,Anytime
2586,2586,Standard,Anytime
2587,2587,Standard,Advance
2588,2588,Standard,Anytime
2589,2589,Standard,Anytime
2590,2590,Standard,Anytime
2591,2591,Standard,Anytime
2592,2592,Standard,Anytime
2593,2593,Standard,Anytime
2594,2594,Standard,Anytime
2595,2595,Standard,Anytime
2596,2596,Standard,Off-Peak
2597,2597,Standard,Off-Peak
2598,2598,Standard,Advance
2599,2599,Standard,Off-Peak
2600,2600,Standard,Anytime
2601,2601,Standard,Advance
2602,2602,Standard,Advance
2603,2603,Standard,Advance
2604,2604,Standard,Advance
2605,2605,Standard,Advance
2606,2606,Standard,Advance
2607,2607,Standard,Advance
2608,2608,Standard,Advance
2609,2609,Standard,Advance
2610,2610,Standard,Advance
2611,2611,Standard,Advance
2612,2612,Standard,Advance
2613,2613,Standard,Advance
2614,2614,Standard,Advance
2615,2615,Standard,Advance
2616,2616,Standard,Advance
2617,2617,Standard,Advance
2618,2618,Standard,Advance
2619,2619,Standard,Advance
2620,2620,Standard,Advance
2621,2621,Standard,Advance
2622,2622,Standard,Advance
2623,2623,Standard,Advance
2624,2624,Standard,Advance
2625,2625,Standard,Advance
2626,2626,Standard,Off-Peak
2627,2627,Standard,Advance
2628,2628,Standard,Advance
2629,2629,Standard,Advance
2630,2630,Standard,Advance
2631,2631,Standard,Advance
2632,2632,Standard,Off-Peak
2633,2633,Standard,Advance
2634,2634,Standard,Advance
2635,2635,Standard,Advance
2636,2636,Standard,Off-Peak
2637,2637,Standard,Advance
2638,2638,Standard,Advance
2639,2639,Standard,Off-Peak
2640,2640,Standard,Off-Peak
2641,2641,Standard,Off-Peak
2642,2642,Standard,Off-Peak
2643,2643,Standard,Advance
2644,2644,Standard,Off-Peak
2645,2645,Standard,Advance
2646,2646,Standard,Advance
2647,2647,Standard,Off-Peak
2648,2648,Standard,Off-Peak
2649,2649,Standard,Advance
2650,2650,Standard,Advance
2651,2651,Standard,Advance
2652,2652,Standard,Advance
2653,2653,Standard,Off-Peak
2654,2654,Standard,Advance
2655,2655,Standard,Advance
2656,2656,Standard,Off-Peak
2657,2657,Standard,Off-Peak
2658,2658,Standard,Advance
2659,2659,Standard,Off-Peak
2660,2660,Standard,Advance
2661,2661,Standard,Off-Peak
2662,2662,Standard,Off-Peak
2663,2663,Standard,Advance
2664,2664,Standard,Off-Peak
2665,2665,Standard,Off-Peak
2666,2666,Standard,Off-Peak
2667,2667,Standard,Off-Peak
2668,2668,Standard,Off-Peak
2669,2669,Standard,Off-Peak
2670,2670,Standard,Advance
2671,2671,Standard,Off-Peak
2672,2672,Standard,Advance
2673,2673,Standard,Advance
2674,2674,Standard,Advance
2675,2675,Standard,Advance
2676,2676,Standard,Off-Peak
2677,2677,Standard,Advance
2678,2678,Standard,Off-Peak
2679,2679,Standard,Advance
2680,2680,Standard,Advance
2681,2681,Standard,Advance
2682,2682,Standard,Advance
2683,2683,Standard,Advance
2684,2684,Standard,Advance
2685,2685,Standard,Advance
2686,2686,Standard,Off-Peak
2687,2687,Standard,Off-Peak
2688,2688,Standard,Off-Peak
2689,2689,Standard,Advance
2690,2690,Standard,Off-Peak
2691,2691,Standard,Anytime
2692,2692,Standard,Anytime
2693,2693,Standard,Anytime
2694,2694,Standard,Anytime
2695,2695,Standard,Anytime
2696,2696,Standard,Anytime
2697,2697,Standard,Advance
2698,2698,Standard,Anytime
2699,2699,Standard,Advance
2700,2700,Standard,Anytime
2701,2701,Standard,Anytime
2702,2702,Standard,Advance
2703,2703,Standard,Anytime
2704,2704,Standard,Anytime
2705,2705,Standard,Off-Peak
2706,2706,Standard,Anytime
2707,2707,Standard,Anytime
2708,2708,Standard,Advance
2709,2709,Standard,Anytime
2710,2710,Standard,Advance
2711,2711,Standard,Anytime
2712,2712,Standard,Advance
2713,2713,Standard,Advance
2714,2714,Standard,Anytime
2715,2715,Standard,Advance
2716,2716,Standard,Anytime
2717,2717,Standard,Anytime
2718,2718,Standard,Anytime
2719,2719,Standard,Advance
2720,2720,Standard,Anytime
2721,2721,Standard,Anytime
2722,2722,Standard,Advance
2723,2723,Standard,Advance
2724,2724,Standard,Advance
2725,2725,Standard,Anytime
2726,2726,Standard,Anytime
2727,2727,Standard,Anytime
2728,2728,Standard,Anytime
2729,2729,Standard,Anytime
2730,2730,Standard,Anytime
2731,2731,Standard,Anytime
2732,2732,Standard,Anytime
2733,2733,Standard,Anytime
2734,2734,Standard,Anytime
2735,2735,Standard,Anytime
2736,2736,Standard,Advance
2737,2737,Standard,Advance
2738,2738,Standard,Advance
2739,2739,Standard,Advance
2740,2740,Standard,Advance
2741,2741,Standard,Advance
2742,2742,Standard,Advance
2743,2743,Standard,Advance
2744,2744,Standard,Advance
2745,2745,Standard,Advance
2746,2746,Standard,Advance
2747,2747,Standard,Advance
2748,2748,Standard,Advance
2749,2749,Standard,Off-Peak
2750,2750,Standard,Off-Peak
2751,2751,Standard,Advance
2752,2752,Standard,Off-Peak
2753,2753,Standard,Advance
2754,2754,Standard,Advance
2755,2755,Standard,Advance
2756,2756,Standard,Advance
2757,2757,Standard,Advance
2758,2758,Standard,Off-Peak
2759,2759,Standard,Off-Peak
2760,2760,Standard,Advance
2761,2761,Standard,Off-Peak
2762,2762,Standard,Advance
2763,2763,Standard,Advance
2764,2764,Standard,Advance
2765,2765,Standard,Off-Peak
2766,2766,Standard,Advance
2767,2767,Standard,Advance
2768,2768,Standard,Advance
2769,2769,Standard,Advance
2770,2770,Standard,Advance
2771,2771,Standard,Advance
2772,2772,Standard,Off-Peak
2773,2773,Standard,Off-Peak
2774,2774,Standard,Advance
2775,2775,Standard,Advance
2776,2776,Standard,Advance
2777,2777,Standard,Advance
2778,2778,Standard,Advance
2779,2779,Standard,Advance
2780,2780,Standard,Advance
2781,2781,Standard,Advance
2782,2782,Standard,Advance
2783,2783,Standard,Advance
2784,2784,Standard,Advance
2785,2785,Standard,Advance
2786,2786,Standard,Advance
2787,2787,Standard,Advance
2788,2788,Standard,Advance
2789,2789,Standard,Advance
2790,2790,Standard,Advance
2791,2791,Standard,Advance
2792,2792,Standard,Advance
2793,2793,Standard,Advance
2794,2794,Standard,Advance
2795,2795,Standard,Advance
2796,2796,Standard,Off-Peak
2797,2797,Standard,Advance
2798,2798,Standard,Off-Peak
2799,2799,Standard,Advance
2800,2800,Standard,Off-Peak
2801,2801,Standard,Off-Peak
2802,2802,Standard,Off-Peak
2803,2803,Standard,Off-Peak
2804,2804,Standard,Off-Peak
2805,2805,Standard,Off-Peak
2806,2806,Standard,Advance
2807,2807,Standard,Off-Peak
2808,2808,Standard,Off-Peak
2809,2809,Standard,Off-Peak
2810,2810,Standard,Advance
2811,2811,Standard,Off-Peak
2812,2812,Standard,Off-Peak
2813,2813,Standard,Advance
2814,2814,Standard,Advance
2815,2815,Standard,Advance
2816,2816,Standard,Advance
2817,2817,Standard,Advance
2818,2818,Standard,Advance
2819,2819,Standard,Advance
2820,2820,Standard,Off-Peak
2821,2821,Standard,Off-Peak
2822,2822,Standard,Off-Peak
2823,2823,Standard,Advance
2824,2824,Standard,Off-Peak
2825,2825,Standard,Off-Peak
2826,2826,Standard,Off-Peak
2827,2827,Standard,Advance
2828,2828,Standard,Off-Peak
2829,2829,Standard,Advance
2830,2830,Standard,Off-Peak
2831,2831,Standard,Anytime
2832,2832,Standard,Anytime
2833,2833,Standard,Anytime
2834,2834,Standard,Anytime
2835,2835,Standard,Anytime
2836,2836,Standard,Anytime
2837,2837,Standard,Anytime
2838,2838,Standard,Advance
2839,2839,Standard,Anytime
2840,2840,Standard,Anytime
2841,2841,Standard,Anytime
2842,2842,Standard,Anytime
2843,2843,Standard,Anytime
2844,2844,Standard,Anytime
2845,2845,Standard,Advance
2846,2846,Standard,Advance
2847,2847,Standard,Anytime
2848,2848,Standard,Anytime
2849,2849,Standard,Anytime
2850,2850,Standard,Advance
2851,2851,Standard,Advance
2852,2852,Standard,Advance
2853,2853,Standard,Advance
2854,2854,Standard,Advance
2855,2855,Standard,Advance
2856,2856,Standard,Advance
2857,2857,Standard,Anytime
2858,2858,Standard,Advance
2859,2859,Standard,Anytime
2860,2860,Standard,Anytime
2861,2861,Standard,Anytime
2862,2862,Standard,Anytime
2863,2863,Standard,Anytime
2864,2864,Standard,Anytime
2865,2865,Standard,Anytime
2866,2866,Standard,Anytime
2867,2867,Standard,Anytime
2868,2868,Standard,Anytime
2869,2869,Standard,Advance
2870,2870,Standard,Anytime
2871,2871,Standard,Anytime
2872,2872,Standard,Off-Peak
2873,2873,Standard,Off-Peak
2874,2874,Standard,Advance
2875,2875,Standard,Advance
2876,2876,Standard,Advance
2877,2877,Standard,Advance
2878,2878,Standard,Advance
2879,2879,Standard,Advance
2880,2880,Standard,Advance
2881,2881,Standard,Advance
2882,2882,Standard,Advance
2883,2883,Standard,Advance
2884,2884,Standard,Off-Peak
2885,2885,Standard,Advance
2886,2886,Standard,Advance
2887,2887,Standard,Advance
2888,2888,Standard,Advance
2889,2889,Standard,Advance
2890,2890,Standard,Advance
2891,2891,Standard,Off-Peak
2892,2892,Standard,Advance
2893,2893,Standard,Advance
2894,2894,Standard,Off-Peak
2895,2895,Standard,Advance
2896,2896,Standard,Advance
2897,2897,Standard,Advance
2898,2898,Standard,Off-Peak
2899,2899,Standard,Advance
2900,2900,Standard,Off-Peak
2901,2901,Standard,Advance
2902,2902,Standard,Advance
2903,2903,Standard,Advance
2904,2904,Standard,Advance
2905,2905,Standard,Advance
2906,2906,Standard,Off-Peak
2907,2907,Standard,Advance
2908,2908,Standard,Advance
2909,2909,Standard,Advance
2910,2910,Standard,Off-Peak
2911,2911,Standard,Off-Peak
2912,2912,Standard,Advance
2913,2913,Standard,Off-Peak
2914,2914,Standard,Off-Peak
2915,2915,Standard,Off-Peak
2916,2916,Standard,Advance
2917,2917,Standard,Advance
2918,2918,Standard,Off-Peak
2919,2919,Standard,Off-Peak
2920,2920,Standard,Advance
2921,2921,Standard,Off-Peak
2922,2922,Standard,Off-Peak
2923,2923,Standard,Off-Peak
2924,2924,Standard,Advance
2925,2925,Standard,Advance
2926,2926,Standard,Advance
2927,2927,Standard,Advance
2928,2928,Standard,Off-Peak
2929,2929,Standard,Advance
2930,2930,Standard,Off-Peak
2931,2931,Standard,Advance
2932,2932,Standard,Advance
2933,2933,Standard,Advance
2934,2934,Standard,Advance
2935,2935,Standard,Off-Peak
2936,2936,Standard,Advance
2937,2937,Standard,Off-Peak
2938,2938,Standard,Off-Peak
2939,2939,Standard,Off-Peak
2940,2940,Standard,Advance
2941,2941,Standard,Advance
2942,2942,Standard,Off-Peak
2943,2943,Standard,Off-Peak
2944,2944,Standard,Advance
2945,2945,Standard,Advance
2946,2946,Standard,Anytime
2947,2947,Standard,Anytime
2948,2948,Standard,Anytime
2949,2949,Standard,Advance
2950,2950,Standard,Advance
2951,2951,Standard,Anytime
2952,2952,Standard,Advance
2953,2953,Standard,Anytime
2954,2954,Standard,Advance
2955,2955,Standard,Advance
2956,2956,Standard,Anytime
2957,2957,Standard,Anytime
2958,2958,Standard,Anytime
2959,2959,Standard,Advance
2960,2960,Standard,Anytime
2961,2961,Standard,Off-Peak
2962,2962,Standard,Anytime
2963,2963,Standard,Advance
2964,2964,Standard,Anytime
2965,2965,Standard,Advance
2966,2966,Standard,Anytime
2967,2967,Standard,Anytime
2968,2968,Standard,Anytime
2969,2969,Standard,Anytime
2970,2970,Standard,Anytime
2971,2971,Standard,Advance
2972,2972,Standard,Advance
2973,2973,Standard,Anytime
2974,2974,Standard,Anytime
2975,2975,Standard,Anytime
2976,2976,Standard,Anytime
2977,2977,Standard,Anytime
2978,2978,Standard,Anytime
2979,2979,Standard,Advance
2980,2980,Standard,Anytime
2981,2981,Standard,Anytime
2982,2982,Standard,Advance
2983,2983,Standard,Anytime
2984,2984,Standard,Anytime
2985,2985,Standard,Anytime
2986,2986,Standard,Anytime
2987,2987,Standard,Advance
2988,2988,Standard,Anytime
2989,2989,Standard,Anytime
2990,2990,Standard,Anytime
2991,2991,Standard,Anytime
2992,2992,Standard,Anytime
2993,2993,Standard,Advance
2994,2994,Standard,Anytime
2995,2995,Standard,Anytime
2996,2996,Standard,Advance
2997,2997,Standard,Anytime
2998,2998,Standard,Anytime
2999,2999,Standard,Anytime
3000,3000,Standard,Anytime
3001,3001,Standard,Anytime
3002,3002,Standard,Advance
3003,3003,Standard,Anytime
3004,3004,Standard,Anytime
3005,3005,Standard,Anytime
3006,3006,Standard,Anytime
3007,3007,Standard,Anytime
3008,3008,Standard,Anytime
3009,3009,Standard,Anytime
3010,3010,Standard,Advance
3011,3011,Standard,Advance
3012,3012,Standard,Advance
3013,3013,Standard,Advance
3014,3014,Standard,Advance
3015,3015,Standard,Advance
3016,3016,Standard,Advance
3017,3017,Standard,Advance
3018,3018,Standard,Advance
3019,3019,Standard,Anytime
3020,3020,Standard,Anytime
3021,3021,Standard,Off-Peak
3022,3022,Standard,Off-Peak
3023,3023,Standard,Advance
3024,3024,Standard,Advance
3025,3025,Standard,Off-Peak
3026,3026,Standard,Off-Peak
3027,3027,Standard,Advance
3028,3028,Standard,Advance
3029,3029,Standard,Advance
3030,3030,Standard,Advance
3031,3031,Standard,Advance
3032,3032,Standard,Advance
3033,3033,Standard,Advance
3034,3034,Standard,Advance
3035,3035,Standard,Advance
3036,3036,Standard,Advance
3037,3037,Standard,Advance
3038,3038,Standard,Advance
3039,3039,Standard,Advance
3040,3040,Standard,Advance
3041,3041,Standard,Advance
3042,3042,Standard,Advance
3043,3043,Standard,Advance
3044,3044,Standard,Advance
3045,3045,Standard,Advance
3046,3046,Standard,Advance
3047,3047,Standard,Advance
3048,3048,Standard,Advance
3049,3049,Standard,Advance
3050,3050,Standard,Advance
3051,3051,Standard,Off-Peak
3052,3052,Standard,Off-Peak
3053,3053,Standard,Advance
3054,3054,Standard,Advance
3055,3055,Standard,Advance
3056,3056,Standard,Advance
3057,3057,Standard,Advance
3058,3058,Standard,Advance
3059,3059,Standard,Advance
3060,3060,Standard,Advance
3061,3061,Standard,Advance
3062,3062,Standard,Advance
3063,3063,Standard,Advance
3064,3064,Standard,Advance
3065,3065,Standard,Off-Peak
3066,3066,Standard,Off-Peak
3067,3067,Standard,Off-Peak
3068,3068,Standard,Off-Peak
3069,3069,Standard,Off-Peak
3070,3070,Standard,Off-Peak
3071,3071,Standard,Off-Peak
3072,3072,Standard,Off-Peak
3073,3073,Standard,Advance
3074,3074,Standard,Off-Peak
3075,3075,Standard,Off-Peak
3076,3076,Standard,Off-Peak
3077,3077,Standard,Off-Peak
3078,3078,Standard,Off-Peak
3079,3079,Standard,Advance
3080,3080,Standard,Off-Peak
3081,3081,Standard,Off-Peak
3082,3082,Standard,Advance
3083,3083,Standard,Off-Peak
3084,3084,Standard,Off-Peak
3085,3085,Standard,Off-Peak
3086,3086,Standard,Advance
3087,3087,Standard,Off-Peak
3088,3088,Standard,Advance
3089,3089,Standard,Off-Peak
3090,3090,Standard,Off-Peak
3091,3091,Standard,Advance
3092,3092,Standard,Off-Peak
3093,3093,Standard,Advance
3094,3094,Standard,Off-Peak
3095,3095,Standard,Off-Peak
3096,3096,Standard,Off-Peak
3097,3097,Standard,Off-Peak
3098,3098,Standard,Off-Peak
3099,3099,Standard,Off-Peak
3100,3100,Standard,Off-Peak
3101,3101,Standard,Off-Peak
3102,3102,Standard,Off-Peak
3103,3103,Standard,Off-Peak
3104,3104,Standard,Off-Peak
3105,3105,Standard,Off-Peak
3106,3106,Standard,Off-Peak
3107,3107,Standard,Off-Peak
3108,3108,Standard,Off-Peak
3109,3109,Standard,Off-Peak
3110,3110,Standard,Advance
3111,3111,Standard,Off-Peak
3112,3112,Standard,Off-Peak
3113,3113,Standard,Off-Peak
3114,3114,Standard,Off-Peak
3115,3115,Standard,Off-Peak
3116,3116,Standard,Off-Peak
3117,3117,Standard,Advance
3118,3118,Standard,Off-Peak
3119,3119,Standard,Off-Peak
3120,3120,Standard,Advance
3121,3121,Standard,Off-Peak
3122,3122,Standard,Off-Peak
3123,3123,Standard,Off-Peak
3124,3124,Standard,Off-Peak
3125,3125,Standard,Off-Peak
3126,3126,Standard,Off-Peak
3127,3127,Standard,Advance
3128,3128,Standard,Advance
3129,3129,Standard,Off-Peak
3130,3130,Standard,Off-Peak
3131,3131,Standard,Off-Peak
3132,3132,Standard,Off-Peak
3133,3133,Standard,Off-Peak
3134,3134,Standard,Off-Peak
3135,3135,Standard,Off-Peak
3136,3136,Standard,Off-Peak
3137,3137,Standard,Advance
3138,3138,Standard,Off-Peak
3139,3139,Standard,Off-Peak
3140,3140,Standard,Off-Peak
3141,3141,Standard,Off-Peak
3142,3142,Standard,Off-Peak
3143,3143,Standard,Off-Peak
3144,3144,Standard,Off-Peak
3145,3145,Standard,Off-Peak
3146,3146,Standard,Advance
3147,3147,Standard,Off-Peak
3148,3148,Standard,Advance
3149,3149,Standard,Advance
3150,3150,Standard,Advance
3151,3151,Standard,Advance
3152,3152,Standard,Advance
3153,3153,Standard,Advance
3154,3154,Standard,Advance
3155,3155,Standard,Advance
3156,3156,Standard,Advance
3157,3157,Standard,Advance
3158,3158,Standard,Advance
3159,3159,Standard,Advance
3160,3160,Standard,Advance
3161,3161,Standard,Advance
3162,3162,Standard,Advance
3163,3163,Standard,Advance
3164,3164,Standard,Off-Peak
3165,3165,Standard,Advance
3166,3166,Standard,Advance
3167,3167,Standard,Off-Peak
3168,3168,Standard,Advance
3169,3169,Standard,Off-Peak
3170,3170,Standard,Advance
3171,3171,Standard,Advance
3172,3172,Standard,Advance
3173,3173,Standard,Off-Peak
3174,3174,Standard,Advance
3175,3175,Standard,Advance
3176,3176,Standard,Off-Peak
3177,3177,Standard,Off-Peak
3178,3178,Standard,Off-Peak
3179,3179,Standard,Advance
3180,3180,Standard,Advance
3181,3181,Standard,Advance
3182,3182,Standard,Advance
3183,3183,Standard,Advance
3184,3184,Standard,Off-Peak
3185,3185,Standard,Advance
3186,3186,Standard,Off-Peak
3187,3187,Standard,Advance
3188,3188,Standard,Off-Peak
3189,3189,Standard,Advance
3190,3190,Standard,Advance
3191,3191,Standard,Off-Peak
3192,3192,Standard,Off-Peak
3193,3193,Standard,Advance
3194,3194,Standard,Advance
3195,3195,Standard,Off-Peak
3196,3196,Standard,Off-Peak
3197,3197,Standard,Off-Peak
3198,3198,Standard,Advance
3199,3199,Standard,Advance
3200,3200,Standard,Off-Peak
3201,3201,Standard,Off-Peak
3202,3202,Standard,Advance
3203,3203,Standard,Advance
3204,3204,Standard,Advance
3205,3205,Standard,Advance
3206,3206,Standard,Advance
3207,3207,Standard,Off-Peak
3208,3208,Standard,Off-Peak
3209,3209,Standard,Advance
3210,3210,Standard,Advance
3211,3211,Standard,Off-Peak
3212,3212,Standard,Advance
3213,3213,Standard,Off-Peak
3214,3214,Standard,Off-Peak
3215,3215,Standard,Off-Peak
3216,3216,Standard,Off-Peak
3217,3217,Standard,Advance
3218,3218,Standard,Advance
3219,3219,Standard,Off-Peak
3220,3220,Standard,Advance
3221,3221,Standard,Off-Peak
3222,3222,Standard,Advance
3223,3223,Standard,Advance
3224,3224,Standard,Off-Peak
3225,3225,Standard,Advance
3226,3226,Standard,Advance
3227,3227,Standard,Advance
3228,3228,Standard,Off-Peak
3229,3229,Standard,Off-Peak
3230,3230,Standard,Off-Peak
3231,3231,Standard,Off-Peak
3232,3232,Standard,Advance
3233,3233,Standard,Off-Peak
3234,3234,Standard,Off-Peak
3235,3235,Standard,Off-Peak
3236,3236,Standard,Off-Peak
3237,3237,Standard,Off-Peak
3238,3238,Standard,Off-Peak
3239,3239,Standard,Off-Peak
3240,3240,Standard,Advance
3241,3241,Standard,Advance
3242,3242,Standard,Advance
3243,3243,Standard,Off-Peak
3244,3244,Standard,Off-Peak
3245,3245,Standard,Off-Peak
3246,3246,Standard,Off-Peak
3247,3247,Standard,Off-Peak
3248,3248,Standard,Advance
3249,3249,Standard,Off-Peak
3250,3250,Standard,Off-Peak
3251,3251,Standard,Advance
3252,3252,Standard,Off-Peak
3253,3253,Standard,Off-Peak
3254,3254,Standard,Off-Peak
3255,3255,Standard,Off-Peak
3256,3256,Standard,Off-Peak
3257,3257,Standard,Advance
3258,3258,Standard,Off-Peak
3259,3259,Standard,Advance
3260,3260,Standard,Off-Peak
3261,3261,Standard,Advance
3262,3262,Standard,Advance
3263,3263,Standard,Advance
3264,3264,Standard,Advance
3265,3265,Standard,Off-Peak
3266,3266,Standard,Advance
3267,3267,Standard,Advance
3268,3268,Standard,Advance
3269,3269,Standard,Off-Peak
3270,3270,Standard,Advance
3271,3271,Standard,Off-Peak
3272,3272,Standard,Off-Peak
3273,3273,Standard,Off-Peak
3274,3274,Standard,Advance
3275,3275,Standard,Off-Peak
3276,3276,Standard,Off-Peak
3277,3277,Standard,Off-Peak
3278,3278,Standard,Off-Peak
3279,3279,Standard,Off-Peak
3280,3280,Standard,Advance
3281,3281,Standard,Advance
3282,3282,Standard,Advance
3283,3283,Standard,Advance
3284,3284,Standard,Advance
3285,3285,Standard,Advance
3286,3286,Standard,Advance
3287,3287,Standard,Off-Peak
3288,3288,Standard,Advance
3289,3289,Standard,Off-Peak
3290,3290,Standard,Off-Peak
3291,3291,Standard,Advance
3292,3292,Standard,Advance
3293,3293,Standard,Advance
3294,3294,Standard,Advance
3295,3295,Standard,Advance
3296,3296,Standard,Advance
3297,3297,Standard,Advance
3298,3298,Standard,Advance
3299,3299,Standard,Advance
3300,3300,Standard,Advance
3301,3301,Standard,Advance
3302,3302,Standard,Advance
3303,3303,Standard,Off-Peak
3304,3304,Standard,Off-Peak
3305,3305,Standard,Advance
3306,3306,Standard,Off-Peak
3307,3307,Standard,Off-Peak
3308,3308,Standard,Advance
3309,3309,Standard,Advance
3310,3310,Standard,Advance
3311,3311,Standard,Advance
3312,3312,Standard,Advance
3313,3313,Standard,Advance
3314,3314,Standard,Advance
3315,3315,Standard,Advance
3316,3316,Standard,Advance
3317,3317,Standard,Advance
3318,3318,Standard,Advance
3319,3319,Standard,Off-Peak
3320,3320,Standard,Advance
3321,3321,Standard,Advance
3322,3322,Standard,Advance
3323,3323,Standard,Off-Peak
3324,3324,Standard,Off-Peak
3325,3325,Standard,Off-Peak
3326,3326,Standard,Advance
3327,3327,Standard,Off-Peak
3328,3328,Standard,Off-Peak
3329,3329,Standard,Off-Peak
3330,3330,Standard,Off-Peak
3331,3331,Standard,Off-Peak
3332,3332,Standard,Off-Peak
3333,3333,Standard,Advance
3334,3334,Standard,Off-Peak
3335,3335,Standard,Advance
3336,3336,Standard,Off-Peak
3337,3337,Standard,Off-Peak
3338,3338,Standard,Off-Peak
3339,3339,Standard,Off-Peak
3340,3340,Standard,Off-Peak
3341,3341,Standard,Advance
3342,3342,Standard,Advance
3343,3343,Standard,Advance
3344,3344,Standard,Advance
3345,3345,Standard,Advance
3346,3346,Standard,Advance
3347,3347,Standard,Advance
3348,3348,Standard,Off-Peak
3349,3349,Standard,Off-Peak
3350,3350,Standard,Off-Peak
3351,3351,Standard,Off-Peak
3352,3352,Standard,Off-Peak
3353,3353,Standard,Off-Peak
3354,3354,Standard,Advance
3355,3355,Standard,Off-Peak
3356,3356,Standard,Off-Peak
3357,3357,Standard,Off-Peak
3358,3358,Standard,Off-Peak
3359,3359,Standard,Off-Peak
3360,3360,Standard,Advance
3361,3361,Standard,Off-Peak
3362,3362,Standard,Advance
3363,3363,Standard,Off-Peak
3364,3364,Standard,Off-Peak
3365,3365,Standard,Off-Peak
3366,3366,Standard,Off-Peak
3367,3367,Standard,Advance
3368,3368,Standard,Off-Peak
3369,3369,Standard,Off-Peak
3370,3370,Standard,Advance
3371,3371,Standard,Advance
3372,3372,Standard,Advance
3373,3373,Standard,Off-Peak
3374,3374,Standard,Off-Peak
3375,3375,Standard,Off-Peak
3376,3376,Standard,Off-Peak
3377,3377,Standard,Off-Peak
3378,3378,Standard,Advance
3379,3379,Standard,Off-Peak
3380,3380,Standard,Advance
3381,3381,Standard,Off-Peak
3382,3382,Standard,Off-Peak
3383,3383,Standard,Off-Peak
3384,3384,Standard,Off-Peak
3385,3385,Standard,Off-Peak
3386,3386,Standard,Off-Peak
3387,3387,Standard,Off-Peak
3388,3388,Standard,Off-Peak
3389,3389,Standard,Off-Peak
3390,3390,Standard,Off-Peak
3391,3391,Standard,Off-Peak
3392,3392,Standard,Off-Peak
3393,3393,Standard,Off-Peak
3394,3394,Standard,Advance
3395,3395,Standard,Off-Peak
3396,3396,Standard,Off-Peak
3397,3397,Standard,Off-Peak
3398,3398,Standard,Off-Peak
3399,3399,Standard,Off-Peak
3400,3400,Standard,Off-Peak
3401,3401,Standard,Off-Peak
3402,3402,Standard,Off-Peak
3403,3403,Standard,Advance
3404,3404,Standard,Advance
3405,3405,Standard,Advance
3406,3406,Standard,Advance
3407,3407,Standard,Advance
3408,3408,Standard,Advance
3409,3409,Standard,Advance
3410,3410,Standard,Advance
3411,3411,Standard,Advance
3412,3412,Standard,Advance
3413,3413,Standard,Off-Peak
3414,3414,Standard,Advance
3415,3415,Standard,Advance
3416,3416,Standard,Advance
3417,3417,Standard,Advance
3418,3418,Standard,Advance
3419,3419,Standard,Advance
3420,3420,Standard,Advance
3421,3421,Standard,Off-Peak
3422,3422,Standard,Off-Peak
3423,3423,Standard,Advance
3424,3424,Standard,Advance
3425,3425,Standard,Advance
3426,3426,Standard,Advance
3427,3427,Standard,Off-Peak
3428,3428,Standard,Off-Peak
3429,3429,Standard,Advance
3430,3430,Standard,Advance
3431,3431,Standard,Advance
3432,3432,Standard,Off-Peak
3433,3433,Standard,Advance
3434,3434,Standard,Advance
3435,3435,Standard,Advance
3436,3436,Standard,Advance
3437,3437,Standard,Advance
3438,3438,Standard,Off-Peak
3439,3439,Standard,Advance
3440,3440,Standard,Off-Peak
3441,3441,Standard,Advance
3442,3442,Standard,Advance
3443,3443,Standard,Advance
3444,3444,Standard,Advance
3445,3445,Standard,Advance
3446,3446,Standard,Off-Peak
3447,3447,Standard,Off-Peak
3448,3448,Standard,Advance
3449,3449,Standard,Advance
3450,3450,Standard,Advance
3451,3451,Standard,Off-Peak
3452,3452,Standard,Off-Peak
3453,3453,Standard,Off-Peak
3454,3454,Standard,Advance
3455,3455,Standard,Advance
3456,3456,Standard,Advance
3457,3457,Standard,Off-Peak
3458,3458,Standard,Off-Peak
3459,3459,Standard,Advance
3460,3460,Standard,Advance
3461,3461,Standard,Advance
3462,3462,Standard,Off-Peak
3463,3463,Standard,Advance
3464,3464,Standard,Advance
3465,3465,Standard,Advance
3466,3466,Standard,Off-Peak
3467,3467,Standard,Off-Peak
3468,3468,Standard,Advance
3469,3469,Standard,Off-Peak
3470,3470,Standard,Off-Peak
3471,3471,Standard,Off-Peak
3472,3472,Standard,Off-Peak
3473,3473,Standard,Off-Peak
3474,3474,Standard,Off-Peak
3475,3475,Standard,Advance
3476,3476,Standard,Off-Peak
3477,3477,Standard,Off-Peak
3478,3478,Standard,Advance
3479,3479,Standard,Off-Peak
3480,3480,Standard,Advance
3481,3481,Standard,Advance
3482,3482,Standard,Off-Peak
3483,3483,Standard,Advance
3484,3484,Standard,Off-Peak
3485,3485,Standard,Off-Peak
3486,3486,Standard,Off-Peak
3487,3487,Standard,Off-Peak
3488,3488,Standard,Off-Peak
3489,3489,Standard,Off-Peak
3490,3490,Standard,Advance
3491,3491,Standard,Off-Peak
3492,3492,Standard,Advance
3493,3493,Standard,Off-Peak
3494,3494,Standard,Off-Peak
3495,3495,Standard,Off-Peak
3496,3496,Standard,Advance
3497,3497,Standard,Off-Peak
3498,3498,Standard,Off-Peak
3499,3499,Standard,Advance
3500,3500,Standard,Off-Peak
3501,3501,Standard,Off-Peak
3502,3502,Standard,Off-Peak
3503,3503,Standard,Off-Peak
3504,3504,Standard,Off-Peak
3505,3505,Standard,Advance
3506,3506,Standard,Off-Peak
3507,3507,Standard,Off-Peak
3508,3508,Standard,Off-Peak
3509,3509,Standard,Off-Peak
3510,3510,Standard,Advance
3511,3511,Standard,Off-Peak
3512,3512,Standard,Off-Peak
3513,3513,Standard,Off-Peak
3514,3514,Standard,Off-Peak
3515,3515,Standard,Off-Peak
3516,3516,Standard,Advance
3517,3517,Standard,Advance
3518,3518,Standard,Advance
3519,3519,Standard,Off-Peak
3520,3520,Standard,Advance
3521,3521,Standard,Advance
3522,3522,Standard,Advance
3523,3523,Standard,Off-Peak
3524,3524,Standard,Advance
3525,3525,Standard,Advance
3526,3526,Standard,Off-Peak
3527,3527,Standard,Advance
3528,3528,Standard,Off-Peak
3529,3529,Standard,Off-Peak
3530,3530,Standard,Off-Peak
3531,3531,Standard,Off-Peak
3532,3532,Standard,Off-Peak
3533,3533,Standard,Off-Peak
3534,3534,Standard,Off-Peak
3535,3535,Standard,Advance
3536,3536,Standard,Off-Peak
3537,3537,Standard,Advance
3538,3538,Standard,Off-Peak
3539,3539,Standard,Off-Peak
3540,3540,Standard,Off-Peak
3541,3541,Standard,Off-Peak
3542,3542,Standard,Off-Peak
3543,3543,Standard,Off-Peak
3544,3544,Standard,Advance
3545,3545,Standard,Advance
3546,3546,Standard,Advance
3547,3547,Standard,Advance
3548,3548,Standard,Off-Peak
3549,3549,Standard,Advance
3550,3550,Standard,Advance
3551,3551,Standard,Advance
3552,3552,Standard,Advance
3553,3553,Standard,Off-Peak
3554,3554,Standard,Off-Peak
3555,3555,Standard,Off-Peak
3556,3556,Standard,Off-Peak
3557,3557,Standard,Off-Peak
3558,3558,Standard,Off-Peak
3559,3559,Standard,Advance
3560,3560,Standard,Advance
3561,3561,Standard,Advance
3562,3562,Standard,Advance
3563,3563,Standard,Off-Peak
3564,3564,Standard,Advance
3565,3565,Standard,Advance
3566,3566,Standard,Advance
3567,3567,Standard,Off-Peak
3568,3568,Standard,Off-Peak
3569,3569,Standard,Advance
3570,3570,Standard,Off-Peak
3571,3571,Standard,Off-Peak
3572,3572,Standard,Advance
3573,3573,Standard,Advance
3574,3574,Standard,Advance
3575,3575,Standard,Advance
3576,3576,Standard,Advance
3577,3577,Standard,Advance
3578,3578,Standard,Advance
3579,3579,Standard,Off-Peak
3580,3580,Standard,Advance
3581,3581,Standard,Advance
3582,3582,Standard,Advance
3583,3583,Standard,Advance
3584,3584,Standard,Advance
3585,3585,Standard,Advance
3586,3586,Standard,Off-Peak
3587,3587,Standard,Off-Peak
3588,3588,Standard,Off-Peak
3589,3589,Standard,Off-Peak
3590,3590,Standard,Off-Peak
3591,3591,Standard,Off-Peak
3592,3592,Standard,Off-Peak
3593,3593,Standard,Advance
3594,3594,Standard,Advance
3595,3595,Standard,Advance
3596,3596,Standard,Advance
3597,3597,Standard,Advance
3598,3598,Standard,Advance
3599,3599,Standard,Advance
3600,3600,Standard,Advance
3601,3601,Standard,Advance
3602,3602,Standard,Advance
3603,3603,Standard,Advance
3604,3604,Standard,Advance
3605,3605,Standard,Advance
3606,3606,Standard,Advance
3607,3607,Standard,Advance
3608,3608,Standard,Advance
3609,3609,Standard,Advance
3610,3610,Standard,Off-Peak
3611,3611,Standard,Off-Peak
3612,3612,Standard,Advance
3613,3613,Standard,Off-Peak
3614,3614,Standard,Off-Peak
3615,3615,Standard,Off-Peak
3616,3616,Standard,Advance
3617,3617,Standard,Advance
3618,3618,Standard,Advance
3619,3619,Standard,Off-Peak
3620,3620,Standard,Advance
3621,3621,Standard,Off-Peak
3622,3622,Standard,Advance
3623,3623,Standard,Off-Peak
3624,3624,Standard,Off-Peak
3625,3625,Standard,Off-Peak
3626,3626,Standard,Advance
3627,3627,Standard,Off-Peak
3628,3628,Standard,Off-Peak
3629,3629,Standard,Advance
3630,3630,Standard,Advance
3631,3631,Standard,Advance
3632,3632,Standard,Advance
3633,3633,Standard,Off-Peak
3634,3634,Standard,Advance
3635,3635,Standard,Advance
3636,3636,Standard,Off-Peak
3637,3637,Standard,Advance
3638,3638,Standard,Off-Peak
3639,3639,Standard,Advance
3640,3640,Standard,Advance
3641,3641,Standard,Off-Peak
3642,3642,Standard,Anytime
3643,3643,Standard,Anytime
3644,3644,Standard,Anytime
3645,3645,Standard,Anytime
3646,3646,Standard,Anytime
3647,3647,Standard,Anytime
3648,3648,Standard,Anytime
3649,3649,Standard,Anytime
3650,3650,Standard,Anytime
3651,3651,Standard,Anytime
3652,3652,Standard,Anytime
3653,3653,Standard,Anytime
3654,3654,Standard,Anytime
3655,3655,Standard,Anytime
3656,3656,Standard,Advance
3657,3657,Standard,Anytime
3658,3658,Standard,Advance
3659,3659,Standard,Advance
3660,3660,Standard,Advance
3661,3661,Standard,Anytime
3662,3662,Standard,Advance
3663,3663,Standard,Anytime
3664,3664,Standard,Advance
3665,3665,Standard,Anytime
3666,3666,Standard,Advance
3667,3667,Standard,Anytime
3668,3668,Standard,Anytime
3669,3669,Standard,Anytime
3670,3670,Standard,Anytime
3671,3671,Standard,Anytime
3672,3672,Standard,Anytime
3673,3673,Standard,Advance
3674,3674,Standard,Advance
3675,3675,Standard,Anytime
3676,3676,Standard,Anytime
3677,3677,Standard,Anytime
3678,3678,Standard,Anytime
3679,3679,Standard,Anytime
3680,3680,Standard,Anytime
3681,3681,Standard,Anytime
3682,3682,Standard,Anytime
3683,3683,Standard,Anytime
3684,3684,Standard,Advance
3685,3685,Standard,Advance
3686,3686,Standard,Advance
3687,3687,Standard,Anytime
3688,3688,Standard,Anytime
3689,3689,Standard,Advance
3690,3690,Standard,Off-Peak
3691,3691,Standard,Off-Peak
3692,3692,Standard,Advance
3693,3693,Standard,Advance
3694,3694,Standard,Advance
3695,3695,Standard,Advance
3696,3696,Standard,Advance
3697,3697,Standard,Advance
3698,3698,Standard,Advance
3699,3699,Standard,Advance
3700,3700,Standard,Advance
3701,3701,Standard,Advance
3702,3702,Standard,Advance
3703,3703,Standard,Advance
3704,3704,Standard,Advance
3705,3705,Standard,Advance
3706,3706,Standard,Advance
3707,3707,Standard,Advance
3708,3708,Standard,Advance
3709,3709,Standard,Advance
3710,3710,Standard,Advance
3711,3711,Standard,Advance
3712,3712,Standard,Advance
3713,3713,Standard,Advance
3714,3714,Standard,Advance
3715,3715,Standard,Advance
3716,3716,Standard,Off-Peak
3717,3717,Standard,Off-Peak
3718,3718,Standard,Advance
3719,3719,Standard,Advance
3720,3720,Standard,Advance
3721,3721,Standard,Advance
3722,3722,Standard,Advance
3723,3723,Standard,Advance
3724,3724,Standard,Advance
3725,3725,Standard,Advance
3726,3726,Standard,Advance
3727,3727,Standard,Advance
3728,3728,Standard,Advance
3729,3729,Standard,Off-Peak
3730,3730,Standard,Advance
3731,3731,Standard,Off-Peak
3732,3732,Standard,Advance
3733,3733,Standard,Advance
3734,3734,Standard,Advance
3735,3735,Standard,Advance
3736,3736,Standard,Advance
3737,3737,Standard,Advance
3738,3738,Standard,Off-Peak
3739,3739,Standard,Advance
3740,3740,Standard,Advance
3741,3741,Standard,Off-Peak
3742,3742,Standard,Advance
3743,3743,Standard,Advance
3744,3744,Standard,Advance
3745,3745,Standard,Advance
3746,3746,Standard,Advance
3747,3747,Standard,Off-Peak
3748,3748,Standard,Advance
3749,3749,Standard,Advance
3750,3750,Standard,Off-Peak
3751,3751,Standard,Off-Peak
3752,3752,Standard,Off-Peak
3753,3753,Standard,Advance
3754,3754,Standard,Off-Peak
3755,3755,Standard,Advance
3756,3756,Standard,Off-Peak
3757,3757,Standard,Advance
3758,3758,Standard,Off-Peak
3759,3759,Standard,Advance
3760,3760,Standard,Advance
3761,3761,Standard,Off-Peak
3762,3762,Standard,Advance
3763,3763,Standard,Advance
3764,3764,Standard,Off-Peak
3765,3765,Standard,Advance
3766,3766,Standard,Advance
3767,3767,Standard,Advance
3768,3768,Standard,Off-Peak
3769,3769,Standard,Advance
3770,3770,Standard,Off-Peak
3771,3771,Standard,Advance
3772,3772,Standard,Off-Peak
3773,3773,Standard,Off-Peak
3774,3774,Standard,Anytime
3775,3775,Standard,Anytime
3776,3776,Standard,Anytime
3777,3777,Standard,Anytime
3778,3778,Standard,Anytime
3779,3779,Standard,Anytime
3780,3780,Standard,Advance
3781,3781,Standard,Anytime
3782,3782,Standard,Advance
3783,3783,Standard,Anytime
3784,3784,Standard,Advance
3785,3785,Standard,Anytime
3786,3786,Standard,Anytime
3787,3787,Standard,Anytime
3788,3788,Standard,Advance
3789,3789,Standard,Advance
3790,3790,Standard,Anytime
3791,3791,Standard,Anytime
3792,3792,Standard,Anytime
3793,3793,Standard,Advance
3794,3794,Standard,Anytime
3795,3795,Standard,Anytime
3796,3796,Standard,Anytime
3797,3797,Standard,Anytime
3798,3798,Standard,Anytime
3799,3799,Standard,Advance
3800,3800,Standard,Advance
3801,3801,Standard,Advance
3802,3802,Standard,Anytime
3803,3803,Standard,Advance
3804,3804,Standard,Anytime
3805,3805,Standard,Anytime
3806,3806,Standard,Anytime
3807,3807,Standard,Advance
3808,3808,Standard,Advance
3809,3809,Standard,Advance
3810,3810,Standard,Advance
3811,3811,Standard,Anytime
3812,3812,Standard,Advance
3813,3813,Standard,Advance
3814,3814,Standard,Anytime
3815,3815,Standard,Anytime
3816,3816,Standard,Anytime
3817,3817,Standard,Anytime
3818,3818,Standard,Anytime
3819,3819,Standard,Anytime
3820,3820,Standard,Anytime
3821,3821,Standard,Anytime
3822,3822,Standard,Advance
3823,3823,Standard,Advance
3824,3824,Standard,Advance
3825,3825,Standard,Advance
3826,3826,Standard,Advance
3827,3827,Standard,Off-Peak
3828,3828,Standard,Advance
3829,3829,Standard,Anytime
3830,3830,Standard,Advance
3831,3831,Standard,Anytime
3832,3832,Standard,Off-Peak
3833,3833,Standard,Off-Peak
3834,3834,Standard,Advance
3835,3835,Standard,Advance
3836,3836,Standard,Advance
3837,3837,Standard,Advance
3838,3838,Standard,Advance
3839,3839,Standard,Advance
3840,3840,Standard,Off-Peak
3841,3841,Standard,Off-Peak
3842,3842,Standard,Advance
3843,3843,Standard,Advance
3844,3844,Standard,Advance
3845,3845,Standard,Advance
3846,3846,Standard,Advance
3847,3847,Standard,Advance
3848,3848,Standard,Advance
3849,3849,Standard,Advance
3850,3850,Standard,Advance
3851,3851,Standard,Advance
3852,3852,Standard,Off-Peak
3853,3853,Standard,Off-Peak
3854,3854,Standard,Advance
3855,3855,Standard,Off-Peak
3856,3856,Standard,Advance
3857,3857,Standard,Advance
3858,3858,Standard,Advance
3859,3859,Standard,Advance
3860,3860,Standard,Advance
3861,3861,Standard,Advance
3862,3862,Standard,Advance
3863,3863,Standard,Advance
3864,3864,Standard,Advance
3865,3865,Standard,Advance
3866,3866,Standard,Advance
3867,3867,Standard,Off-Peak
3868,3868,Standard,Off-Peak
3869,3869,Standard,Advance
3870,3870,Standard,Advance
3871,3871,Standard,Advance
3872,3872,Standard,Advance
3873,3873,Standard,Advance
3874,3874,Standard,Advance
3875,3875,Standard,Advance
3876,3876,Standard,Advance
3877,3877,Standard,Advance
3878,3878,Standard,Advance
3879,3879,Standard,Advance
3880,3880,Standard,Off-Peak
3881,3881,Standard,Advance
3882,3882,Standard,Advance
3883,3883,Standard,Off-Peak
3884,3884,Standard,Advance
3885,3885,Standard,Off-Peak
3886,3886,Standard,Advance
3887,3887,Standard,Off-Peak
3888,3888,Standard,Off-Peak
3889,3889,Standard,Off-Peak
3890,3890,Standard,Off-Peak
3891,3891,Standard,Advance
3892,3892,Standard,Off-Peak
3893,3893,Standard,Off-Peak
3894,3894,Standard,Off-Peak
3895,3895,Standard,Off-Peak
3896,3896,Standard,Off-Peak
3897,3897,Standard,Advance
3898,3898,Standard,Advance
3899,3899,Standard,Advance
3900,3900,Standard,Off-Peak
3901,3901,Standard,Off-Peak
3902,3902,Standard,Advance
3903,3903,Standard,Off-Peak
3904,3904,Standard,Advance
3905,3905,Standard,Advance
3906,3906,Standard,Advance
3907,3907,Standard,Advance
3908,3908,Standard,Advance
3909,3909,Standard,Advance
3910,3910,Standard,Off-Peak
3911,3911,Standard,Off-Peak
3912,3912,Standard,Advance
3913,3913,Standard,Off-Peak
3914,3914,Standard,Anytime
3915,3915,Standard,Advance
3916,3916,Standard,Anytime
3917,3917,Standard,Anytime
3918,3918,Standard,Anytime
3919,3919,Standard,Anytime
3920,3920,Standard,Anytime
3921,3921,Standard,Advance
3922,3922,Standard,Anytime
3923,3923,Standard,Anytime
3924,3924,Standard,Anytime
3925,3925,Standard,Advance
3926,3926,Standard,Anytime
3927,3927,Standard,Anytime
3928,3928,Standard,Anytime
3929,3929,Standard,Advance
3930,3930,Standard,Anytime
3931,3931,Standard,Anytime
3932,3932,Standard,Anytime
3933,3933,Standard,Anytime
3934,3934,Standard,Anytime
3935,3935,Standard,Anytime
3936,3936,Standard,Advance
3937,3937,Standard,Advance
3938,3938,Standard,Anytime
3939,3939,Standard,Advance
3940,3940,Standard,Anytime
3941,3941,Standard,Anytime
3942,3942,Standard,Anytime
3943,3943,Standard,Anytime
3944,3944,Standard,Anytime
3945,3945,Standard,Advance
3946,3946,Standard,Anytime
3947,3947,Standard,Off-Peak
3948,3948,Standard,Advance
3949,3949,Standard,Advance
3950,3950,Standard,Advance
3951,3951,Standard,Advance
3952,3952,Standard,Advance
3953,3953,Standard,Advance
3954,3954,Standard,Advance
3955,3955,Standard,Advance
3956,3956,Standard,Advance
3957,3957,Standard,Advance
3958,3958,Standard,Advance
3959,3959,Standard,Advance
3960,3960,Standard,Advance
3961,3961,Standard,Advance
3962,3962,Standard,Advance
3963,3963,Standard,Advance
3964,3964,Standard,Advance
3965,3965,Standard,Advance
3966,3966,Standard,Advance
3967,3967,Standard,Advance
3968,3968,Standard,Advance
3969,3969,Standard,Advance
3970,3970,Standard,Advance
3971,3971,Standard,Advance
3972,3972,Standard,Advance
3973,3973,Standard,Advance
3974,3974,Standard,Advance
3975,3975,Standard,Advance
3976,3976,Standard,Off-Peak
3977,3977,Standard,Advance
3978,3978,Standard,Off-Peak
3979,3979,Standard,Off-Peak
3980,3980,Standard,Off-Peak
3981,3981,Standard,Advance
3982,3982,Standard,Off-Peak
3983,3983,Standard,Advance
3984,3984,Standard,Off-Peak
3985,3985,Standard,Advance
3986,3986,Standard,Advance
3987,3987,Standard,Advance
3988,3988,Standard,Advance
3989,3989,Standard,Advance
3990,3990,Standard,Advance
3991,3991,Standard,Advance
3992,3992,Standard,Advance
3993,3993,Standard,Off-Peak
3994,3994,Standard,Off-Peak
3995,3995,Standard,Off-Peak
3996,3996,Standard,Off-Peak
3997,3997,Standard,Advance
3998,3998,Standard,Advance
3999,3999,Standard,Advance
4000,4000,Standard,Advance
4001,4001,Standard,Off-Peak
4002,4002,Standard,Advance
4003,4003,Standard,Off-Peak
4004,4004,Standard,Off-Peak
4005,4005,Standard,Off-Peak
4006,4006,Standard,Off-Peak
4007,4007,Standard,Off-Peak
4008,4008,Standard,Off-Peak
4009,4009,Standard,Advance
4010,4010,Standard,Off-Peak
4011,4011,Standard,Off-Peak
4012,4012,Standard,Off-Peak
4013,4013,Standard,Off-Peak
4014,4014,Standard,Advance
4015,4015,Standard,Advance
4016,4016,Standard,Advance
4017,4017,Standard,Off-Peak
4018,4018,Standard,Off-Peak
4019,4019,Standard,Advance
4020,4020,Standard,Advance
4021,4021,Standard,Off-Peak
4022,4022,Standard,Off-Peak
4023,4023,Standard,Advance
4024,4024,Standard,Off-Peak
4025,4025,Standard,Off-Peak
4026,4026,Standard,Advance
4027,4027,Standard,Advance
4028,4028,Standard,Off-Peak
4029,4029,Standard,Off-Peak
4030,4030,Standard,Off-Peak
4031,4031,Standard,Off-Peak
4032,4032,Standard,Anytime
4033,4033,Standard,Anytime
4034,4034,Standard,Anytime
4035,4035,Standard,Anytime
4036,4036,Standard,Advance
4037,4037,Standard,Advance
4038,4038,Standard,Anytime
4039,4039,Standard,Advance
4040,4040,Standard,Anytime
4041,4041,Standard,Advance
4042,4042,Standard,Anytime
4043,4043,Standard,Anytime
4044,4044,Standard,Advance
4045,4045,Standard,Advance
4046,4046,Standard,Off-Peak
4047,4047,Standard,Anytime
4048,4048,Standard,Anytime
4049,4049,Standard,Anytime
4050,4050,Standard,Anytime
4051,4051,Standard,Anytime
4052,4052,Standard,Advance
4053,4053,Standard,Advance
4054,4054,Standard,Advance
4055,4055,Standard,Anytime
4056,4056,Standard,Advance
4057,4057,Standard,Anytime
4058,4058,Standard,Anytime
4059,4059,Standard,Advance
4060,4060,Standard,Anytime
4061,4061,Standard,Anytime
4062,4062,Standard,Anytime
4063,4063,Standard,Anytime
4064,4064,Standard,Anytime
4065,4065,Standard,Anytime
4066,4066,Standard,Advance
4067,4067,Standard,Anytime
4068,4068,Standard,Advance
4069,4069,Standard,Advance
4070,4070,Standard,Advance
4071,4071,Standard,Anytime
4072,4072,Standard,Anytime
4073,4073,Standard,Anytime
4074,4074,Standard,Anytime
4075,4075,Standard,Anytime
4076,4076,Standard,Anytime
4077,4077,Standard,Anytime
4078,4078,Standard,Anytime
4079,4079,Standard,Advance
4080,4080,Standard,Advance
4081,4081,Standard,Anytime
4082,4082,Standard,Anytime
4083,4083,Standard,Anytime
4084,4084,Standard,Anytime
4085,4085,Standard,Anytime
4086,4086,Standard,Anytime
4087,4087,Standard,Anytime
4088,4088,Standard,Advance
4089,4089,Standard,Advance
4090,4090,Standard,Advance
4091,4091,Standard,Advance
4092,4092,Standard,Advance
4093,4093,Standard,Advance
4094,4094,Standard,Advance
4095,4095,Standard,Advance
4096,4096,Standard,Advance
4097,4097,Standard,Advance
4098,4098,Standard,Advance
4099,4099,Standard,Advance
4100,4100,Standard,Advance
4101,4101,Standard,Advance
4102,4102,Standard,Advance
4103,4103,Standard,Off-Peak
4104,4104,Standard,Anytime
4105,4105,Standard,Advance
4106,4106,Standard,Anytime
4107,4107,Standard,Anytime
4108,4108,Standard,Advance
4109,4109,Standard,Advance
4110,4110,Standard,Advance
4111,4111,Standard,Advance
4112,4112,Standard,Advance
4113,4113,Standard,Advance
4114,4114,Standard,Advance
4115,4115,Standard,Advance
4116,4116,Standard,Advance
4117,4117,Standard,Advance
4118,4118,Standard,Advance
4119,4119,Standard,Advance
4120,4120,Standard,Advance
4121,4121,Standard,Advance
4122,4122,Standard,Advance
4123,4123,Standard,Advance
4124,4124,Standard,Off-Peak
4125,4125,Standard,Off-Peak
4126,4126,Standard,Off-Peak
4127,4127,Standard,Advance
4128,4128,Standard,Advance
4129,4129,Standard,Advance
4130,4130,Standard,Advance
4131,4131,Standard,Advance
4132,4132,Standard,Advance
4133,4133,Standard,Advance
4134,4134,Standard,Advance
4135,4135,Standard,Advance
4136,4136,Standard,Advance
4137,4137,Standard,Advance
4138,4138,Standard,Advance
4139,4139,Standard,Advance
4140,4140,Standard,Advance
4141,4141,Standard,Off-Peak
4142,4142,Standard,Off-Peak
4143,4143,Standard,Off-Peak
4144,4144,Standard,Advance
4145,4145,Standard,Advance
4146,4146,Standard,Advance
4147,4147,Standard,Advance
4148,4148,Standard,Advance
4149,4149,Standard,Advance
4150,4150,Standard,Advance
4151,4151,Standard,Advance
4152,4152,Standard,Advance
4153,4153,Standard,Advance
4154,4154,Standard,Advance
4155,4155,Standard,Advance
4156,4156,Standard,Advance
4157,4157,Standard,Advance
4158,4158,Standard,Advance
4159,4159,Standard,Advance
4160,4160,Standard,Advance
4161,4161,Standard,Advance
4162,4162,Standard,Advance
4163,4163,Standard,Off-Peak
4164,4164,Standard,Off-Peak
4165,4165,Standard,Off-Peak
4166,4166,Standard,Off-Peak
4167,4167,Standard,Off-Peak
4168,4168,Standard,Off-Peak
4169,4169,Standard,Off-Peak
4170,4170,Standard,Advance
4171,4171,Standard,Advance
4172,4172,Standard,Off-Peak
4173,4173,Standard,Advance
4174,4174,Standard,Advance
4175,4175,Standard,Off-Peak
4176,4176,Standard,Off-Peak
4177,4177,Standard,Off-Peak
4178,4178,Standard,Off-Peak
4179,4179,Standard,Off-Peak
4180,4180,Standard,Off-Peak
4181,4181,Standard,Off-Peak
4182,4182,Standard,Off-Peak
4183,4183,Standard,Off-Peak
4184,4184,Standard,Off-Peak
4185,4185,Standard,Advance
4186,4186,Standard,Off-Peak
4187,4187,Standard,Advance
4188,4188,Standard,Advance
4189,4189,Standard,Advance
4190,4190,Standard,Advance
4191,4191,Standard,Advance
4192,4192,Standard,Off-Peak
4193,4193,Standard,Off-Peak
4194,4194,Standard,Advance
4195,4195,Standard,Advance
4196,4196,Standard,Anytime
4197,4197,Standard,Anytime
4198,4198,Standard,Anytime
4199,4199,Standard,Anytime
4200,4200,Standard,Anytime
4201,4201,Standard,Anytime
4202,4202,Standard,Anytime
4203,4203,Standard,Anytime
4204,4204,Standard,Anytime
4205,4205,Standard,Advance
4206,4206,Standard,Anytime
4207,4207,Standard,Advance
4208,4208,Standard,Anytime
4209,4209,Standard,Anytime
4210,4210,Standard,Anytime
4211,4211,Standard,Anytime
4212,4212,Standard,Advance
4213,4213,Standard,Anytime
4214,4214,Standard,Anytime
4215,4215,Standard,Advance
4216,4216,Standard,Anytime
4217,4217,Standard,Anytime
4218,4218,Standard,Anytime
4219,4219,Standard,Anytime
4220,4220,Standard,Anytime
4221,4221,Standard,Anytime
4222,4222,Standard,Anytime
4223,4223,Standard,Advance
4224,4224,Standard,Anytime
4225,4225,Standard,Advance
4226,4226,Standard,Anytime
4227,4227,Standard,Anytime
4228,4228,Standard,Anytime
4229,4229,Standard,Anytime
4230,4230,Standard,Anytime
4231,4231,Standard,Anytime
4232,4232,Standard,Advance
4233,4233,Standard,Anytime
4234,4234,Standard,Anytime
4235,4235,Standard,Advance
4236,4236,Standard,Anytime
4237,4237,Standard,Anytime
4238,4238,Standard,Anytime
4239,4239,Standard,Anytime
4240,4240,Standard,Advance
4241,4241,Standard,Anytime
4242,4242,Standard,Anytime
4243,4243,Standard,Anytime
4244,4244,Standard,Anytime
4245,4245,Standard,Off-Peak
4246,4246,Standard,Off-Peak
4247,4247,Standard,Anytime
4248,4248,Standard,Off-Peak
4249,4249,Standard,Advance
4250,4250,Standard,Anytime
4251,4251,Standard,Off-Peak
4252,4252,Standard,Advance
4253,4253,Standard,Off-Peak
4254,4254,Standard,Off-Peak
4255,4255,Standard,Advance
4256,4256,Standard,Advance
4257,4257,Standard,Advance
4258,4258,Standard,Advance
4259,4259,Standard,Advance
4260,4260,Standard,Advance
4261,4261,Standard,Advance
4262,4262,Standard,Advance
4263,4263,Standard,Advance
4264,4264,Standard,Advance
4265,4265,Standard,Advance
4266,4266,Standard,Advance
4267,4267,Standard,Advance
4268,4268,Standard,Advance
4269,4269,Standard,Advance
4270,4270,Standard,Advance
4271,4271,Standard,Advance
4272,4272,Standard,Advance
4273,4273,Standard,Advance
4274,4274,Standard,Advance
4275,4275,Standard,Advance
4276,4276,Standard,Advance
4277,4277,Standard,Advance
4278,4278,Standard,Advance
4279,4279,Standard,Advance
4280,4280,Standard,Advance
4281,4281,Standard,Advance
4282,4282,Standard,Advance
4283,4283,Standard,Off-Peak
4284,4284,Standard,Advance
4285,4285,Standard,Advance
4286,4286,Standard,Advance
4287,4287,Standard,Off-Peak
4288,4288,Standard,Advance
4289,4289,Standard,Advance
4290,4290,Standard,Advance
4291,4291,Standard,Off-Peak
4292,4292,Standard,Advance
4293,4293,Standard,Advance
4294,4294,Standard,Off-Peak
4295,4295,Standard,Advance
4296,4296,Standard,Advance
4297,4297,Standard,Advance
4298,4298,Standard,Advance
4299,4299,Standard,Advance
4300,4300,Standard,Off-Peak
4301,4301,Standard,Off-Peak
4302,4302,Standard,Advance
4303,4303,Standard,Advance
4304,4304,Standard,Advance
4305,4305,Standard,Off-Peak
4306,4306,Standard,Advance
4307,4307,Standard,Advance
4308,4308,Standard,Advance
4309,4309,Standard,Advance
4310,4310,Standard,Advance
4311,4311,Standard,Advance
4312,4312,Standard,Advance
4313,4313,Standard,Off-Peak
4314,4314,Standard,Advance
4315,4315,Standard,Off-Peak
4316,4316,Standard,Off-Peak
4317,4317,Standard,Advance
4318,4318,Standard,Off-Peak
4319,4319,Standard,Advance
4320,4320,Standard,Advance
4321,4321,Standard,Off-Peak
4322,4322,Standard,Off-Peak
4323,4323,Standard,Off-Peak
4324,4324,Standard,Off-Peak
4325,4325,Standard,Off-Peak
4326,4326,Standard,Off-Peak
4327,4327,Standard,Off-Peak
4328,4328,Standard,Off-Peak
4329,4329,Standard,Off-Peak
4330,4330,Standard,Advance
4331,4331,Standard,Off-Peak
4332,4332,Standard,Off-Peak
4333,4333,Standard,Off-Peak
4334,4334,Standard,Advance
4335,4335,Standard,Advance
4336,4336,Standard,Advance
4337,4337,Standard,Off-Peak
4338,4338,Standard,Off-Peak
4339,4339,Standard,Advance
4340,4340,Standard,Advance
4341,4341,Standard,Advance
4342,4342,Standard,Off-Peak
4343,4343,Standard,Advance
4344,4344,Standard,Advance
4345,4345,Standard,Off-Peak
4346,4346,Standard,Off-Peak
4347,4347,Standard,Off-Peak
4348,4348,Standard,Advance
4349,4349,Standard,Anytime
4350,4350,Standard,Anytime
4351,4351,Standard,Anytime
4352,4352,Standard,Anytime
4353,4353,Standard,Anytime
4354,4354,Standard,Anytime
4355,4355,Standard,Anytime
4356,4356,Standard,Advance
4357,4357,Standard,Anytime
4358,4358,Standard,Anytime
4359,4359,Standard,Advance
4360,4360,Standard,Anytime
4361,4361,Standard,Anytime
4362,4362,Standard,Advance
4363,4363,Standard,Anytime
4364,4364,Standard,Advance
4365,4365,Standard,Advance
4366,4366,Standard,Anytime
4367,4367,Standard,Anytime
4368,4368,Standard,Anytime
4369,4369,Standard,Anytime
4370,4370,Standard,Anytime
4371,4371,Standard,Anytime
4372,4372,Standard,Anytime
4373,4373,Standard,Anytime
4374,4374,Standard,Advance
4375,4375,Standard,Anytime
4376,4376,Standard,Anytime
4377,4377,Standard,Anytime
4378,4378,Standard,Advance
4379,4379,Standard,Anytime
4380,4380,Standard,Anytime
4381,4381,Standard,Advance
4382,4382,Standard,Anytime
4383,4383,Standard,Advance
4384,4384,Standard,Advance
4385,4385,Standard,Advance
4386,4386,Standard,Anytime
4387,4387,Standard,Advance
4388,4388,Standard,Anytime
4389,4389,Standard,Advance
4390,4390,Standard,Advance
4391,4391,Standard,Off-Peak
4392,4392,Standard,Off-Peak
4393,4393,Standard,Advance
4394,4394,Standard,Advance
4395,4395,Standard,Off-Peak
4396,4396,Standard,Advance
4397,4397,Standard,Anytime
4398,4398,Standard,Anytime
4399,4399,Standard,Off-Peak
4400,4400,Standard,Advance
4401,4401,Standard,Off-Peak
4402,4402,Standard,Off-Peak
4403,4403,Standard,Off-Peak
4404,4404,Standard,Advance
4405,4405,Standard,Advance
4406,4406,Standard,Advance
4407,4407,Standard,Off-Peak
4408,4408,Standard,Off-Peak
4409,4409,Standard,Off-Peak
4410,4410,Standard,Advance
4411,4411,Standard,Advance
4412,4412,Standard,Advance
4413,4413,Standard,Advance
4414,4414,Standard,Advance
4415,4415,Standard,Advance
4416,4416,Standard,Advance
4417,4417,Standard,Advance
4418,4418,Standard,Advance
4419,4419,Standard,Advance
4420,4420,Standard,Advance
4421,4421,Standard,Off-Peak
4422,4422,Standard,Advance
4423,4423,Standard,Advance
4424,4424,Standard,Advance
4425,4425,Standard,Advance
4426,4426,Standard,Advance
4427,4427,Standard,Advance
4428,4428,Standard,Advance
4429,4429,Standard,Advance
4430,4430,Standard,Advance
4431,4431,Standard,Advance
4432,4432,Standard,Advance
4433,4433,Standard,Advance
4434,4434,Standard,Advance
4435,4435,Standard,Advance
4436,4436,Standard,Advance
4437,4437,Standard,Advance
4438,4438,Standard,Advance
4439,4439,Standard,Advance
4440,4440,Standard,Advance
4441,4441,Standard,Advance
4442,4442,Standard,Off-Peak
4443,4443,Standard,Advance
4444,4444,Standard,Off-Peak
4445,4445,Standard,Off-Peak
4446,4446,Standard,Advance
4447,4447,Standard,Advance
4448,4448,Standard,Advance
4449,4449,Standard,Advance
4450,4450,Standard,Advance
4451,4451,Standard,Advance
4452,4452,Standard,Advance
4453,4453,Standard,Advance
4454,4454,Standard,Advance
4455,4455,Standard,Advance
4456,4456,Standard,Advance
4457,4457,Standard,Advance
4458,4458,Standard,Off-Peak
4459,4459,Standard,Off-Peak
4460,4460,Standard,Off-Peak
4461,4461,Standard,Off-Peak
4462,4462,Standard,Off-Peak
4463,4463,Standard,Off-Peak
4464,4464,Standard,Off-Peak
4465,4465,Standard,Off-Peak
4466,4466,Standard,Off-Peak
4467,4467,Standard,Off-Peak
4468,4468,Standard,Off-Peak
4469,4469,Standard,Advance
4470,4470,Standard,Advance
4471,4471,Standard,Advance
4472,4472,Standard,Advance
4473,4473,Standard,Advance
4474,4474,Standard,Off-Peak
4475,4475,Standard,Advance
4476,4476,Standard,Off-Peak
4477,4477,Standard,Off-Peak
4478,4478,Standard,Off-Peak
4479,4479,Standard,Advance
4480,4480,Standard,Off-Peak
4481,4481,Standard,Off-Peak
4482,4482,Standard,Off-Peak
4483,4483,Standard,Off-Peak
4484,4484,Standard,Off-Peak
4485,4485,Standard,Off-Peak
4486,4486,Standard,Off-Peak
4487,4487,Standard,Advance
4488,4488,Standard,Advance
4489,4489,Standard,Advance
4490,4490,Standard,Off-Peak
4491,4491,Standard,Advance
4492,4492,Standard,Off-Peak
4493,4493,Standard,Off-Peak
4494,4494,Standard,Advance
4495,4495,Standard,Advance
4496,4496,Standard,Anytime
4497,4497,Standard,Anytime
4498,4498,Standard,Anytime
4499,4499,Standard,Anytime
4500,4500,Standard,Anytime
4501,4501,Standard,Anytime
4502,4502,Standard,Anytime
4503,4503,Standard,Anytime
4504,4504,Standard,Anytime
4505,4505,Standard,Anytime
4506,4506,Standard,Anytime
4507,4507,Standard,Anytime
4508,4508,Standard,Anytime
4509,4509,Standard,Anytime
4510,4510,Standard,Anytime
4511,4511,Standard,Anytime
4512,4512,Standard,Anytime
4513,4513,Standard,Anytime
4514,4514,Standard,Anytime
4515,4515,Standard,Advance
4516,4516,Standard,Advance
4517,4517,Standard,Anytime
4518,4518,Standard,Anytime
4519,4519,Standard,Anytime
4520,4520,Standard,Anytime
4521,4521,Standard,Advance
4522,4522,Standard,Off-Peak
4523,4523,Standard,Advance
4524,4524,Standard,Anytime
4525,4525,Standard,Anytime
4526,4526,Standard,Advance
4527,4527,Standard,Anytime
4528,4528,Standard,Anytime
4529,4529,Standard,Anytime
4530,4530,Standard,Anytime
4531,4531,Standard,Anytime
4532,4532,Standard,Advance
4533,4533,Standard,Anytime
4534,4534,Standard,Anytime
4535,4535,Standard,Anytime
4536,4536,Standard,Anytime
4537,4537,Standard,Anytime
4538,4538,Standard,Anytime
4539,4539,Standard,Anytime
4540,4540,Standard,Anytime
4541,4541,Standard,Anytime
4542,4542,Standard,Anytime
4543,4543,Standard,Anytime
4544,4544,Standard,Anytime
4545,4545,Standard,Anytime
4546,4546,Standard,Anytime
4547,4547,Standard,Advance
4548,4548,Standard,Off-Peak
4549,4549,Standard,Advance
4550,4550,Standard,Advance
4551,4551,Standard,Off-Peak
4552,4552,Standard,Off-Peak
4553,4553,Standard,Advance
4554,4554,Standard,Advance
4555,4555,Standard,Advance
4556,4556,Standard,Advance
4557,4557,Standard,Advance
4558,4558,Standard,Advance
4559,4559,Standard,Advance
4560,4560,Standard,Advance
4561,4561,Standard,Advance
4562,4562,Standard,Advance
4563,4563,Standard,Advance
4564,4564,Standard,Advance
4565,4565,Standard,Advance
4566,4566,Standard,Advance
4567,4567,Standard,Advance
4568,4568,Standard,Advance
4569,4569,Standard,Advance
4570,4570,Standard,Advance
4571,4571,Standard,Advance
4572,4572,Standard,Advance
4573,4573,Standard,Advance
4574,4574,Standard,Advance
4575,4575,Standard,Advance
4576,4576,Standard,Advance
4577,4577,Standard,Advance
4578,4578,Standard,Advance
4579,4579,Standard,Advance
4580,4580,Standard,Advance
4581,4581,Standard,Advance
4582,4582,Standard,Off-Peak
4583,4583,Standard,Off-Peak
4584,4584,Standard,Advance
4585,4585,Standard,Off-Peak
4586,4586,Standard,Advance
4587,4587,Standard,Off-Peak
4588,4588,Standard,Off-Peak
4589,4589,Standard,Off-Peak
4590,4590,Standard,Advance
4591,4591,Standard,Advance
4592,4592,Standard,Advance
4593,4593,Standard,Advance
4594,4594,Standard,Off-Peak
4595,4595,Standard,Advance
4596,4596,Standard,Advance
4597,4597,Standard,Advance
4598,4598,Standard,Off-Peak
4599,4599,Standard,Advance
4600,4600,Standard,Advance
4601,4601,Standard,Advance
4602,4602,Standard,Off-Peak
4603,4603,Standard,Off-Peak
4604,4604,Standard,Advance
4605,4605,Standard,Off-Peak
4606,4606,Standard,Advance
4607,4607,Standard,Off-Peak
4608,4608,Standard,Advance
4609,4609,Standard,Off-Peak
4610,4610,Standard,Off-Peak
4611,4611,Standard,Advance
4612,4612,Standard,Off-Peak
4613,4613,Standard,Advance
4614,4614,Standard,Off-Peak
4615,4615,Standard,Off-Peak
4616,4616,Standard,Advance
4617,4617,Standard,Off-Peak
4618,4618,Standard,Advance
4619,4619,Standard,Advance
4620,4620,Standard,Advance
4621,4621,Standard,Advance
4622,4622,Standard,Advance
4623,4623,Standard,Advance
4624,4624,Standard,Off-Peak
4625,4625,Standard,Off-Peak
4626,4626,Standard,Advance
4627,4627,Standard,Advance
4628,4628,Standard,Advance
4629,4629,Standard,Advance
4630,4630,Standard,Advance
4631,4631,Standard,Advance
4632,4632,Standard,Off-Peak
4633,4633,Standard,Advance
4634,4634,Standard,Off-Peak
4635,4635,Standard,Advance
4636,4636,Standard,Off-Peak
4637,4637,Standard,Off-Peak
4638,4638,Standard,Advance
4639,4639,Standard,Off-Peak
4640,4640,Standard,Advance
4641,4641,Standard,Off-Peak
4642,4642,Standard,Anytime
4643,4643,Standard,Anytime
4644,4644,Standard,Anytime
4645,4645,Standard,Anytime
4646,4646,Standard,Anytime
4647,4647,Standard,Anytime
4648,4648,Standard,Anytime
4649,4649,Standard,Advance
4650,4650,Standard,Advance
4651,4651,Standard,Anytime
4652,4652,Standard,Advance
4653,4653,Standard,Anytime
4654,4654,Standard,Anytime
4655,4655,Standard,Advance
4656,4656,Standard,Off-Peak
4657,4657,Standard,Anytime
4658,4658,Standard,Anytime
4659,4659,Standard,Advance
4660,4660,Standard,Advance
4661,4661,Standard,Advance
4662,4662,Standard,Anytime
4663,4663,Standard,Anytime
4664,4664,Standard,Anytime
4665,4665,Standard,Advance
4666,4666,Standard,Anytime
4667,4667,Standard,Anytime
4668,4668,Standard,Advance
4669,4669,Standard,Anytime
4670,4670,Standard,Anytime
4671,4671,Standard,Advance
4672,4672,Standard,Anytime
4673,4673,Standard,Anytime
4674,4674,Standard,Advance
4675,4675,Standard,Advance
4676,4676,Standard,Anytime
4677,4677,Standard,Anytime
4678,4678,Standard,Anytime
4679,4679,Standard,Anytime
4680,4680,Standard,Anytime
4681,4681,Standard,Anytime
4682,4682,Standard,Advance
4683,4683,Standard,Anytime
4684,4684,Standard,Anytime
4685,4685,Standard,Anytime
4686,4686,Standard,Anytime
4687,4687,Standard,Advance
4688,4688,Standard,Anytime
4689,4689,Standard,Anytime
4690,4690,Standard,Advance
4691,4691,Standard,Anytime
4692,4692,Standard,Advance
4693,4693,Standard,Anytime
4694,4694,Standard,Advance
4695,4695,Standard,Advance
4696,4696,Standard,Advance
4697,4697,Standard,Off-Peak
4698,4698,Standard,Off-Peak
4699,4699,Standard,Advance
4700,4700,Standard,Advance
4701,4701,Standard,Advance
4702,4702,Standard,Advance
4703,4703,Standard,Advance
4704,4704,Standard,Advance
4705,4705,Standard,Advance
4706,4706,Standard,Advance
4707,4707,Standard,Advance
4708,4708,Standard,Advance
4709,4709,Standard,Advance
4710,4710,Standard,Advance
4711,4711,Standard,Anytime
4712,4712,Standard,Anytime
4713,4713,Standard,Anytime
4714,4714,Standard,Off-Peak
4715,4715,Standard,Advance
4716,4716,Standard,Advance
4717,4717,Standard,Off-Peak
4718,4718,Standard,Off-Peak
4719,4719,Standard,Off-Peak
4720,4720,Standard,Off-Peak
4721,4721,Standard,Off-Peak
4722,4722,Standard,Off-Peak
4723,4723,Standard,Off-Peak
4724,4724,Standard,Advance
4725,4725,Standard,Advance
4726,4726,Standard,Advance
4727,4727,Standard,Advance
4728,4728,Standard,Advance
4729,4729,Standard,Advance
4730,4730,Standard,Advance
4731,4731,Standard,Off-Peak
4732,4732,Standard,Off-Peak
4733,4733,Standard,Off-Peak
4734,4734,Standard,Off-Peak
4735,4735,Standard,Off-Peak
4736,4736,Standard,Off-Peak
4737,4737,Standard,Off-Peak
4738,4738,Standard,Advance
4739,4739,Standard,Advance
4740,4740,Standard,Advance
4741,4741,Standard,Advance
4742,4742,Standard,Advance
4743,4743,Standard,Advance
4744,4744,Standard,Advance
4745,4745,Standard,Advance
4746,4746,Standard,Advance
4747,4747,Standard,Advance
4748,4748,Standard,Advance
4749,4749,Standard,Advance
4750,4750,Standard,Advance
4751,4751,Standard,Off-Peak
4752,4752,Standard,Advance
4753,4753,Standard,Off-Peak
4754,4754,Standard,Advance
4755,4755,Standard,Advance
4756,4756,Standard,Advance
4757,4757,Standard,Advance
4758,4758,Standard,Advance
4759,4759,Standard,Advance
4760,4760,Standard,Advance
4761,4761,Standard,Advance
4762,4762,Standard,Advance
4763,4763,Standard,Off-Peak
4764,4764,Standard,Off-Peak
4765,4765,Standard,Off-Peak
4766,4766,Standard,Off-Peak
4767,4767,Standard,Off-Peak
4768,4768,Standard,Advance
4769,4769,Standard,Off-Peak
4770,4770,Standard,Off-Peak
4771,4771,Standard,Off-Peak
4772,4772,Standard,Off-Peak
4773,4773,Standard,Off-Peak
4774,4774,Standard,Off-Peak
4775,4775,Standard,Advance
4776,4776,Standard,Advance
4777,4777,Standard,Advance
4778,4778,Standard,Advance
4779,4779,Standard,Advance
4780,4780,Standard,Advance
4781,4781,Standard,Advance
4782,4782,Standard,Advance
4783,4783,Standard,Off-Peak
4784,4784,Standard,Off-Peak
4785,4785,Standard,Off-Peak
4786,4786,Standard,Advance
4787,4787,Standard,Off-Peak
4788,4788,Standard,Advance
4789,4789,Standard,Off-Peak
4790,4790,Standard,Advance
4791,4791,Standard,Advance
4792,4792,Standard,Advance
4793,4793,Standard,Off-Peak
4794,4794,Standard,Advance
4795,4795,Standard,Off-Peak
4796,4796,Standard,Advance
4797,4797,Standard,Advance
4798,4798,Standard,Advance
4799,4799,Standard,Advance
4800,4800,Standard,Anytime
4801,4801,Standard,Anytime
4802,4802,Standard,Anytime
4803,4803,Standard,Anytime
4804,4804,Standard,Anytime
4805,4805,Standard,Anytime
4806,4806,Standard,Advance
4807,4807,Standard,Anytime
4808,4808,Standard,Anytime
4809,4809,Standard,Advance
4810,4810,Standard,Anytime
4811,4811,Standard,Anytime
4812,4812,Standard,Anytime
4813,4813,Standard,Anytime
4814,4814,Standard,Anytime
4815,4815,Standard,Anytime
4816,4816,Standard,Anytime
4817,4817,Standard,Anytime
4818,4818,Standard,Advance
4819,4819,Standard,Advance
4820,4820,Standard,Anytime
4821,4821,Standard,Advance
4822,4822,Standard,Anytime
4823,4823,Standard,Anytime
4824,4824,Standard,Anytime
4825,4825,Standard,Anytime
4826,4826,Standard,Anytime
4827,4827,Standard,Advance
4828,4828,Standard,Advance
4829,4829,Standard,Anytime
4830,4830,Standard,Anytime
4831,4831,Standard,Anytime
4832,4832,Standard,Anytime
4833,4833,Standard,Anytime
4834,4834,Standard,Anytime
4835,4835,Standard,Anytime
4836,4836,Standard,Anytime
4837,4837,Standard,Anytime
4838,4838,Standard,Advance
4839,4839,Standard,Advance
4840,4840,Standard,Anytime
4841,4841,Standard,Anytime
4842,4842,Standard,Anytime
4843,4843,Standard,Anytime
4844,4844,Standard,Anytime
4845,4845,Standard,Anytime
4846,4846,Standard,Advance
4847,4847,Standard,Anytime
4848,4848,Standard,Advance
4849,4849,Standard,Anytime
4850,4850,Standard,Anytime
4851,4851,Standard,Anytime
4852,4852,Standard,Anytime
4853,4853,Standard,Advance
4854,4854,Standard,Anytime
4855,4855,Standard,Anytime
4856,4856,Standard,Advance
4857,4857,Standard,Advance
4858,4858,Standard,Off-Peak
4859,4859,Standard,Advance
4860,4860,Standard,Off-Peak
4861,4861,Standard,Advance
4862,4862,Standard,Advance
4863,4863,Standard,Advance
4864,4864,Standard,Advance
4865,4865,Standard,Advance
4866,4866,Standard,Advance
4867,4867,Standard,Advance
4868,4868,Standard,Off-Peak
4869,4869,Standard,Advance
4870,4870,Standard,Advance
4871,4871,Standard,Advance
4872,4872,Standard,Advance
4873,4873,Standard,Advance
4874,4874,Standard,Advance
4875,4875,Standard,Advance
4876,4876,Standard,Advance
4877,4877,Standard,Advance
4878,4878,Standard,Advance
4879,4879,Standard,Advance
4880,4880,Standard,Advance
4881,4881,Standard,Advance
4882,4882,Standard,Off-Peak
4883,4883,Standard,Advance
4884,4884,Standard,Advance
4885,4885,Standard,Advance
4886,4886,Standard,Off-Peak
4887,4887,Standard,Advance
4888,4888,Standard,Advance
4889,4889,Standard,Advance
4890,4890,Standard,Advance
4891,4891,Standard,Advance
4892,4892,Standard,Advance
4893,4893,Standard,Off-Peak
4894,4894,Standard,Off-Peak
4895,4895,Standard,Advance
4896,4896,Standard,Off-Peak
4897,4897,Standard,Advance
4898,4898,Standard,Advance
4899,4899,Standard,Advance
4900,4900,Standard,Advance
4901,4901,Standard,Advance
4902,4902,Standard,Advance
4903,4903,Standard,Off-Peak
4904,4904,Standard,Advance
4905,4905,Standard,Advance
4906,4906,Standard,Advance
4907,4907,Standard,Advance
4908,4908,Standard,Advance
4909,4909,Standard,Off-Peak
4910,4910,Standard,Off-Peak
4911,4911,Standard,Advance
4912,4912,Standard,Off-Peak
4913,4913,Standard,Advance
4914,4914,Standard,Off-Peak
4915,4915,Standard,Advance
4916,4916,Standard,Advance
4917,4917,Standard,Off-Peak
4918,4918,Standard,Advance
4919,4919,Standard,Advance
4920,4920,Standard,Off-Peak
4921,4921,Standard,Off-Peak
4922,4922,Standard,Advance
4923,4923,Standard,Advance
4924,4924,Standard,Off-Peak
4925,4925,Standard,Advance
4926,4926,Standard,Off-Peak
4927,4927,Standard,Off-Peak
4928,4928,Standard,Off-Peak
4929,4929,Standard,Off-Peak
4930,4930,Standard,Off-Peak
4931,4931,Standard,Off-Peak
4932,4932,Standard,Off-Peak
4933,4933,Standard,Off-Peak
4934,4934,Standard,Off-Peak
4935,4935,Standard,Advance
4936,4936,Standard,Off-Peak
4937,4937,Standard,Off-Peak
4938,4938,Standard,Advance
4939,4939,Standard,Advance
4940,4940,Standard,Off-Peak
4941,4941,Standard,Off-Peak
4942,4942,Standard,Anytime
4943,4943,Standard,Anytime
4944,4944,Standard,Anytime
4945,4945,Standard,Anytime
4946,4946,Standard,Advance
4947,4947,Standard,Anytime
4948,4948,Standard,Anytime
4949,4949,Standard,Advance
4950,4950,Standard,Anytime
4951,4951,Standard,Advance
4952,4952,Standard,Anytime
4953,4953,Standard,Off-Peak
4954,4954,Standard,Anytime
4955,4955,Standard,Anytime
4956,4956,Standard,Anytime
4957,4957,Standard,Anytime
4958,4958,Standard,Anytime
4959,4959,Standard,Advance
4960,4960,Standard,Anytime
4961,4961,Standard,Anytime
4962,4962,Standard,Anytime
4963,4963,Standard,Anytime
4964,4964,Standard,Advance
4965,4965,Standard,Advance
4966,4966,Standard,Anytime
4967,4967,Standard,Anytime
4968,4968,Standard,Advance
4969,4969,Standard,Anytime
4970,4970,Standard,Advance
4971,4971,Standard,Advance
4972,4972,Standard,Advance
4973,4973,Standard,Anytime
4974,4974,Standard,Advance
4975,4975,Standard,Anytime
4976,4976,Standard,Anytime
4977,4977,Standard,Anytime
4978,4978,Standard,Anytime
4979,4979,Standard,Anytime
4980,4980,Standard,Advance
4981,4981,Standard,Anytime
4982,4982,Standard,Anytime
4983,4983,Standard,Anytime
4984,4984,Standard,Anytime
4985,4985,Standard,Anytime
4986,4986,Standard,Advance
4987,4987,Standard,Advance
4988,4988,Standard,Off-Peak
4989,4989,Standard,Advance
4990,4990,Standard,Advance
4991,4991,Standard,Advance
4992,4992,Standard,Advance
4993,4993,Standard,Advance
4994,4994,Standard,Advance
4995,4995,Standard,Advance
4996,4996,Standard,Advance
4997,4997,Standard,Advance
4998,4998,Standard,Advance
4999,4999,Standard,Advance
5000,5000,Standard,Advance
5001,5001,Standard,Anytime
5002,5002,Standard,Advance
5003,5003,Standard,Off-Peak
5004,5004,Standard,Off-Peak
5005,5005,Standard,Off-Peak
5006,5006,Standard,Advance
5007,5007,Standard,Advance
5008,5008,Standard,Advance
5009,5009,Standard,Advance
5010,5010,Standard,Advance
5011,5011,Standard,Off-Peak
5012,5012,Standard,Advance
5013,5013,Standard,Advance
5014,5014,Standard,Advance
5015,5015,Standard,Advance
5016,5016,Standard,Advance
5017,5017,Standard,Off-Peak
5018,5018,Standard,Advance
5019,5019,Standard,Advance
5020,5020,Standard,Advance
5021,5021,Standard,Advance
5022,5022,Standard,Advance
5023,5023,Standard,Advance
5024,5024,Standard,Advance
5025,5025,Standard,Advance
5026,5026,Standard,Advance
5027,5027,Standard,Advance
5028,5028,Standard,Advance
5029,5029,Standard,Advance
5030,5030,Standard,Off-Peak
5031,5031,Standard,Off-Peak
5032,5032,Standard,Off-Peak
5033,5033,Standard,Advance
5034,5034,Standard,Advance
5035,5035,Standard,Advance
5036,5036,Standard,Advance
5037,5037,Standard,Advance
5038,5038,Standard,Advance
5039,5039,Standard,Advance
5040,5040,Standard,Advance
5041,5041,Standard,Advance
5042,5042,Standard,Advance
5043,5043,Standard,Advance
5044,5044,Standard,Advance
5045,5045,Standard,Advance
5046,5046,Standard,Advance
5047,5047,Standard,Advance
5048,5048,Standard,Advance
5049,5049,Standard,Advance
5050,5050,Standard,Advance
5051,5051,Standard,Advance
5052,5052,Standard,Advance
5053,5053,Standard,Off-Peak
5054,5054,Standard,Advance
5055,5055,Standard,Off-Peak
5056,5056,Standard,Advance
5057,5057,Standard,Advance
5058,5058,Standard,Off-Peak
5059,5059,Standard,Advance
5060,5060,Standard,Advance
5061,5061,Standard,Off-Peak
5062,5062,Standard,Advance
5063,5063,Standard,Off-Peak
5064,5064,Standard,Off-Peak
5065,5065,Standard,Advance
5066,5066,Standard,Advance
5067,5067,Standard,Advance
5068,5068,Standard,Advance
5069,5069,Standard,Advance
5070,5070,Standard,Advance
5071,5071,Standard,Advance
5072,5072,Standard,Off-Peak
5073,5073,Standard,Off-Peak
5074,5074,Standard,Off-Peak
5075,5075,Standard,Off-Peak
5076,5076,Standard,Advance
5077,5077,Standard,Advance
5078,5078,Standard,Off-Peak
5079,5079,Standard,Advance
5080,5080,Standard,Off-Peak
5081,5081,Standard,Advance
5082,5082,Standard,Advance
5083,5083,Standard,Advance
5084,5084,Standard,Off-Peak
5085,5085,Standard,Advance
5086,5086,Standard,Off-Peak
5087,5087,Standard,Advance
5088,5088,Standard,Off-Peak
5089,5089,Standard,Off-Peak
5090,5090,Standard,Advance
5091,5091,Standard,Off-Peak
5092,5092,Standard,Off-Peak
5093,5093,Standard,Off-Peak
5094,5094,Standard,Off-Peak
5095,5095,Standard,Advance
5096,5096,Standard,Off-Peak
5097,5097,Standard,Off-Peak
5098,5098,Standard,Off-Peak
5099,5099,Standard,Off-Peak
5100,5100,Standard,Off-Peak
5101,5101,Standard,Off-Peak
5102,5102,Standard,Off-Peak
5103,5103,Standard,Off-Peak
5104,5104,Standard,Advance
5105,5105,Standard,Advance
5106,5106,Standard,Off-Peak
5107,5107,Standard,Off-Peak
5108,5108,Standard,Off-Peak
5109,5109,Standard,Off-Peak
5110,5110,Standard,Off-Peak
5111,5111,Standard,Off-Peak
5112,5112,Standard,Off-Peak
5113,5113,Standard,Off-Peak
5114,5114,Standard,Off-Peak
5115,5115,Standard,Advance
5116,5116,Standard,Off-Peak
5117,5117,Standard,Off-Peak
5118,5118,Standard,Off-Peak
5119,5119,Standard,Off-Peak
5120,5120,Standard,Off-Peak
5121,5121,Standard,Off-Peak
5122,5122,Standard,Off-Peak
5123,5123,Standard,Off-Peak
5124,5124,Standard,Advance
5125,5125,Standard,Off-Peak
5126,5126,Standard,Off-Peak
5127,5127,Standard,Off-Peak
5128,5128,Standard,Off-Peak
5129,5129,Standard,Off-Peak
5130,5130,Standard,Advance
5131,5131,Standard,Off-Peak
5132,5132,Standard,Advance
5133,5133,Standard,Advance
5134,5134,Standard,Off-Peak
5135,5135,Standard,Advance
5136,5136,Standard,Advance
5137,5137,Standard,Advance
5138,5138,Standard,Advance
5139,5139,Standard,Advance
5140,5140,Standard,Advance
5141,5141,Standard,Advance
5142,5142,Standard,Advance
5143,5143,Standard,Advance
5144,5144,Standard,Off-Peak
5145,5145,Standard,Advance
5146,5146,Standard,Advance
5147,5147,Standard,Advance
5148,5148,Standard,Advance
5149,5149,Standard,Advance
5150,5150,Standard,Advance
5151,5151,Standard,Advance
5152,5152,Standard,Off-Peak
5153,5153,Standard,Advance
5154,5154,Standard,Advance
5155,5155,Standard,Off-Peak
5156,5156,Standard,Advance
5157,5157,Standard,Advance
5158,5158,Standard,Off-Peak
5159,5159,Standard,Off-Peak
5160,5160,Standard,Off-Peak
5161,5161,Standard,Advance
5162,5162,Standard,Advance
5163,5163,Standard,Advance
5164,5164,Standard,Advance
5165,5165,Standard,Advance
5166,5166,Standard,Advance
5167,5167,Standard,Off-Peak
5168,5168,Standard,Advance
5169,5169,Standard,Advance
5170,5170,Standard,Advance
5171,5171,Standard,Advance
5172,5172,Standard,Advance
5173,5173,Standard,Advance
5174,5174,Standard,Advance
5175,5175,Standard,Off-Peak
5176,5176,Standard,Advance
5177,5177,Standard,Advance
5178,5178,Standard,Advance
5179,5179,Standard,Off-Peak
5180,5180,Standard,Advance
5181,5181,Standard,Advance
5182,5182,Standard,Off-Peak
5183,5183,Standard,Advance
5184,5184,Standard,Off-Peak
5185,5185,Standard,Off-Peak
5186,5186,Standard,Off-Peak
5187,5187,Standard,Off-Peak
5188,5188,Standard,Advance
5189,5189,Standard,Advance
5190,5190,Standard,Off-Peak
5191,5191,Standard,Off-Peak
5192,5192,Standard,Advance
5193,5193,Standard,Off-Peak
5194,5194,Standard,Advance
5195,5195,Standard,Advance
5196,5196,Standard,Advance
5197,5197,Standard,Advance
5198,5198,Standard,Off-Peak
5199,5199,Standard,Advance
5200,5200,Standard,Off-Peak
5201,5201,Standard,Off-Peak
5202,5202,Standard,Advance
5203,5203,Standard,Advance
5204,5204,Standard,Advance
5205,5205,Standard,Advance
5206,5206,Standard,Off-Peak
5207,5207,Standard,Off-Peak
5208,5208,Standard,Advance
5209,5209,Standard,Off-Peak
5210,5210,Standard,Off-Peak
5211,5211,Standard,Off-Peak
5212,5212,Standard,Off-Peak
5213,5213,Standard,Off-Peak
5214,5214,Standard,Off-Peak
5215,5215,Standard,Off-Peak
5216,5216,Standard,Off-Peak
5217,5217,Standard,Off-Peak
5218,5218,Standard,Off-Peak
5219,5219,Standard,Off-Peak
5220,5220,Standard,Advance
5221,5221,Standard,Off-Peak
5222,5222,Standard,Advance
5223,5223,Standard,Off-Peak
5224,5224,Standard,Off-Peak
5225,5225,Standard,Advance
5226,5226,Standard,Off-Peak
5227,5227,Standard,Off-Peak
5228,5228,Standard,Advance
5229,5229,Standard,Off-Peak
5230,5230,Standard,Off-Peak
5231,5231,Standard,Off-Peak
5232,5232,Standard,Off-Peak
5233,5233,Standard,Advance
5234,5234,Standard,Off-Peak
5235,5235,Standard,Off-Peak
5236,5236,Standard,Advance
5237,5237,Standard,Off-Peak
5238,5238,Standard,Advance
5239,5239,Standard,Off-Peak
5240,5240,Standard,Off-Peak
5241,5241,Standard,Advance
5242,5242,Standard,Advance
5243,5243,Standard,Advance
5244,5244,Standard,Advance
5245,5245,Standard,Off-Peak
5246,5246,Standard,Off-Peak
5247,5247,Standard,Off-Peak
5248,5248,Standard,Off-Peak
5249,5249,Standard,Advance
5250,5250,Standard,Off-Peak
5251,5251,Standard,Off-Peak
5252,5252,Standard,Off-Peak
5253,5253,Standard,Advance
5254,5254,Standard,Off-Peak
5255,5255,Standard,Advance
5256,5256,Standard,Advance
5257,5257,Standard,Advance
5258,5258,Standard,Off-Peak
5259,5259,Standard,Off-Peak
5260,5260,Standard,Advance
5261,5261,Standard,Off-Peak
5262,5262,Standard,Advance
5263,5263,Standard,Off-Peak
5264,5264,Standard,Advance
5265,5265,Standard,Advance
5266,5266,Standard,Advance
5267,5267,Standard,Advance
5268,5268,Standard,Advance
5269,5269,Standard,Off-Peak
5270,5270,Standard,Off-Peak
5271,5271,Standard,Advance
5272,5272,Standard,Advance
5273,5273,Standard,Advance
5274,5274,Standard,Advance
5275,5275,Standard,Off-Peak
5276,5276,Standard,Off-Peak
5277,5277,Standard,Off-Peak
5278,5278,Standard,Off-Peak
5279,5279,Standard,Advance
5280,5280,Standard,Advance
5281,5281,Standard,Advance
5282,5282,Standard,Advance
5283,5283,Standard,Advance
5284,5284,Standard,Advance
5285,5285,Standard,Advance
5286,5286,Standard,Advance
5287,5287,Standard,Advance
5288,5288,Standard,Off-Peak
5289,5289,Standard,Off-Peak
5290,5290,Standard,Off-Peak
5291,5291,Standard,Advance
5292,5292,Standard,Advance
5293,5293,Standard,Advance
5294,5294,Standard,Advance
5295,5295,Standard,Advance
5296,5296,Standard,Advance
5297,5297,Standard,Advance
5298,5298,Standard,Advance
5299,5299,Standard,Advance
5300,5300,Standard,Advance
5301,5301,Standard,Advance
5302,5302,Standard,Advance
5303,5303,Standard,Advance
5304,5304,Standard,Off-Peak
5305,5305,Standard,Advance
5306,5306,Standard,Advance
5307,5307,Standard,Advance
5308,5308,Standard,Advance
5309,5309,Standard,Advance
5310,5310,Standard,Advance
5311,5311,Standard,Advance
5312,5312,Standard,Advance
5313,5313,Standard,Advance
5314,5314,Standard,Advance
5315,5315,Standard,Advance
5316,5316,Standard,Advance
5317,5317,Standard,Advance
5318,5318,Standard,Advance
5319,5319,Standard,Advance
5320,5320,Standard,Advance
5321,5321,Standard,Advance
5322,5322,Standard,Off-Peak
5323,5323,Standard,Off-Peak
5324,5324,Standard,Off-Peak
5325,5325,Standard,Off-Peak
5326,5326,Standard,Advance
5327,5327,Standard,Advance
5328,5328,Standard,Advance
5329,5329,Standard,Advance
5330,5330,Standard,Advance
5331,5331,Standard,Advance
5332,5332,Standard,Advance
5333,5333,Standard,Advance
5334,5334,Standard,Off-Peak
5335,5335,Standard,Off-Peak
5336,5336,Standard,Advance
5337,5337,Standard,Off-Peak
5338,5338,Standard,Off-Peak
5339,5339,Standard,Off-Peak
5340,5340,Standard,Advance
5341,5341,Standard,Advance
5342,5342,Standard,Advance
5343,5343,Standard,Advance
5344,5344,Standard,Advance
5345,5345,Standard,Advance
5346,5346,Standard,Advance
5347,5347,Standard,Off-Peak
5348,5348,Standard,Advance
5349,5349,Standard,Advance
5350,5350,Standard,Off-Peak
5351,5351,Standard,Off-Peak
5352,5352,Standard,Advance
5353,5353,Standard,Off-Peak
5354,5354,Standard,Off-Peak
5355,5355,Standard,Off-Peak
5356,5356,Standard,Off-Peak
5357,5357,Standard,Off-Peak
5358,5358,Standard,Off-Peak
5359,5359,Standard,Off-Peak
5360,5360,Standard,Off-Peak
5361,5361,Standard,Off-Peak
5362,5362,Standard,Advance
5363,5363,Standard,Advance
5364,5364,Standard,Advance
5365,5365,Standard,Advance
5366,5366,Standard,Advance
5367,5367,Standard,Advance
5368,5368,Standard,Off-Peak
5369,5369,Standard,Off-Peak
5370,5370,Standard,Advance
5371,5371,Standard,Off-Peak
5372,5372,Standard,Advance
5373,5373,Standard,Off-Peak
5374,5374,Standard,Off-Peak
5375,5375,Standard,Off-Peak
5376,5376,Standard,Off-Peak
5377,5377,Standard,Off-Peak
5378,5378,Standard,Advance
5379,5379,Standard,Advance
5380,5380,Standard,Off-Peak
5381,5381,Standard,Advance
5382,5382,Standard,Off-Peak
5383,5383,Standard,Advance
5384,5384,Standard,Off-Peak
5385,5385,Standard,Off-Peak
5386,5386,Standard,Off-Peak
5387,5387,Standard,Off-Peak
5388,5388,Standard,Off-Peak
5389,5389,Standard,Off-Peak
5390,5390,Standard,Off-Peak
5391,5391,Standard,Advance
5392,5392,Standard,Off-Peak
5393,5393,Standard,Advance
5394,5394,Standard,Advance
5395,5395,Standard,Advance
5396,5396,Standard,Advance
5397,5397,Standard,Advance
5398,5398,Standard,Off-Peak
5399,5399,Standard,Advance
5400,5400,Standard,Advance
5401,5401,Standard,Advance
5402,5402,Standard,Advance
5403,5403,Standard,Advance
5404,5404,Standard,Advance
5405,5405,Standard,Advance
5406,5406,Standard,Advance
5407,5407,Standard,Advance
5408,5408,Standard,Advance
5409,5409,Standard,Advance
5410,5410,Standard,Advance
5411,5411,Standard,Advance
5412,5412,Standard,Advance
5413,5413,Standard,Advance
5414,5414,Standard,Advance
5415,5415,Standard,Advance
5416,5416,Standard,Advance
5417,5417,Standard,Advance
5418,5418,Standard,Off-Peak
5419,5419,Standard,Advance
5420,5420,Standard,Advance
5421,5421,Standard,Advance
5422,5422,Standard,Advance
5423,5423,Standard,Advance
5424,5424,Standard,Off-Peak
5425,5425,Standard,Off-Peak
5426,5426,Standard,Off-Peak
5427,5427,Standard,Off-Peak
5428,5428,Standard,Off-Peak
5429,5429,Standard,Advance
5430,5430,Standard,Advance
5431,5431,Standard,Advance
5432,5432,Standard,Advance
5433,5433,Standard,Advance
5434,5434,Standard,Advance
5435,5435,Standard,Advance
5436,5436,Standard,Advance
5437,5437,Standard,Advance
5438,5438,Standard,Off-Peak
5439,5439,Standard,Off-Peak
5440,5440,Standard,Advance
5441,5441,Standard,Advance
5442,5442,Standard,Advance
5443,5443,Standard,Advance
5444,5444,Standard,Off-Peak
5445,5445,Standard,Off-Peak
5446,5446,Standard,Advance
5447,5447,Standard,Advance
5448,5448,Standard,Advance
5449,5449,Standard,Advance
5450,5450,Standard,Advance
5451,5451,Standard,Off-Peak
5452,5452,Standard,Off-Peak
5453,5453,Standard,Off-Peak
5454,5454,Standard,Off-Peak
5455,5455,Standard,Advance
5456,5456,Standard,Advance
5457,5457,Standard,Advance
5458,5458,Standard,Advance
5459,5459,Standard,Advance
5460,5460,Standard,Off-Peak
5461,5461,Standard,Advance
5462,5462,Standard,Off-Peak
5463,5463,Standard,Off-Peak
5464,5464,Standard,Advance
5465,5465,Standard,Advance
5466,5466,Standard,Off-Peak
5467,5467,Standard,Advance
5468,5468,Standard,Advance
5469,5469,Standard,Off-Peak
5470,5470,Standard,Off-Peak
5471,5471,Standard,Off-Peak
5472,5472,Standard,Off-Peak
5473,5473,Standard,Off-Peak
5474,5474,Standard,Off-Peak
5475,5475,Standard,Off-Peak
5476,5476,Standard,Off-Peak
5477,5477,Standard,Off-Peak
5478,5478,Standard,Off-Peak
5479,5479,Standard,Off-Peak
5480,5480,Standard,Advance
5481,5481,Standard,Off-Peak
5482,5482,Standard,Off-Peak
5483,5483,Standard,Advance
5484,5484,Standard,Off-Peak
5485,5485,Standard,Advance
5486,5486,Standard,Off-Peak
5487,5487,Standard,Off-Peak
5488,5488,Standard,Off-Peak
5489,5489,Standard,Off-Peak
5490,5490,Standard,Off-Peak
5491,5491,Standard,Off-Peak
5492,5492,Standard,Advance
5493,5493,Standard,Off-Peak
5494,5494,Standard,Advance
5495,5495,Standard,Off-Peak
5496,5496,Standard,Off-Peak
5497,5497,Standard,Advance
5498,5498,Standard,Off-Peak
5499,5499,Standard,Off-Peak
5500,5500,Standard,Off-Peak
5501,5501,Standard,Off-Peak
5502,5502,Standard,Off-Peak
5503,5503,Standard,Advance
5504,5504,Standard,Advance
5505,5505,Standard,Off-Peak
5506,5506,Standard,Advance
5507,5507,Standard,Off-Peak
5508,5508,Standard,Off-Peak
5509,5509,Standard,Off-Peak
5510,5510,Standard,Anytime
5511,5511,Standard,Off-Peak
5512,5512,Standard,Off-Peak
5513,5513,Standard,Off-Peak
5514,5514,Standard,Off-Peak
5515,5515,Standard,Off-Peak
5516,5516,Standard,Advance
5517,5517,Standard,Off-Peak
5518,5518,Standard,Off-Peak
5519,5519,Standard,Off-Peak
5520,5520,Standard,Advance
5521,5521,Standard,Advance
5522,5522,Standard,Advance
5523,5523,Standard,Advance
5524,5524,Standard,Off-Peak
5525,5525,Standard,Advance
5526,5526,Standard,Advance
5527,5527,Standard,Advance
5528,5528,Standard,Advance
5529,5529,Standard,Off-Peak
5530,5530,Standard,Advance
5531,5531,Standard,Advance
5532,5532,Standard,Advance
5533,5533,Standard,Advance
5534,5534,Standard,Advance
5535,5535,Standard,Advance
5536,5536,Standard,Off-Peak
5537,5537,Standard,Off-Peak
5538,5538,Standard,Off-Peak
5539,5539,Standard,Off-Peak
5540,5540,Standard,Off-Peak
5541,5541,Standard,Off-Peak
5542,5542,Standard,Off-Peak
5543,5543,Standard,Advance
5544,5544,Standard,Advance
5545,5545,Standard,Advance
5546,5546,Standard,Advance
5547,5547,Standard,Advance
5548,5548,Standard,Advance
5549,5549,Standard,Advance
5550,5550,Standard,Off-Peak
5551,5551,Standard,Advance
5552,5552,Standard,Advance
5553,5553,Standard,Advance
5554,5554,Standard,Advance
5555,5555,Standard,Advance
5556,5556,Standard,Advance
5557,5557,Standard,Advance
5558,5558,Standard,Advance
5559,5559,Standard,Advance
5560,5560,Standard,Advance
5561,5561,Standard,Advance
5562,5562,Standard,Advance
5563,5563,Standard,Advance
5564,5564,Standard,Advance
5565,5565,Standard,Advance
5566,5566,Standard,Advance
5567,5567,Standard,Advance
5568,5568,Standard,Advance
5569,5569,Standard,Off-Peak
5570,5570,Standard,Advance
5571,5571,Standard,Advance
5572,5572,Standard,Advance
5573,5573,Standard,Advance
5574,5574,Standard,Off-Peak
5575,5575,Standard,Advance
5576,5576,Standard,Advance
5577,5577,Standard,Advance
5578,5578,Standard,Advance
5579,5579,Standard,Advance
5580,5580,Standard,Advance
5581,5581,Standard,Advance
5582,5582,Standard,Advance
5583,5583,Standard,Advance
5584,5584,Standard,Advance
5585,5585,Standard,Advance
5586,5586,Standard,Off-Peak
5587,5587,Standard,Off-Peak
5588,5588,Standard,Off-Peak
5589,5589,Standard,Off-Peak
5590,5590,Standard,Advance
5591,5591,Standard,Off-Peak
5592,5592,Standard,Off-Peak
5593,5593,Standard,Advance
5594,5594,Standard,Off-Peak
5595,5595,Standard,Off-Peak
5596,5596,Standard,Advance
5597,5597,Standard,Advance
5598,5598,Standard,Off-Peak
5599,5599,Standard,Advance
5600,5600,Standard,Off-Peak
5601,5601,Standard,Off-Peak
5602,5602,Standard,Advance
5603,5603,Standard,Advance
5604,5604,Standard,Off-Peak
5605,5605,Standard,Off-Peak
5606,5606,Standard,Off-Peak
5607,5607,Standard,Off-Peak
5608,5608,Standard,Off-Peak
5609,5609,Standard,Off-Peak
5610,5610,Standard,Off-Peak
5611,5611,Standard,Off-Peak
5612,5612,Standard,Off-Peak
5613,5613,Standard,Advance
5614,5614,Standard,Off-Peak
5615,5615,Standard,Off-Peak
5616,5616,Standard,Anytime
5617,5617,Standard,Anytime
5618,5618,Standard,Anytime
5619,5619,Standard,Advance
5620,5620,Standard,Anytime
5621,5621,Standard,Anytime
5622,5622,Standard,Anytime
5623,5623,Standard,Anytime
5624,5624,Standard,Advance
5625,5625,Standard,Anytime
5626,5626,Standard,Anytime
5627,5627,Standard,Anytime
5628,5628,Standard,Advance
5629,5629,Standard,Anytime
5630,5630,Standard,Anytime
5631,5631,Standard,Anytime
5632,5632,Standard,Off-Peak
5633,5633,Standard,Advance
5634,5634,Standard,Anytime
5635,5635,Standard,Advance
5636,5636,Standard,Advance
5637,5637,Standard,Advance
5638,5638,Standard,Anytime
5639,5639,Standard,Anytime
5640,5640,Standard,Advance
5641,5641,Standard,Anytime
5642,5642,Standard,Advance
5643,5643,Standard,Anytime
5644,5644,Standard,Advance
5645,5645,Standard,Anytime
5646,5646,Standard,Advance
5647,5647,Standard,Advance
5648,5648,Standard,Anytime
5649,5649,Standard,Anytime
5650,5650,Standard,Advance
5651,5651,Standard,Advance
5652,5652,Standard,Anytime
5653,5653,Standard,Anytime
5654,5654,Standard,Anytime
5655,5655,Standard,Anytime
5656,5656,Standard,Anytime
5657,5657,Standard,Anytime
5658,5658,Standard,Anytime
5659,5659,Standard,Advance
5660,5660,Standard,Anytime
5661,5661,Standard,Anytime
5662,5662,Standard,Anytime
5663,5663,Standard,Anytime
5664,5664,Standard,Anytime
5665,5665,Standard,Anytime
5666,5666,Standard,Advance
5667,5667,Standard,Off-Peak
5668,5668,Standard,Advance
5669,5669,Standard,Off-Peak
5670,5670,Standard,Advance
5671,5671,Standard,Advance
5672,5672,Standard,Advance
5673,5673,Standard,Advance
5674,5674,Standard,Advance
5675,5675,Standard,Advance
5676,5676,Standard,Off-Peak
5677,5677,Standard,Off-Peak
5678,5678,Standard,Advance
5679,5679,Standard,Advance
5680,5680,Standard,Advance
5681,5681,Standard,Off-Peak
5682,5682,Standard,Advance
5683,5683,Standard,Advance
5684,5684,Standard,Off-Peak
5685,5685,Standard,Advance
5686,5686,Standard,Advance
5687,5687,Standard,Advance
5688,5688,Standard,Advance
5689,5689,Standard,Advance
5690,5690,Standard,Advance
5691,5691,Standard,Advance
5692,5692,Standard,Advance
5693,5693,Standard,Advance
5694,5694,Standard,Advance
5695,5695,Standard,Off-Peak
5696,5696,Standard,Advance
5697,5697,Standard,Advance
5698,5698,Standard,Advance
5699,5699,Standard,Advance
5700,5700,Standard,Advance
5701,5701,Standard,Advance
5702,5702,Standard,Off-Peak
5703,5703,Standard,Advance
5704,5704,Standard,Advance
5705,5705,Standard,Advance
5706,5706,Standard,Advance
5707,5707,Standard,Advance
5708,5708,Standard,Advance
5709,5709,Standard,Off-Peak
5710,5710,Standard,Off-Peak
5711,5711,Standard,Advance
5712,5712,Standard,Off-Peak
5713,5713,Standard,Advance
5714,5714,Standard,Advance
5715,5715,Standard,Advance
5716,5716,Standard,Advance
5717,5717,Standard,Advance
5718,5718,Standard,Advance
5719,5719,Standard,Advance
5720,5720,Standard,Advance
5721,5721,Standard,Advance
5722,5722,Standard,Advance
5723,5723,Standard,Advance
5724,5724,Standard,Advance
5725,5725,Standard,Advance
5726,5726,Standard,Advance
5727,5727,Standard,Advance
5728,5728,Standard,Advance
5729,5729,Standard,Off-Peak
5730,5730,Standard,Off-Peak
5731,5731,Standard,Advance
5732,5732,Standard,Advance
5733,5733,Standard,Advance
5734,5734,Standard,Advance
5735,5735,Standard,Advance
5736,5736,Standard,Advance
5737,5737,Standard,Advance
5738,5738,Standard,Off-Peak
5739,5739,Standard,Off-Peak
5740,5740,Standard,Off-Peak
5741,5741,Standard,Off-Peak
5742,5742,Standard,Off-Peak
5743,5743,Standard,Off-Peak
5744,5744,Standard,Off-Peak
5745,5745,Standard,Off-Peak
5746,5746,Standard,Off-Peak
5747,5747,Standard,Off-Peak
5748,5748,Standard,Off-Peak
5749,5749,Standard,Off-Peak
5750,5750,Standard,Advance
5751,5751,Standard,Advance
5752,5752,Standard,Advance
5753,5753,Standard,Advance
5754,5754,Standard,Off-Peak
5755,5755,Standard,Off-Peak
5756,5756,Standard,Advance
5757,5757,Standard,Advance
5758,5758,Standard,Advance
5759,5759,Standard,Advance
5760,5760,Standard,Off-Peak
5761,5761,Standard,Off-Peak
5762,5762,Standard,Advance
5763,5763,Standard,Off-Peak
5764,5764,Standard,Advance
5765,5765,Standard,Off-Peak
5766,5766,Standard,Off-Peak
5767,5767,Standard,Off-Peak
5768,5768,Standard,Off-Peak
5769,5769,Standard,Off-Peak
5770,5770,Standard,Advance
5771,5771,Standard,Advance
5772,5772,Standard,Anytime
5773,5773,Standard,Anytime
5774,5774,Standard,Anytime
5775,5775,Standard,Anytime
5776,5776,Standard,Advance
5777,5777,Standard,Anytime
5778,5778,Standard,Anytime
5779,5779,Standard,Anytime
5780,5780,Standard,Advance
5781,5781,Standard,Off-Peak
5782,5782,Standard,Anytime
5783,5783,Standard,Anytime
5784,5784,Standard,Anytime
5785,5785,Standard,Advance
5786,5786,Standard,Advance
5787,5787,Standard,Anytime
5788,5788,Standard,Anytime
5789,5789,Standard,Advance
5790,5790,Standard,Anytime
5791,5791,Standard,Advance
5792,5792,Standard,Anytime
5793,5793,Standard,Advance
5794,5794,Standard,Anytime
5795,5795,Standard,Anytime
5796,5796,Standard,Advance
5797,5797,Standard,Anytime
5798,5798,Standard,Anytime
5799,5799,Standard,Anytime
5800,5800,Standard,Anytime
5801,5801,Standard,Anytime
5802,5802,Standard,Anytime
5803,5803,Standard,Anytime
5804,5804,Standard,Anytime
5805,5805,Standard,Anytime
5806,5806,Standard,Anytime
5807,5807,Standard,Advance
5808,5808,Standard,Advance
5809,5809,Standard,Advance
5810,5810,Standard,Advance
5811,5811,Standard,Off-Peak
5812,5812,Standard,Advance
5813,5813,Standard,Advance
5814,5814,Standard,Advance
5815,5815,Standard,Advance
5816,5816,Standard,Advance
5817,5817,Standard,Advance
5818,5818,Standard,Anytime
5819,5819,Standard,Advance
5820,5820,Standard,Off-Peak
5821,5821,Standard,Advance
5822,5822,Standard,Advance
5823,5823,Standard,Off-Peak
5824,5824,Standard,Off-Peak
5825,5825,Standard,Advance
5826,5826,Standard,Advance
5827,5827,Standard,Advance
5828,5828,Standard,Advance
5829,5829,Standard,Off-Peak
5830,5830,Standard,Advance
5831,5831,Standard,Advance
5832,5832,Standard,Advance
5833,5833,Standard,Advance
5834,5834,Standard,Advance
5835,5835,Standard,Advance
5836,5836,Standard,Advance
5837,5837,Standard,Off-Peak
5838,5838,Standard,Advance
5839,5839,Standard,Advance
5840,5840,Standard,Advance
5841,5841,Standard,Advance
5842,5842,Standard,Advance
5843,5843,Standard,Advance
5844,5844,Standard,Advance
5845,5845,Standard,Off-Peak
5846,5846,Standard,Advance
5847,5847,Standard,Advance
5848,5848,Standard,Advance
5849,5849,Standard,Advance
5850,5850,Standard,Advance
5851,5851,Standard,Advance
5852,5852,Standard,Advance
5853,5853,Standard,Advance
5854,5854,Standard,Advance
5855,5855,Standard,Advance
5856,5856,Standard,Advance
5857,5857,Standard,Advance
5858,5858,Standard,Advance
5859,5859,Standard,Advance
5860,5860,Standard,Advance
5861,5861,Standard,Advance
5862,5862,Standard,Off-Peak
5863,5863,Standard,Advance
5864,5864,Standard,Advance
5865,5865,Standard,Advance
5866,5866,Standard,Advance
5867,5867,Standard,Advance
5868,5868,Standard,Advance
5869,5869,Standard,Advance
5870,5870,Standard,Advance
5871,5871,Standard,Advance
5872,5872,Standard,Advance
5873,5873,Standard,Advance
5874,5874,Standard,Advance
5875,5875,Standard,Advance
5876,5876,Standard,Advance
5877,5877,Standard,Advance
5878,5878,Standard,Advance
5879,5879,Standard,Advance
5880,5880,Standard,Advance
5881,5881,Standard,Advance
5882,5882,Standard,Off-Peak
5883,5883,Standard,Advance
5884,5884,Standard,Off-Peak
5885,5885,Standard,Advance
5886,5886,Standard,Advance
5887,5887,Standard,Off-Peak
5888,5888,Standard,Advance
5889,5889,Standard,Off-Peak
5890,5890,Standard,Advance
5891,5891,Standard,Off-Peak
5892,5892,Standard,Off-Peak
5893,5893,Standard,Advance
5894,5894,Standard,Off-Peak
5895,5895,Standard,Advance
5896,5896,Standard,Advance
5897,5897,Standard,Advance
5898,5898,Standard,Advance
5899,5899,Standard,Advance
5900,5900,Standard,Off-Peak
5901,5901,Standard,Off-Peak
5902,5902,Standard,Off-Peak
5903,5903,Standard,Advance
5904,5904,Standard,Advance
5905,5905,Standard,Off-Peak
5906,5906,Standard,Advance
5907,5907,Standard,Advance
5908,5908,Standard,Advance
5909,5909,Standard,Advance
5910,5910,Standard,Off-Peak
5911,5911,Standard,Off-Peak
5912,5912,Standard,Advance
5913,5913,Standard,Off-Peak
5914,5914,Standard,Off-Peak
5915,5915,Standard,Off-Peak
5916,5916,Standard,Advance
5917,5917,Standard,Off-Peak
5918,5918,Standard,Anytime
5919,5919,Standard,Advance
5920,5920,Standard,Anytime
5921,5921,Standard,Advance
5922,5922,Standard,Anytime
5923,5923,Standard,Anytime
5924,5924,Standard,Anytime
5925,5925,Standard,Anytime
5926,5926,Standard,Anytime
5927,5927,Standard,Anytime
5928,5928,Standard,Anytime
5929,5929,Standard,Anytime
5930,5930,Standard,Anytime
5931,5931,Standard,Anytime
5932,5932,Standard,Anytime
5933,5933,Standard,Anytime
5934,5934,Standard,Anytime
5935,5935,Standard,Advance
5936,5936,Standard,Anytime
5937,5937,Standard,Anytime
5938,5938,Standard,Anytime
5939,5939,Standard,Advance
5940,5940,Standard,Anytime
5941,5941,Standard,Advance
5942,5942,Standard,Anytime
5943,5943,Standard,Advance
5944,5944,Standard,Anytime
5945,5945,Standard,Anytime
5946,5946,Standard,Anytime
5947,5947,Standard,Advance
5948,5948,Standard,Anytime
5949,5949,Standard,Anytime
5950,5950,Standard,Anytime
5951,5951,Standard,Advance
5952,5952,Standard,Anytime
5953,5953,Standard,Anytime
5954,5954,Standard,Anytime
5955,5955,Standard,Anytime
5956,5956,Standard,Advance
5957,5957,Standard,Anytime
5958,5958,Standard,Advance
5959,5959,Standard,Anytime
5960,5960,Standard,Advance
5961,5961,Standard,Off-Peak
5962,5962,Standard,Off-Peak
5963,5963,Standard,Off-Peak
5964,5964,Standard,Advance
5965,5965,Standard,Advance
5966,5966,Standard,Advance
5967,5967,Standard,Off-Peak
5968,5968,Standard,Off-Peak
5969,5969,Standard,Off-Peak
5970,5970,Standard,Advance
5971,5971,Standard,Advance
5972,5972,Standard,Advance
5973,5973,Standard,Advance
5974,5974,Standard,Advance
5975,5975,Standard,Advance
5976,5976,Standard,Advance
5977,5977,Standard,Advance
5978,5978,Standard,Advance
5979,5979,Standard,Advance
5980,5980,Standard,Advance
5981,5981,Standard,Advance
5982,5982,Standard,Advance
5983,5983,Standard,Off-Peak
5984,5984,Standard,Advance
5985,5985,Standard,Advance
5986,5986,Standard,Advance
5987,5987,Standard,Advance
5988,5988,Standard,Off-Peak
5989,5989,Standard,Advance
5990,5990,Standard,Advance
5991,5991,Standard,Advance
5992,5992,Standard,Off-Peak
5993,5993,Standard,Advance
5994,5994,Standard,Advance
5995,5995,Standard,Advance
5996,5996,Standard,Advance
5997,5997,Standard,Advance
5998,5998,Standard,Off-Peak
5999,5999,Standard,Advance
6000,6000,Standard,Advance
6001,6001,Standard,Advance
6002,6002,Standard,Off-Peak
6003,6003,Standard,Advance
6004,6004,Standard,Off-Peak
6005,6005,Standard,Off-Peak
6006,6006,Standard,Advance
6007,6007,Standard,Advance
6008,6008,Standard,Off-Peak
6009,6009,Standard,Advance
6010,6010,Standard,Off-Peak
6011,6011,Standard,Advance
6012,6012,Standard,Advance
6013,6013,Standard,Advance
6014,6014,Standard,Off-Peak
6015,6015,Standard,Advance
6016,6016,Standard,Off-Peak
6017,6017,Standard,Advance
6018,6018,Standard,Off-Peak
6019,6019,Standard,Off-Peak
6020,6020,Standard,Advance
6021,6021,Standard,Advance
6022,6022,Standard,Off-Peak
6023,6023,Standard,Off-Peak
6024,6024,Standard,Advance
6025,6025,Standard,Advance
6026,6026,Standard,Advance
6027,6027,Standard,Off-Peak
6028,6028,Standard,Off-Peak
6029,6029,Standard,Off-Peak
6030,6030,Standard,Advance
6031,6031,Standard,Advance
6032,6032,Standard,Off-Peak
6033,6033,Standard,Off-Peak
6034,6034,Standard,Advance
6035,6035,Standard,Anytime
6036,6036,Standard,Advance
6037,6037,Standard,Anytime
6038,6038,Standard,Anytime
6039,6039,Standard,Anytime
6040,6040,Standard,Advance
6041,6041,Standard,Anytime
6042,6042,Standard,Advance
6043,6043,Standard,Anytime
6044,6044,Standard,Off-Peak
6045,6045,Standard,Advance
6046,6046,Standard,Anytime
6047,6047,Standard,Anytime
6048,6048,Standard,Advance
6049,6049,Standard,Advance
6050,6050,Standard,Anytime
6051,6051,Standard,Anytime
6052,6052,Standard,Anytime
6053,6053,Standard,Anytime
6054,6054,Standard,Anytime
6055,6055,Standard,Advance
6056,6056,Standard,Advance
6057,6057,Standard,Anytime
6058,6058,Standard,Advance
6059,6059,Standard,Anytime
6060,6060,Standard,Anytime
6061,6061,Standard,Anytime
6062,6062,Standard,Anytime
6063,6063,Standard,Anytime
6064,6064,Standard,Advance
6065,6065,Standard,Anytime
6066,6066,Standard,Anytime
6067,6067,Standard,Advance
6068,6068,Standard,Advance
6069,6069,Standard,Advance
6070,6070,Standard,Advance
6071,6071,Standard,Advance
6072,6072,Standard,Advance
6073,6073,Standard,Anytime
6074,6074,Standard,Anytime
6075,6075,Standard,Anytime
6076,6076,Standard,Anytime
6077,6077,Standard,Anytime
6078,6078,Standard,Anytime
6079,6079,Standard,Anytime
6080,6080,Standard,Advance
6081,6081,Standard,Off-Peak
6082,6082,Standard,Advance
6083,6083,Standard,Advance
6084,6084,Standard,Advance
6085,6085,Standard,Off-Peak
6086,6086,Standard,Off-Peak
6087,6087,Standard,Advance
6088,6088,Standard,Advance
6089,6089,Standard,Advance
6090,6090,Standard,Advance
6091,6091,Standard,Advance
6092,6092,Standard,Advance
6093,6093,Standard,Advance
6094,6094,Standard,Anytime
6095,6095,Standard,Anytime
6096,6096,Standard,Anytime
6097,6097,Standard,Off-Peak
6098,6098,Standard,Advance
6099,6099,Standard,Advance
6100,6100,Standard,Off-Peak
6101,6101,Standard,Advance
6102,6102,Standard,Off-Peak
6103,6103,Standard,Off-Peak
6104,6104,Standard,Advance
6105,6105,Standard,Off-Peak
6106,6106,Standard,Off-Peak
6107,6107,Standard,Off-Peak
6108,6108,Standard,Off-Peak
6109,6109,Standard,Off-Peak
6110,6110,Standard,Advance
6111,6111,Standard,Advance
6112,6112,Standard,Advance
6113,6113,Standard,Advance
6114,6114,Standard,Advance
6115,6115,Standard,Advance
6116,6116,Standard,Advance
6117,6117,Standard,Advance
6118,6118,Standard,Advance
6119,6119,Standard,Off-Peak
6120,6120,Standard,Advance
6121,6121,Standard,Off-Peak
6122,6122,Standard,Advance
6123,6123,Standard,Off-Peak
6124,6124,Standard,Advance
6125,6125,Standard,Advance
6126,6126,Standard,Advance
6127,6127,Standard,Advance
6128,6128,Standard,Advance
6129,6129,Standard,Advance
6130,6130,Standard,Advance
6131,6131,Standard,Advance
6132,6132,Standard,Advance
6133,6133,Standard,Advance
6134,6134,Standard,Advance
6135,6135,Standard,Advance
6136,6136,Standard,Advance
6137,6137,Standard,Advance
6138,6138,Standard,Advance
6139,6139,Standard,Advance
6140,6140,Standard,Advance
6141,6141,Standard,Advance
6142,6142,Standard,Advance
6143,6143,Standard,Advance
6144,6144,Standard,Advance
6145,6145,Standard,Advance
6146,6146,Standard,Advance
6147,6147,Standard,Advance
6148,6148,Standard,Advance
6149,6149,Standard,Advance
6150,6150,Standard,Advance
6151,6151,Standard,Advance
6152,6152,Standard,Advance
6153,6153,Standard,Advance
6154,6154,Standard,Advance
6155,6155,Standard,Advance
6156,6156,Standard,Advance
6157,6157,Standard,Advance
6158,6158,Standard,Advance
6159,6159,Standard,Advance
6160,6160,Standard,Off-Peak
6161,6161,Standard,Off-Peak
6162,6162,Standard,Off-Peak
6163,6163,Standard,Advance
6164,6164,Standard,Off-Peak
6165,6165,Standard,Off-Peak
6166,6166,Standard,Off-Peak
6167,6167,Standard,Off-Peak
6168,6168,Standard,Off-Peak
6169,6169,Standard,Advance
6170,6170,Standard,Advance
6171,6171,Standard,Advance
6172,6172,Standard,Advance
6173,6173,Standard,Advance
6174,6174,Standard,Advance
6175,6175,Standard,Advance
6176,6176,Standard,Off-Peak
6177,6177,Standard,Advance
6178,6178,Standard,Advance
6179,6179,Standard,Advance
6180,6180,Standard,Advance
6181,6181,Standard,Off-Peak
6182,6182,Standard,Off-Peak
6183,6183,Standard,Off-Peak
6184,6184,Standard,Off-Peak
6185,6185,Standard,Off-Peak
6186,6186,Standard,Advance
6187,6187,Standard,Off-Peak
6188,6188,Standard,Advance
6189,6189,Standard,Off-Peak
6190,6190,Standard,Off-Peak
6191,6191,Standard,Off-Peak
6192,6192,Standard,Advance
6193,6193,Standard,Advance
6194,6194,Standard,Advance
6195,6195,Standard,Off-Peak
6196,6196,Standard,Advance
6197,6197,Standard,Off-Peak
6198,6198,Standard,Advance
6199,6199,Standard,Advance
6200,6200,Standard,Anytime
6201,6201,Standard,Anytime
6202,6202,Standard,Anytime
6203,6203,Standard,Anytime
6204,6204,Standard,Advance
6205,6205,Standard,Anytime
6206,6206,Standard,Anytime
6207,6207,Standard,Anytime
6208,6208,Standard,Advance
6209,6209,Standard,Anytime
6210,6210,Standard,Anytime
6211,6211,Standard,Anytime
6212,6212,Standard,Anytime
6213,6213,Standard,Anytime
6214,6214,Standard,Advance
6215,6215,Standard,Advance
6216,6216,Standard,Advance
6217,6217,Standard,Off-Peak
6218,6218,Standard,Anytime
6219,6219,Standard,Advance
6220,6220,Standard,Advance
6221,6221,Standard,Anytime
6222,6222,Standard,Advance
6223,6223,Standard,Anytime
6224,6224,Standard,Anytime
6225,6225,Standard,Anytime
6226,6226,Standard,Advance
6227,6227,Standard,Anytime
6228,6228,Standard,Advance
6229,6229,Standard,Anytime
6230,6230,Standard,Anytime
6231,6231,Standard,Anytime
6232,6232,Standard,Anytime
6233,6233,Standard,Anytime
6234,6234,Standard,Advance
6235,6235,Standard,Advance
6236,6236,Standard,Anytime
6237,6237,Standard,Anytime
6238,6238,Standard,Anytime
6239,6239,Standard,Anytime
6240,6240,Standard,Anytime
6241,6241,Standard,Anytime
6242,6242,Standard,Anytime
6243,6243,Standard,Anytime
6244,6244,Standard,Anytime
6245,6245,Standard,Off-Peak
6246,6246,Standard,Off-Peak
6247,6247,Standard,Anytime
6248,6248,Standard,Anytime
6249,6249,Standard,Advance
6250,6250,Standard,Advance
6251,6251,Standard,Advance
6252,6252,Standard,Advance
6253,6253,Standard,Advance
6254,6254,Standard,Advance
6255,6255,Standard,Advance
6256,6256,Standard,Advance
6257,6257,Standard,Advance
6258,6258,Standard,Advance
6259,6259,Standard,Advance
6260,6260,Standard,Advance
6261,6261,Standard,Advance
6262,6262,Standard,Advance
6263,6263,Standard,Advance
6264,6264,Standard,Advance
6265,6265,Standard,Advance
6266,6266,Standard,Advance
6267,6267,Standard,Advance
6268,6268,Standard,Advance
6269,6269,Standard,Advance
6270,6270,Standard,Advance
6271,6271,Standard,Advance
6272,6272,Standard,Advance
6273,6273,Standard,Advance
6274,6274,Standard,Advance
6275,6275,Standard,Advance
6276,6276,Standard,Off-Peak
6277,6277,Standard,Advance
6278,6278,Standard,Advance
6279,6279,Standard,Advance
6280,6280,Standard,Advance
6281,6281,Standard,Advance
6282,6282,Standard,Off-Peak
6283,6283,Standard,Advance
6284,6284,Standard,Advance
6285,6285,Standard,Off-Peak
6286,6286,Standard,Off-Peak
6287,6287,Standard,Advance
6288,6288,Standard,Off-Peak
6289,6289,Standard,Advance
6290,6290,Standard,Advance
6291,6291,Standard,Advance
6292,6292,Standard,Off-Peak
6293,6293,Standard,Advance
6294,6294,Standard,Advance
6295,6295,Standard,Advance
6296,6296,Standard,Advance
6297,6297,Standard,Off-Peak
6298,6298,Standard,Advance
6299,6299,Standard,Advance
6300,6300,Standard,Advance
6301,6301,Standard,Advance
6302,6302,Standard,Off-Peak
6303,6303,Standard,Advance
6304,6304,Standard,Advance
6305,6305,Standard,Advance
6306,6306,Standard,Advance
6307,6307,Standard,Off-Peak
6308,6308,Standard,Advance
6309,6309,Standard,Off-Peak
6310,6310,Standard,Advance
6311,6311,Standard,Off-Peak
6312,6312,Standard,Advance
6313,6313,Standard,Advance
6314,6314,Standard,Advance
6315,6315,Standard,Off-Peak
6316,6316,Standard,Advance
6317,6317,Standard,Advance
6318,6318,Standard,Off-Peak
6319,6319,Standard,Advance
6320,6320,Standard,Off-Peak
6321,6321,Standard,Off-Peak
6322,6322,Standard,Advance
6323,6323,Standard,Advance
6324,6324,Standard,Off-Peak
6325,6325,Standard,Advance
6326,6326,Standard,Off-Peak
6327,6327,Standard,Off-Peak
6328,6328,Standard,Advance
6329,6329,Standard,Advance
6330,6330,Standard,Advance
6331,6331,Standard,Advance
6332,6332,Standard,Anytime
6333,6333,Standard,Anytime
6334,6334,Standard,Anytime
6335,6335,Standard,Anytime
6336,6336,Standard,Anytime
6337,6337,Standard,Advance
6338,6338,Standard,Anytime
6339,6339,Standard,Anytime
6340,6340,Standard,Anytime
6341,6341,Standard,Anytime
6342,6342,Standard,Anytime
6343,6343,Standard,Anytime
6344,6344,Standard,Advance
6345,6345,Standard,Anytime
6346,6346,Standard,Advance
6347,6347,Standard,Advance
6348,6348,Standard,Anytime
6349,6349,Standard,Anytime
6350,6350,Standard,Advance
6351,6351,Standard,Anytime
6352,6352,Standard,Advance
6353,6353,Standard,Advance
6354,6354,Standard,Anytime
6355,6355,Standard,Anytime
6356,6356,Standard,Anytime
6357,6357,Standard,Anytime
6358,6358,Standard,Anytime
6359,6359,Standard,Anytime
6360,6360,Standard,Anytime
6361,6361,Standard,Anytime
6362,6362,Standard,Advance
6363,6363,Standard,Advance
6364,6364,Standard,Anytime
6365,6365,Standard,Anytime
6366,6366,Standard,Anytime
6367,6367,Standard,Anytime
6368,6368,Standard,Anytime
6369,6369,Standard,Advance
6370,6370,Standard,Anytime
6371,6371,Standard,Advance
6372,6372,Standard,Advance
6373,6373,Standard,Anytime
6374,6374,Standard,Anytime
6375,6375,Standard,Anytime
6376,6376,Standard,Advance
6377,6377,Standard,Anytime
6378,6378,Standard,Anytime
6379,6379,Standard,Advance
6380,6380,Standard,Anytime
6381,6381,Standard,Advance
6382,6382,Standard,Advance
6383,6383,Standard,Anytime
6384,6384,Standard,Anytime
6385,6385,Standard,Advance
6386,6386,Standard,Advance
6387,6387,Standard,Anytime
6388,6388,Standard,Advance
6389,6389,Standard,Anytime
6390,6390,Standard,Anytime
6391,6391,Standard,Anytime
6392,6392,Standard,Anytime
6393,6393,Standard,Advance
6394,6394,Standard,Advance
6395,6395,Standard,Anytime
6396,6396,Standard,Advance
6397,6397,Standard,Anytime
6398,6398,Standard,Advance
6399,6399,Standard,Off-Peak
6400,6400,Standard,Advance
6401,6401,Standard,Advance
6402,6402,Standard,Advance
6403,6403,Standard,Advance
6404,6404,Standard,Advance
6405,6405,Standard,Advance
6406,6406,Standard,Off-Peak
6407,6407,Standard,Anytime
6408,6408,Standard,Advance
6409,6409,Standard,Off-Peak
6410,6410,Standard,Advance
6411,6411,Standard,Advance
6412,6412,Standard,Off-Peak
6413,6413,Standard,Off-Peak
6414,6414,Standard,Advance
6415,6415,Standard,Advance
6416,6416,Standard,Advance
6417,6417,Standard,Advance
6418,6418,Standard,Off-Peak
6419,6419,Standard,Advance
6420,6420,Standard,Advance
6421,6421,Standard,Advance
6422,6422,Standard,Advance
6423,6423,Standard,Advance
6424,6424,Standard,Advance
6425,6425,Standard,Advance
6426,6426,Standard,Advance
6427,6427,Standard,Advance
6428,6428,Standard,Advance
6429,6429,Standard,Advance
6430,6430,Standard,Advance
6431,6431,Standard,Off-Peak
6432,6432,Standard,Advance
6433,6433,Standard,Advance
6434,6434,Standard,Advance
6435,6435,Standard,Advance
6436,6436,Standard,Advance
6437,6437,Standard,Advance
6438,6438,Standard,Advance
6439,6439,Standard,Advance
6440,6440,Standard,Off-Peak
6441,6441,Standard,Advance
6442,6442,Standard,Advance
6443,6443,Standard,Advance
6444,6444,Standard,Off-Peak
6445,6445,Standard,Advance
6446,6446,Standard,Off-Peak
6447,6447,Standard,Off-Peak
6448,6448,Standard,Advance
6449,6449,Standard,Advance
6450,6450,Standard,Advance
6451,6451,Standard,Advance
6452,6452,Standard,Advance
6453,6453,Standard,Advance
6454,6454,Standard,Advance
6455,6455,Standard,Advance
6456,6456,Standard,Advance
6457,6457,Standard,Advance
6458,6458,Standard,Advance
6459,6459,Standard,Advance
6460,6460,Standard,Advance
6461,6461,Standard,Advance
6462,6462,Standard,Advance
6463,6463,Standard,Advance
6464,6464,Standard,Off-Peak
6465,6465,Standard,Off-Peak
6466,6466,Standard,Off-Peak
6467,6467,Standard,Off-Peak
6468,6468,Standard,Off-Peak
6469,6469,Standard,Off-Peak
6470,6470,Standard,Off-Peak
6471,6471,Standard,Advance
6472,6472,Standard,Off-Peak
6473,6473,Standard,Off-Peak
6474,6474,Standard,Off-Peak
6475,6475,Standard,Off-Peak
6476,6476,Standard,Off-Peak
6477,6477,Standard,Advance
6478,6478,Standard,Advance
6479,6479,Standard,Advance
6480,6480,Standard,Advance
6481,6481,Standard,Advance
6482,6482,Standard,Advance
6483,6483,Standard,Advance
6484,6484,Standard,Off-Peak
6485,6485,Standard,Off-Peak
6486,6486,Standard,Off-Peak
6487,6487,Standard,Off-Peak
6488,6488,Standard,Off-Peak
6489,6489,Standard,Off-Peak
6490,6490,Standard,Off-Peak
6491,6491,Standard,Off-Peak
6492,6492,Standard,Off-Peak
6493,6493,Standard,Advance
6494,6494,Standard,Advance
6495,6495,Standard,Off-Peak
6496,6496,Standard,Advance
6497,6497,Standard,Off-Peak
6498,6498,Standard,Off-Peak
6499,6499,Standard,Anytime
6500,6500,Standard,Anytime
6501,6501,Standard,Anytime
6502,6502,Standard,Anytime
6503,6503,Standard,Advance
6504,6504,Standard,Anytime
6505,6505,Standard,Advance
6506,6506,Standard,Anytime
6507,6507,Standard,Anytime
6508,6508,Standard,Anytime
6509,6509,Standard,Anytime
6510,6510,Standard,Anytime
6511,6511,Standard,Anytime
6512,6512,Standard,Anytime
6513,6513,Standard,Anytime
6514,6514,Standard,Anytime
6515,6515,Standard,Anytime
6516,6516,Standard,Advance
6517,6517,Standard,Anytime
6518,6518,Standard,Advance
6519,6519,Standard,Advance
6520,6520,Standard,Off-Peak
6521,6521,Standard,Anytime
6522,6522,Standard,Advance
6523,6523,Standard,Advance
6524,6524,Standard,Anytime
6525,6525,Standard,Anytime
6526,6526,Standard,Advance
6527,6527,Standard,Advance
6528,6528,Standard,Anytime
6529,6529,Standard,Advance
6530,6530,Standard,Anytime
6531,6531,Standard,Anytime
6532,6532,Standard,Anytime
6533,6533,Standard,Advance
6534,6534,Standard,Advance
6535,6535,Standard,Anytime
6536,6536,Standard,Advance
6537,6537,Standard,Advance
6538,6538,Standard,Anytime
6539,6539,Standard,Advance
6540,6540,Standard,Advance
6541,6541,Standard,Advance
6542,6542,Standard,Anytime
6543,6543,Standard,Anytime
6544,6544,Standard,Anytime
6545,6545,Standard,Off-Peak
6546,6546,Standard,Advance
6547,6547,Standard,Off-Peak
6548,6548,Standard,Advance
6549,6549,Standard,Advance
6550,6550,Standard,Advance
6551,6551,Standard,Advance
6552,6552,Standard,Advance
6553,6553,Standard,Advance
6554,6554,Standard,Advance
6555,6555,Standard,Advance
6556,6556,Standard,Advance
6557,6557,Standard,Advance
6558,6558,Standard,Advance
6559,6559,Standard,Advance
6560,6560,Standard,Advance
6561,6561,Standard,Off-Peak
6562,6562,Standard,Advance
6563,6563,Standard,Advance
6564,6564,Standard,Advance
6565,6565,Standard,Advance
6566,6566,Standard,Advance
6567,6567,Standard,Advance
6568,6568,Standard,Advance
6569,6569,Standard,Advance
6570,6570,Standard,Advance
6571,6571,Standard,Advance
6572,6572,Standard,Advance
6573,6573,Standard,Advance
6574,6574,Standard,Off-Peak
6575,6575,Standard,Off-Peak
6576,6576,Standard,Advance
6577,6577,Standard,Advance
6578,6578,Standard,Advance
6579,6579,Standard,Advance
6580,6580,Standard,Advance
6581,6581,Standard,Advance
6582,6582,Standard,Advance
6583,6583,Standard,Advance
6584,6584,Standard,Off-Peak
6585,6585,Standard,Advance
6586,6586,Standard,Off-Peak
6587,6587,Standard,Advance
6588,6588,Standard,Advance
6589,6589,Standard,Off-Peak
6590,6590,Standard,Advance
6591,6591,Standard,Advance
6592,6592,Standard,Off-Peak
6593,6593,Standard,Off-Peak
6594,6594,Standard,Off-Peak
6595,6595,Standard,Advance
6596,6596,Standard,Advance
6597,6597,Standard,Off-Peak
6598,6598,Standard,Off-Peak
6599,6599,Standard,Off-Peak
6600,6600,Standard,Off-Peak
6601,6601,Standard,Off-Peak
6602,6602,Standard,Advance
6603,6603,Standard,Advance
6604,6604,Standard,Off-Peak
6605,6605,Standard,Advance
6606,6606,Standard,Off-Peak
6607,6607,Standard,Advance
6608,6608,Standard,Off-Peak
6609,6609,Standard,Off-Peak
6610,6610,Standard,Advance
6611,6611,Standard,Off-Peak
6612,6612,Standard,Off-Peak
6613,6613,Standard,Off-Peak
6614,6614,Standard,Advance
6615,6615,Standard,Advance
6616,6616,Standard,Advance
6617,6617,Standard,Off-Peak
6618,6618,Standard,Off-Peak
6619,6619,Standard,Advance
6620,6620,Standard,Off-Peak
6621,6621,Standard,Off-Peak
6622,6622,Standard,Advance
6623,6623,Standard,Off-Peak
6624,6624,Standard,Advance
6625,6625,Standard,Advance
6626,6626,Standard,Advance
6627,6627,Standard,Off-Peak
6628,6628,Standard,Advance
6629,6629,Standard,Advance
6630,6630,Standard,Advance
6631,6631,Standard,Advance
6632,6632,Standard,Off-Peak
6633,6633,Standard,Off-Peak
6634,6634,Standard,Anytime
6635,6635,Standard,Anytime
6636,6636,Standard,Anytime
6637,6637,Standard,Anytime
6638,6638,Standard,Anytime
6639,6639,Standard,Anytime
6640,6640,Standard,Advance
6641,6641,Standard,Anytime
6642,6642,Standard,Advance
6643,6643,Standard,Advance
6644,6644,Standard,Anytime
6645,6645,Standard,Advance
6646,6646,Standard,Advance
6647,6647,Standard,Advance
6648,6648,Standard,Anytime
6649,6649,Standard,Off-Peak
6650,6650,Standard,Anytime
6651,6651,Standard,Advance
6652,6652,Standard,Advance
6653,6653,Standard,Advance
6654,6654,Standard,Anytime
6655,6655,Standard,Anytime
6656,6656,Standard,Anytime
6657,6657,Standard,Advance
6658,6658,Standard,Anytime
6659,6659,Standard,Anytime
6660,6660,Standard,Anytime
6661,6661,Standard,Anytime
6662,6662,Standard,Advance
6663,6663,Standard,Advance
6664,6664,Standard,Advance
6665,6665,Standard,Anytime
6666,6666,Standard,Advance
6667,6667,Standard,Advance
6668,6668,Standard,Anytime
6669,6669,Standard,Anytime
6670,6670,Standard,Anytime
6671,6671,Standard,Advance
6672,6672,Standard,Advance
6673,6673,Standard,Anytime
6674,6674,Standard,Anytime
6675,6675,Standard,Anytime
6676,6676,Standard,Advance
6677,6677,Standard,Anytime
6678,6678,Standard,Advance
6679,6679,Standard,Advance
6680,6680,Standard,Advance
6681,6681,Standard,Advance
6682,6682,Standard,Advance
6683,6683,Standard,Off-Peak
6684,6684,Standard,Advance
6685,6685,Standard,Advance
6686,6686,Standard,Advance
6687,6687,Standard,Advance
6688,6688,Standard,Advance
6689,6689,Standard,Advance
6690,6690,Standard,Off-Peak
6691,6691,Standard,Anytime
6692,6692,Standard,Anytime
6693,6693,Standard,Advance
6694,6694,Standard,Off-Peak
6695,6695,Standard,Off-Peak
6696,6696,Standard,Advance
6697,6697,Standard,Advance
6698,6698,Standard,Advance
6699,6699,Standard,Off-Peak
6700,6700,Standard,Advance
6701,6701,Standard,Advance
6702,6702,Standard,Advance
6703,6703,Standard,Advance
6704,6704,Standard,Advance
6705,6705,Standard,Advance
6706,6706,Standard,Advance
6707,6707,Standard,Advance
6708,6708,Standard,Advance
6709,6709,Standard,Advance
6710,6710,Standard,Advance
6711,6711,Standard,Advance
6712,6712,Standard,Off-Peak
6713,6713,Standard,Advance
6714,6714,Standard,Advance
6715,6715,Standard,Advance
6716,6716,Standard,Advance
6717,6717,Standard,Advance
6718,6718,Standard,Advance
6719,6719,Standard,Advance
6720,6720,Standard,Advance
6721,6721,Standard,Advance
6722,6722,Standard,Off-Peak
6723,6723,Standard,Off-Peak
6724,6724,Standard,Advance
6725,6725,Standard,Off-Peak
6726,6726,Standard,Off-Peak
6727,6727,Standard,Advance
6728,6728,Standard,Advance
6729,6729,Standard,Advance
6730,6730,Standard,Advance
6731,6731,Standard,Advance
6732,6732,Standard,Advance
6733,6733,Standard,Advance
6734,6734,Standard,Advance
6735,6735,Standard,Advance
6736,6736,Standard,Advance
6737,6737,Standard,Advance
6738,6738,Standard,Advance
6739,6739,Standard,Advance
6740,6740,Standard,Off-Peak
6741,6741,Standard,Off-Peak
6742,6742,Standard,Off-Peak
6743,6743,Standard,Off-Peak
6744,6744,Standard,Off-Peak
6745,6745,Standard,Off-Peak
6746,6746,Standard,Off-Peak
6747,6747,Standard,Off-Peak
6748,6748,Standard,Off-Peak
6749,6749,Standard,Off-Peak
6750,6750,Standard,Advance
6751,6751,Standard,Off-Peak
6752,6752,Standard,Off-Peak
6753,6753,Standard,Off-Peak
6754,6754,Standard,Off-Peak
6755,6755,Standard,Advance
6756,6756,Standard,Off-Peak
6757,6757,Standard,Advance
6758,6758,Standard,Advance
6759,6759,Standard,Advance
6760,6760,Standard,Advance
6761,6761,Standard,Advance
6762,6762,Standard,Off-Peak
6763,6763,Standard,Off-Peak
6764,6764,Standard,Advance
6765,6765,Standard,Off-Peak
6766,6766,Standard,Off-Peak
6767,6767,Standard,Off-Peak
6768,6768,Standard,Off-Peak
6769,6769,Standard,Off-Peak
6770,6770,Standard,Advance
6771,6771,Standard,Advance
6772,6772,Standard,Advance
6773,6773,Standard,Advance
6774,6774,Standard,Advance
6775,6775,Standard,Advance
6776,6776,Standard,Advance
6777,6777,Standard,Advance
6778,6778,Standard,Off-Peak
6779,6779,Standard,Advance
6780,6780,Standard,Off-Peak
6781,6781,Standard,Off-Peak
6782,6782,Standard,Off-Peak
6783,6783,Standard,Anytime
6784,6784,Standard,Anytime
6785,6785,Standard,Anytime
6786,6786,Standard,Anytime
6787,6787,Standard,Anytime
6788,6788,Standard,Advance
6789,6789,Standard,Anytime
6790,6790,Standard,Anytime
6791,6791,Standard,Anytime
6792,6792,Standard,Anytime
6793,6793,Standard,Anytime
6794,6794,Standard,Anytime
6795,6795,Standard,Anytime
6796,6796,Standard,Anytime
6797,6797,Standard,Anytime
6798,6798,Standard,Anytime
6799,6799,Standard,Advance
6800,6800,Standard,Anytime
6801,6801,Standard,Advance
6802,6802,Standard,Anytime
6803,6803,Standard,Anytime
6804,6804,Standard,Off-Peak
6805,6805,Standard,Anytime
6806,6806,Standard,Advance
6807,6807,Standard,Advance
6808,6808,Standard,Advance
6809,6809,Standard,Anytime
6810,6810,Standard,Anytime
6811,6811,Standard,Anytime
6812,6812,Standard,Anytime
6813,6813,Standard,Anytime
6814,6814,Standard,Anytime
6815,6815,Standard,Anytime
6816,6816,Standard,Anytime
6817,6817,Standard,Anytime
6818,6818,Standard,Advance
6819,6819,Standard,Anytime
6820,6820,Standard,Advance
6821,6821,Standard,Anytime
6822,6822,Standard,Anytime
6823,6823,Standard,Anytime
6824,6824,Standard,Anytime
6825,6825,Standard,Advance
6826,6826,Standard,Anytime
6827,6827,Standard,Anytime
6828,6828,Standard,Anytime
6829,6829,Standard,Anytime
6830,6830,Standard,Advance
6831,6831,Standard,Anytime
6832,6832,Standard,Anytime
6833,6833,Standard,Anytime
6834,6834,Standard,Anytime
6835,6835,Standard,Anytime
6836,6836,Standard,Anytime
6837,6837,Standard,Anytime
6838,6838,Standard,Anytime
6839,6839,Standard,Anytime
6840,6840,Standard,Anytime
6841,6841,Standard,Advance
6842,6842,Standard,Advance
6843,6843,Standard,Advance
6844,6844,Standard,Advance
6845,6845,Standard,Advance
6846,6846,Standard,Advance
6847,6847,Standard,Advance
6848,6848,Standard,Advance
6849,6849,Standard,Advance
6850,6850,Standard,Advance
6851,6851,Standard,Advance
6852,6852,Standard,Advance
6853,6853,Standard,Advance
6854,6854,Standard,Advance
6855,6855,Standard,Advance
6856,6856,Standard,Advance
6857,6857,Standard,Advance
6858,6858,Standard,Advance
6859,6859,Standard,Advance
6860,6860,Standard,Advance
6861,6861,Standard,Advance
6862,6862,Standard,Advance
6863,6863,Standard,Advance
6864,6864,Standard,Advance
6865,6865,Standard,Advance
6866,6866,Standard,Advance
6867,6867,Standard,Advance
6868,6868,Standard,Advance
6869,6869,Standard,Advance
6870,6870,Standard,Advance
6871,6871,Standard,Advance
6872,6872,Standard,Advance
6873,6873,Standard,Advance
6874,6874,Standard,Off-Peak
6875,6875,Standard,Advance
6876,6876,Standard,Advance
6877,6877,Standard,Advance
6878,6878,Standard,Advance
6879,6879,Standard,Off-Peak
6880,6880,Standard,Advance
6881,6881,Standard,Off-Peak
6882,6882,Standard,Advance
6883,6883,Standard,Advance
6884,6884,Standard,Advance
6885,6885,Standard,Off-Peak
6886,6886,Standard,Off-Peak
6887,6887,Standard,Off-Peak
6888,6888,Standard,Off-Peak
6889,6889,Standard,Off-Peak
6890,6890,Standard,Advance
6891,6891,Standard,Advance
6892,6892,Standard,Off-Peak
6893,6893,Standard,Advance
6894,6894,Standard,Off-Peak
6895,6895,Standard,Off-Peak
6896,6896,Standard,Off-Peak
6897,6897,Standard,Advance
6898,6898,Standard,Off-Peak
6899,6899,Standard,Off-Peak
6900,6900,Standard,Advance
6901,6901,Standard,Off-Peak
6902,6902,Standard,Advance
6903,6903,Standard,Advance
6904,6904,Standard,Advance
6905,6905,Standard,Off-Peak
6906,6906,Standard,Off-Peak
6907,6907,Standard,Off-Peak
6908,6908,Standard,Advance
6909,6909,Standard,Off-Peak
6910,6910,Standard,Advance
6911,6911,Standard,Off-Peak
6912,6912,Standard,Advance
6913,6913,Standard,Off-Peak
6914,6914,Standard,Off-Peak
6915,6915,Standard,Off-Peak
6916,6916,Standard,Advance
6917,6917,Standard,Off-Peak
6918,6918,Standard,Anytime
6919,6919,Standard,Anytime
6920,6920,Standard,Anytime
6921,6921,Standard,Anytime
6922,6922,Standard,Anytime
6923,6923,Standard,Advance
6924,6924,Standard,Anytime
6925,6925,Standard,Anytime
6926,6926,Standard,Anytime
6927,6927,Standard,Anytime
6928,6928,Standard,Advance
6929,6929,Standard,Anytime
6930,6930,Standard,Advance
6931,6931,Standard,Anytime
6932,6932,Standard,Advance
6933,6933,Standard,Off-Peak
6934,6934,Standard,Off-Peak
6935,6935,Standard,Off-Peak
6936,6936,Standard,Advance
6937,6937,Standard,Advance
6938,6938,Standard,Advance
6939,6939,Standard,Advance
6940,6940,Standard,Advance
6941,6941,Standard,Advance
6942,6942,Standard,Anytime
6943,6943,Standard,Advance
6944,6944,Standard,Anytime
6945,6945,Standard,Anytime
6946,6946,Standard,Anytime
6947,6947,Standard,Anytime
6948,6948,Standard,Advance
6949,6949,Standard,Anytime
6950,6950,Standard,Advance
6951,6951,Standard,Advance
6952,6952,Standard,Anytime
6953,6953,Standard,Anytime
6954,6954,Standard,Advance
6955,6955,Standard,Anytime
6956,6956,Standard,Advance
6957,6957,Standard,Anytime
6958,6958,Standard,Anytime
6959,6959,Standard,Advance
6960,6960,Standard,Anytime
6961,6961,Standard,Anytime
6962,6962,Standard,Anytime
6963,6963,Standard,Advance
6964,6964,Standard,Advance
6965,6965,Standard,Advance
6966,6966,Standard,Advance
6967,6967,Standard,Advance
6968,6968,Standard,Off-Peak
6969,6969,Standard,Advance
6970,6970,Standard,Advance
6971,6971,Standard,Advance
6972,6972,Standard,Advance
6973,6973,Standard,Anytime
6974,6974,Standard,Anytime
6975,6975,Standard,Advance
6976,6976,Standard,Off-Peak
6977,6977,Standard,Off-Peak
6978,6978,Standard,Advance
6979,6979,Standard,Advance
6980,6980,Standard,Off-Peak
6981,6981,Standard,Advance
6982,6982,Standard,Advance
6983,6983,Standard,Advance
6984,6984,Standard,Advance
6985,6985,Standard,Advance
6986,6986,Standard,Advance
6987,6987,Standard,Advance
6988,6988,Standard,Advance
6989,6989,Standard,Off-Peak
6990,6990,Standard,Advance
6991,6991,Standard,Advance
6992,6992,Standard,Advance
6993,6993,Standard,Off-Peak
6994,6994,Standard,Advance
6995,6995,Standard,Advance
6996,6996,Standard,Advance
6997,6997,Standard,Advance
6998,6998,Standard,Advance
6999,6999,Standard,Advance
7000,7000,Standard,Advance
7001,7001,Standard,Advance
7002,7002,Standard,Advance
7003,7003,Standard,Advance
7004,7004,Standard,Advance
7005,7005,Standard,Advance
7006,7006,Standard,Advance
7007,7007,Standard,Off-Peak
7008,7008,Standard,Off-Peak
7009,7009,Standard,Off-Peak
7010,7010,Standard,Advance
7011,7011,Standard,Advance
7012,7012,Standard,Advance
7013,7013,Standard,Off-Peak
7014,7014,Standard,Off-Peak
7015,7015,Standard,Advance
7016,7016,Standard,Advance
7017,7017,Standard,Advance
7018,7018,Standard,Off-Peak
7019,7019,Standard,Off-Peak
7020,7020,Standard,Advance
7021,7021,Standard,Advance
7022,7022,Standard,Advance
7023,7023,Standard,Advance
7024,7024,Standard,Advance
7025,7025,Standard,Advance
7026,7026,Standard,Advance
7027,7027,Standard,Advance
7028,7028,Standard,Advance
7029,7029,Standard,Advance
7030,7030,Standard,Advance
7031,7031,Standard,Advance
7032,7032,Standard,Advance
7033,7033,Standard,Advance
7034,7034,Standard,Off-Peak
7035,7035,Standard,Advance
7036,7036,Standard,Advance
7037,7037,Standard,Off-Peak
7038,7038,Standard,Advance
7039,7039,Standard,Off-Peak
7040,7040,Standard,Off-Peak
7041,7041,Standard,Off-Peak
7042,7042,Standard,Off-Peak
7043,7043,Standard,Advance
7044,7044,Standard,Off-Peak
7045,7045,Standard,Advance
7046,7046,Standard,Off-Peak
7047,7047,Standard,Off-Peak
7048,7048,Standard,Advance
7049,7049,Standard,Advance
7050,7050,Standard,Advance
7051,7051,Standard,Advance
7052,7052,Standard,Advance
7053,7053,Standard,Off-Peak
7054,7054,Standard,Off-Peak
7055,7055,Standard,Advance
7056,7056,Standard,Advance
7057,7057,Standard,Off-Peak
7058,7058,Standard,Advance
7059,7059,Standard,Off-Peak
7060,7060,Standard,Off-Peak
7061,7061,Standard,Advance
7062,7062,Standard,Off-Peak
7063,7063,Standard,Advance
7064,7064,Standard,Advance
7065,7065,Standard,Advance
7066,7066,Standard,Off-Peak
7067,7067,Standard,Off-Peak
7068,7068,Standard,Off-Peak
7069,7069,Standard,Off-Peak
7070,7070,Standard,Off-Peak
7071,7071,Standard,Off-Peak
7072,7072,Standard,Off-Peak
7073,7073,Standard,Off-Peak
7074,7074,Standard,Off-Peak
7075,7075,Standard,Off-Peak
7076,7076,Standard,Advance
7077,7077,Standard,Off-Peak
7078,7078,Standard,Off-Peak
7079,7079,Standard,Off-Peak
7080,7080,Standard,Advance
7081,7081,Standard,Off-Peak
7082,7082,Standard,Off-Peak
7083,7083,Standard,Off-Peak
7084,7084,Standard,Advance
7085,7085,Standard,Off-Peak
7086,7086,Standard,Advance
7087,7087,Standard,Advance
7088,7088,Standard,Off-Peak
7089,7089,Standard,Off-Peak
7090,7090,Standard,Off-Peak
7091,7091,Standard,Off-Peak
7092,7092,Standard,Off-Peak
7093,7093,Standard,Off-Peak
7094,7094,Standard,Off-Peak
7095,7095,Standard,Off-Peak
7096,7096,Standard,Off-Peak
7097,7097,Standard,Off-Peak
7098,7098,Standard,Off-Peak
7099,7099,Standard,Advance
7100,7100,Standard,Off-Peak
7101,7101,Standard,Off-Peak
7102,7102,Standard,Off-Peak
7103,7103,Standard,Advance
7104,7104,Standard,Off-Peak
7105,7105,Standard,Off-Peak
7106,7106,Standard,Off-Peak
7107,7107,Standard,Off-Peak
7108,7108,Standard,Off-Peak
7109,7109,Standard,Off-Peak
7110,7110,Standard,Off-Peak
7111,7111,Standard,Advance
7112,7112,Standard,Off-Peak
7113,7113,Standard,Off-Peak
7114,7114,Standard,Advance
7115,7115,Standard,Off-Peak
7116,7116,Standard,Advance
7117,7117,Standard,Advance
7118,7118,Standard,Off-Peak
7119,7119,Standard,Off-Peak
7120,7120,Standard,Off-Peak
7121,7121,Standard,Off-Peak
7122,7122,Standard,Off-Peak
7123,7123,Standard,Advance
7124,7124,Standard,Advance
7125,7125,Standard,Advance
7126,7126,Standard,Advance
7127,7127,Standard,Advance
7128,7128,Standard,Advance
7129,7129,Standard,Advance
7130,7130,Standard,Advance
7131,7131,Standard,Advance
7132,7132,Standard,Advance
7133,7133,Standard,Advance
7134,7134,Standard,Advance
7135,7135,Standard,Advance
7136,7136,Standard,Advance
7137,7137,Standard,Advance
7138,7138,Standard,Advance
7139,7139,Standard,Advance
7140,7140,Standard,Off-Peak
7141,7141,Standard,Advance
7142,7142,Standard,Advance
7143,7143,Standard,Advance
7144,7144,Standard,Advance
7145,7145,Standard,Advance
7146,7146,Standard,Advance
7147,7147,Standard,Advance
7148,7148,Standard,Advance
7149,7149,Standard,Advance
7150,7150,Standard,Advance
7151,7151,Standard,Off-Peak
7152,7152,Standard,Advance
7153,7153,Standard,Off-Peak
7154,7154,Standard,Off-Peak
7155,7155,Standard,Advance
7156,7156,Standard,Advance
7157,7157,Standard,Advance
7158,7158,Standard,Advance
7159,7159,Standard,Off-Peak
7160,7160,Standard,Off-Peak
7161,7161,Standard,Off-Peak
7162,7162,Standard,Advance
7163,7163,Standard,Off-Peak
7164,7164,Standard,Off-Peak
7165,7165,Standard,Advance
7166,7166,Standard,Advance
7167,7167,Standard,Advance
7168,7168,Standard,Off-Peak
7169,7169,Standard,Advance
7170,7170,Standard,Off-Peak
7171,7171,Standard,Off-Peak
7172,7172,Standard,Off-Peak
7173,7173,Standard,Advance
7174,7174,Standard,Advance
7175,7175,Standard,Off-Peak
7176,7176,Standard,Advance
7177,7177,Standard,Advance
7178,7178,Standard,Off-Peak
7179,7179,Standard,Off-Peak
7180,7180,Standard,Advance
7181,7181,Standard,Off-Peak
7182,7182,Standard,Off-Peak
7183,7183,Standard,Off-Peak
7184,7184,Standard,Advance
7185,7185,Standard,Advance
7186,7186,Standard,Off-Peak
7187,7187,Standard,Off-Peak
7188,7188,Standard,Advance
7189,7189,Standard,Advance
7190,7190,Standard,Off-Peak
7191,7191,Standard,Advance
7192,7192,Standard,Advance
7193,7193,Standard,Advance
7194,7194,Standard,Off-Peak
7195,7195,Standard,Advance
7196,7196,Standard,Off-Peak
7197,7197,Standard,Advance
7198,7198,Standard,Advance
7199,7199,Standard,Off-Peak
7200,7200,Standard,Advance
7201,7201,Standard,Advance
7202,7202,Standard,Off-Peak
7203,7203,Standard,Off-Peak
7204,7204,Standard,Off-Peak
7205,7205,Standard,Off-Peak
7206,7206,Standard,Off-Peak
7207,7207,Standard,Off-Peak
7208,7208,Standard,Off-Peak
7209,7209,Standard,Off-Peak
7210,7210,Standard,Off-Peak
7211,7211,Standard,Off-Peak
7212,7212,Standard,Off-Peak
7213,7213,Standard,Off-Peak
7214,7214,Standard,Advance
7215,7215,Standard,Off-Peak
7216,7216,Standard,Off-Peak
7217,7217,Standard,Advance
7218,7218,Standard,Off-Peak
7219,7219,Standard,Off-Peak
7220,7220,Standard,Advance
7221,7221,Standard,Off-Peak
7222,7222,Standard,Off-Peak
7223,7223,Standard,Off-Peak
7224,7224,Standard,Off-Peak
7225,7225,Standard,Off-Peak
7226,7226,Standard,Advance
7227,7227,Standard,Advance
7228,7228,Standard,Off-Peak
7229,7229,Standard,Off-Peak
7230,7230,Standard,Advance
7231,7231,Standard,Off-Peak
7232,7232,Standard,Off-Peak
7233,7233,Standard,Off-Peak
7234,7234,Standard,Off-Peak
7235,7235,Standard,Off-Peak
7236,7236,Standard,Off-Peak
7237,7237,Standard,Off-Peak
7238,7238,Standard,Off-Peak
7239,7239,Standard,Advance
7240,7240,Standard,Advance
7241,7241,Standard,Off-Peak
7242,7242,Standard,Advance
7243,7243,Standard,Advance
7244,7244,Standard,Off-Peak
7245,7245,Standard,Advance
7246,7246,Standard,Off-Peak
7247,7247,Standard,Off-Peak
7248,7248,Standard,Advance
7249,7249,Standard,Off-Peak
7250,7250,Standard,Off-Peak
7251,7251,Standard,Off-Peak
7252,7252,Standard,Advance
7253,7253,Standard,Advance
7254,7254,Standard,Advance
7255,7255,Standard,Advance
7256,7256,Standard,Advance
7257,7257,Standard,Advance
7258,7258,Standard,Advance
7259,7259,Standard,Advance
7260,7260,Standard,Off-Peak
7261,7261,Standard,Advance
7262,7262,Standard,Advance
7263,7263,Standard,Advance
7264,7264,Standard,Advance
7265,7265,Standard,Advance
7266,7266,Standard,Advance
7267,7267,Standard,Off-Peak
7268,7268,Standard,Off-Peak
7269,7269,Standard,Advance
7270,7270,Standard,Advance
7271,7271,Standard,Advance
7272,7272,Standard,Advance
7273,7273,Standard,Advance
7274,7274,Standard,Off-Peak
7275,7275,Standard,Advance
7276,7276,Standard,Advance
7277,7277,Standard,Off-Peak
7278,7278,Standard,Advance
7279,7279,Standard,Advance
7280,7280,Standard,Off-Peak
7281,7281,Standard,Off-Peak
7282,7282,Standard,Advance
7283,7283,Standard,Off-Peak
7284,7284,Standard,Off-Peak
7285,7285,Standard,Off-Peak
7286,7286,Standard,Off-Peak
7287,7287,Standard,Off-Peak
7288,7288,Standard,Off-Peak
7289,7289,Standard,Advance
7290,7290,Standard,Advance
7291,7291,Standard,Advance
7292,7292,Standard,Advance
7293,7293,Standard,Advance
7294,7294,Standard,Advance
7295,7295,Standard,Advance
7296,7296,Standard,Advance
7297,7297,Standard,Advance
7298,7298,Standard,Advance
7299,7299,Standard,Advance
7300,7300,Standard,Advance
7301,7301,Standard,Off-Peak
7302,7302,Standard,Off-Peak
7303,7303,Standard,Off-Peak
7304,7304,Standard,Advance
7305,7305,Standard,Advance
7306,7306,Standard,Off-Peak
7307,7307,Standard,Advance
7308,7308,Standard,Advance
7309,7309,Standard,Advance
7310,7310,Standard,Advance
7311,7311,Standard,Advance
7312,7312,Standard,Advance
7313,7313,Standard,Advance
7314,7314,Standard,Advance
7315,7315,Standard,Advance
7316,7316,Standard,Advance
7317,7317,Standard,Advance
7318,7318,Standard,Off-Peak
7319,7319,Standard,Advance
7320,7320,Standard,Off-Peak
7321,7321,Standard,Off-Peak
7322,7322,Standard,Advance
7323,7323,Standard,Advance
7324,7324,Standard,Advance
7325,7325,Standard,Advance
7326,7326,Standard,Advance
7327,7327,Standard,Advance
7328,7328,Standard,Advance
7329,7329,Standard,Off-Peak
7330,7330,Standard,Off-Peak
7331,7331,Standard,Off-Peak
7332,7332,Standard,Off-Peak
7333,7333,Standard,Off-Peak
7334,7334,Standard,Off-Peak
7335,7335,Standard,Off-Peak
7336,7336,Standard,Advance
7337,7337,Standard,Advance
7338,7338,Standard,Off-Peak
7339,7339,Standard,Advance
7340,7340,Standard,Off-Peak
7341,7341,Standard,Advance
7342,7342,Standard,Advance
7343,7343,Standard,Off-Peak
7344,7344,Standard,Off-Peak
7345,7345,Standard,Off-Peak
7346,7346,Standard,Off-Peak
7347,7347,Standard,Advance
7348,7348,Standard,Advance
7349,7349,Standard,Off-Peak
7350,7350,Standard,Off-Peak
7351,7351,Standard,Off-Peak
7352,7352,Standard,Off-Peak
7353,7353,Standard,Off-Peak
7354,7354,Standard,Off-Peak
7355,7355,Standard,Off-Peak
7356,7356,Standard,Off-Peak
7357,7357,Standard,Off-Peak
7358,7358,Standard,Advance
7359,7359,Standard,Off-Peak
7360,7360,Standard,Off-Peak
7361,7361,Standard,Off-Peak
7362,7362,Standard,Off-Peak
7363,7363,Standard,Off-Peak
7364,7364,Standard,Off-Peak
7365,7365,Standard,Advance
7366,7366,Standard,Off-Peak
7367,7367,Standard,Off-Peak
7368,7368,Standard,Off-Peak
7369,7369,Standard,Off-Peak
7370,7370,Standard,Off-Peak
7371,7371,Standard,Advance
7372,7372,Standard,Off-Peak
7373,7373,Standard,Off-Peak
7374,7374,Standard,Off-Peak
7375,7375,Standard,Off-Peak
7376,7376,Standard,Off-Peak
7377,7377,Standard,Off-Peak
7378,7378,Standard,Off-Peak
7379,7379,Standard,Off-Peak
7380,7380,Standard,Off-Peak
7381,7381,Standard,Advance
7382,7382,Standard,Off-Peak
7383,7383,Standard,Off-Peak
7384,7384,Standard,Off-Peak
7385,7385,Standard,Off-Peak
7386,7386,Standard,Off-Peak
7387,7387,Standard,Off-Peak
7388,7388,Standard,Off-Peak
7389,7389,Standard,Off-Peak
7390,7390,Standard,Off-Peak
7391,7391,Standard,Off-Peak
7392,7392,Standard,Off-Peak
7393,7393,Standard,Off-Peak
7394,7394,Standard,Off-Peak
7395,7395,Standard,Off-Peak
7396,7396,Standard,Off-Peak
7397,7397,Standard,Off-Peak
7398,7398,Standard,Off-Peak
7399,7399,Standard,Off-Peak
7400,7400,Standard,Off-Peak
7401,7401,Standard,Advance
7402,7402,Standard,Off-Peak
7403,7403,Standard,Advance
7404,7404,Standard,Off-Peak
7405,7405,Standard,Advance
7406,7406,Standard,Advance
7407,7407,Standard,Advance
7408,7408,Standard,Advance
7409,7409,Standard,Advance
7410,7410,Standard,Advance
7411,7411,Standard,Advance
7412,7412,Standard,Advance
7413,7413,Standard,Advance
7414,7414,Standard,Advance
7415,7415,Standard,Advance
7416,7416,Standard,Advance
7417,7417,Standard,Advance
7418,7418,Standard,Advance
7419,7419,Standard,Advance
7420,7420,Standard,Advance
7421,7421,Standard,Advance
7422,7422,Standard,Advance
7423,7423,Standard,Advance
7424,7424,Standard,Off-Peak
7425,7425,Standard,Off-Peak
7426,7426,Standard,Advance
7427,7427,Standard,Advance
7428,7428,Standard,Advance
7429,7429,Standard,Advance
7430,7430,Standard,Advance
7431,7431,Standard,Off-Peak
7432,7432,Standard,Off-Peak
7433,7433,Standard,Off-Peak
7434,7434,Standard,Advance
7435,7435,Standard,Advance
7436,7436,Standard,Advance
7437,7437,Standard,Advance
7438,7438,Standard,Advance
7439,7439,Standard,Off-Peak
7440,7440,Standard,Advance
7441,7441,Standard,Advance
7442,7442,Standard,Advance
7443,7443,Standard,Advance
7444,7444,Standard,Off-Peak
7445,7445,Standard,Advance
7446,7446,Standard,Advance
7447,7447,Standard,Off-Peak
7448,7448,Standard,Advance
7449,7449,Standard,Off-Peak
7450,7450,Standard,Advance
7451,7451,Standard,Off-Peak
7452,7452,Standard,Off-Peak
7453,7453,Standard,Off-Peak
7454,7454,Standard,Off-Peak
7455,7455,Standard,Off-Peak
7456,7456,Standard,Off-Peak
7457,7457,Standard,Advance
7458,7458,Standard,Off-Peak
7459,7459,Standard,Advance
7460,7460,Standard,Off-Peak
7461,7461,Standard,Off-Peak
7462,7462,Standard,Off-Peak
7463,7463,Standard,Off-Peak
7464,7464,Standard,Advance
7465,7465,Standard,Advance
7466,7466,Standard,Off-Peak
7467,7467,Standard,Off-Peak
7468,7468,Standard,Off-Peak
7469,7469,Standard,Off-Peak
7470,7470,Standard,Off-Peak
7471,7471,Standard,Off-Peak
7472,7472,Standard,Off-Peak
7473,7473,Standard,Advance
7474,7474,Standard,Advance
7475,7475,Standard,Off-Peak
7476,7476,Standard,Off-Peak
7477,7477,Standard,Off-Peak
7478,7478,Standard,Off-Peak
7479,7479,Standard,Off-Peak
7480,7480,Standard,Off-Peak
7481,7481,Standard,Off-Peak
7482,7482,Standard,Off-Peak
7483,7483,Standard,Advance
7484,7484,Standard,Advance
7485,7485,Standard,Off-Peak
7486,7486,Standard,Off-Peak
7487,7487,Standard,Off-Peak
7488,7488,Standard,Off-Peak
7489,7489,Standard,Off-Peak
7490,7490,Standard,Off-Peak
7491,7491,Standard,Off-Peak
7492,7492,Standard,Off-Peak
7493,7493,Standard,Off-Peak
7494,7494,Standard,Off-Peak
7495,7495,Standard,Off-Peak
7496,7496,Standard,Off-Peak
7497,7497,Standard,Off-Peak
7498,7498,Standard,Off-Peak
7499,7499,Standard,Advance
7500,7500,Standard,Off-Peak
7501,7501,Standard,Off-Peak
7502,7502,Standard,Off-Peak
7503,7503,Standard,Off-Peak
7504,7504,Standard,Off-Peak
7505,7505,Standard,Advance
7506,7506,Standard,Off-Peak
7507,7507,Standard,Advance
7508,7508,Standard,Advance
7509,7509,Standard,Advance
7510,7510,Standard,Advance
7511,7511,Standard,Advance
7512,7512,Standard,Advance
7513,7513,Standard,Off-Peak
7514,7514,Standard,Off-Peak
7515,7515,Standard,Off-Peak
7516,7516,Standard,Off-Peak
7517,7517,Standard,Off-Peak
7518,7518,Standard,Off-Peak
7519,7519,Standard,Off-Peak
7520,7520,Standard,Off-Peak
7521,7521,Standard,Off-Peak
7522,7522,Standard,Off-Peak
7523,7523,Standard,Off-Peak
7524,7524,Standard,Off-Peak
7525,7525,Standard,Off-Peak
7526,7526,Standard,Advance
7527,7527,Standard,Advance
7528,7528,Standard,Off-Peak
7529,7529,Standard,Off-Peak
7530,7530,Standard,Advance
7531,7531,Standard,Advance
7532,7532,Standard,Advance
7533,7533,Standard,Advance
7534,7534,Standard,Advance
7535,7535,Standard,Advance
7536,7536,Standard,Advance
7537,7537,Standard,Advance
7538,7538,Standard,Advance
7539,7539,Standard,Advance
7540,7540,Standard,Advance
7541,7541,Standard,Advance
7542,7542,Standard,Advance
7543,7543,Standard,Off-Peak
7544,7544,Standard,Advance
7545,7545,Standard,Off-Peak
7546,7546,Standard,Off-Peak
7547,7547,Standard,Off-Peak
7548,7548,Standard,Off-Peak
7549,7549,Standard,Off-Peak
7550,7550,Standard,Off-Peak
7551,7551,Standard,Advance
7552,7552,Standard,Off-Peak
7553,7553,Standard,Advance
7554,7554,Standard,Off-Peak
7555,7555,Standard,Advance
7556,7556,Standard,Advance
7557,7557,Standard,Advance
7558,7558,Standard,Advance
7559,7559,Standard,Off-Peak
7560,7560,Standard,Advance
7561,7561,Standard,Advance
7562,7562,Standard,Advance
7563,7563,Standard,Off-Peak
7564,7564,Standard,Advance
7565,7565,Standard,Advance
7566,7566,Standard,Advance
7567,7567,Standard,Advance
7568,7568,Standard,Advance
7569,7569,Standard,Advance
7570,7570,Standard,Advance
7571,7571,Standard,Advance
7572,7572,Standard,Advance
7573,7573,Standard,Advance
7574,7574,Standard,Advance
7575,7575,Standard,Off-Peak
7576,7576,Standard,Off-Peak
7577,7577,Standard,Off-Peak
7578,7578,Standard,Advance
7579,7579,Standard,Advance
7580,7580,Standard,Advance
7581,7581,Standard,Advance
7582,7582,Standard,Advance
7583,7583,Standard,Advance
7584,7584,Standard,Advance
7585,7585,Standard,Advance
7586,7586,Standard,Advance
7587,7587,Standard,Advance
7588,7588,Standard,Advance
7589,7589,Standard,Advance
7590,7590,Standard,Advance
7591,7591,Standard,Advance
7592,7592,Standard,Advance
7593,7593,Standard,Advance
7594,7594,Standard,Advance
7595,7595,Standard,Advance
7596,7596,Standard,Advance
7597,7597,Standard,Advance
7598,7598,Standard,Advance
7599,7599,Standard,Advance
7600,7600,Standard,Advance
7601,7601,Standard,Advance
7602,7602,Standard,Advance
7603,7603,Standard,Off-Peak
7604,7604,Standard,Advance
7605,7605,Standard,Off-Peak
7606,7606,Standard,Off-Peak
7607,7607,Standard,Off-Peak
7608,7608,Standard,Off-Peak
7609,7609,Standard,Off-Peak
7610,7610,Standard,Advance
7611,7611,Standard,Off-Peak
7612,7612,Standard,Off-Peak
7613,7613,Standard,Advance
7614,7614,Standard,Advance
7615,7615,Standard,Off-Peak
7616,7616,Standard,Advance
7617,7617,Standard,Advance
7618,7618,Standard,Off-Peak
7619,7619,Standard,Advance
7620,7620,Standard,Advance
7621,7621,Standard,Advance
7622,7622,Standard,Advance
7623,7623,Standard,Advance
7624,7624,Standard,Advance
7625,7625,Standard,Advance
7626,7626,Standard,Advance
7627,7627,Standard,Off-Peak
7628,7628,Standard,Off-Peak
7629,7629,Standard,Advance
7630,7630,Standard,Advance
7631,7631,Standard,Off-Peak
7632,7632,Standard,Off-Peak
7633,7633,Standard,Off-Peak
7634,7634,Standard,Advance
7635,7635,Standard,Off-Peak
7636,7636,Standard,Advance
7637,7637,Standard,Off-Peak
7638,7638,Standard,Off-Peak
7639,7639,Standard,Advance
7640,7640,Standard,Advance
7641,7641,Standard,Off-Peak
7642,7642,Standard,Anytime
7643,7643,Standard,Anytime
7644,7644,Standard,Anytime
7645,7645,Standard,Anytime
7646,7646,Standard,Anytime
7647,7647,Standard,Anytime
7648,7648,Standard,Anytime
7649,7649,Standard,Anytime
7650,7650,Standard,Anytime
7651,7651,Standard,Anytime
7652,7652,Standard,Anytime
7653,7653,Standard,Anytime
7654,7654,Standard,Advance
7655,7655,Standard,Anytime
7656,7656,Standard,Anytime
7657,7657,Standard,Anytime
7658,7658,Standard,Anytime
7659,7659,Standard,Anytime
7660,7660,Standard,Advance
7661,7661,Standard,Anytime
7662,7662,Standard,Anytime
7663,7663,Standard,Anytime
7664,7664,Standard,Anytime
7665,7665,Standard,Advance
7666,7666,Standard,Off-Peak
7667,7667,Standard,Advance
7668,7668,Standard,Advance
7669,7669,Standard,Anytime
7670,7670,Standard,Advance
7671,7671,Standard,Anytime
7672,7672,Standard,Anytime
7673,7673,Standard,Advance
7674,7674,Standard,Advance
7675,7675,Standard,Anytime
7676,7676,Standard,Anytime
7677,7677,Standard,Anytime
7678,7678,Standard,Anytime
7679,7679,Standard,Anytime
7680,7680,Standard,Anytime
7681,7681,Standard,Anytime
7682,7682,Standard,Anytime
7683,7683,Standard,Anytime
7684,7684,Standard,Anytime
7685,7685,Standard,Anytime
7686,7686,Standard,Anytime
7687,7687,Standard,Anytime
7688,7688,Standard,Anytime
7689,7689,Standard,Off-Peak
7690,7690,Standard,Advance
7691,7691,Standard,Anytime
7692,7692,Standard,Advance
7693,7693,Standard,Advance
7694,7694,Standard,Advance
7695,7695,Standard,Advance
7696,7696,Standard,Advance
7697,7697,Standard,Advance
7698,7698,Standard,Advance
7699,7699,Standard,Off-Peak
7700,7700,Standard,Advance
7701,7701,Standard,Advance
7702,7702,Standard,Advance
7703,7703,Standard,Advance
7704,7704,Standard,Advance
7705,7705,Standard,Advance
7706,7706,Standard,Advance
7707,7707,Standard,Advance
7708,7708,Standard,Advance
7709,7709,Standard,Advance
7710,7710,Standard,Advance
7711,7711,Standard,Off-Peak
7712,7712,Standard,Advance
7713,7713,Standard,Advance
7714,7714,Standard,Off-Peak
7715,7715,Standard,Advance
7716,7716,Standard,Advance
7717,7717,Standard,Advance
7718,7718,Standard,Advance
7719,7719,Standard,Advance
7720,7720,Standard,Advance
7721,7721,Standard,Off-Peak
7722,7722,Standard,Off-Peak
7723,7723,Standard,Advance
7724,7724,Standard,Advance
7725,7725,Standard,Advance
7726,7726,Standard,Off-Peak
7727,7727,Standard,Advance
7728,7728,Standard,Off-Peak
7729,7729,Standard,Advance
7730,7730,Standard,Advance
7731,7731,Standard,Advance
7732,7732,Standard,Off-Peak
7733,7733,Standard,Advance
7734,7734,Standard,Off-Peak
7735,7735,Standard,Off-Peak
7736,7736,Standard,Advance
7737,7737,Standard,Off-Peak
7738,7738,Standard,Off-Peak
7739,7739,Standard,Advance
7740,7740,Standard,Off-Peak
7741,7741,Standard,Off-Peak
7742,7742,Standard,Advance
7743,7743,Standard,Advance
7744,7744,Standard,Advance
7745,7745,Standard,Off-Peak
7746,7746,Standard,Off-Peak
7747,7747,Standard,Off-Peak
7748,7748,Standard,Off-Peak
7749,7749,Standard,Off-Peak
7750,7750,Standard,Advance
7751,7751,Standard,Advance
7752,7752,Standard,Advance
7753,7753,Standard,Off-Peak
7754,7754,Standard,Advance
7755,7755,Standard,Off-Peak
7756,7756,Standard,Advance
7757,7757,Standard,Off-Peak
7758,7758,Standard,Advance
7759,7759,Standard,Advance
7760,7760,Standard,Off-Peak
7761,7761,Standard,Advance
7762,7762,Standard,Advance
7763,7763,Standard,Off-Peak
7764,7764,Standard,Off-Peak
7765,7765,Standard,Off-Peak
7766,7766,Standard,Advance
7767,7767,Standard,Advance
7768,7768,Standard,Advance
7769,7769,Standard,Off-Peak
7770,7770,Standard,Advance
7771,7771,Standard,Off-Peak
7772,7772,Standard,Advance
7773,7773,Standard,Advance
7774,7774,Standard,Advance
7775,7775,Standard,Anytime
7776,7776,Standard,Anytime
7777,7777,Standard,Advance
7778,7778,Standard,Anytime
7779,7779,Standard,Anytime
7780,7780,Standard,Anytime
7781,7781,Standard,Anytime
7782,7782,Standard,Anytime
7783,7783,Standard,Anytime
7784,7784,Standard,Advance
7785,7785,Standard,Advance
7786,7786,Standard,Advance
7787,7787,Standard,Advance
7788,7788,Standard,Advance
7789,7789,Standard,Anytime
7790,7790,Standard,Off-Peak
7791,7791,Standard,Advance
7792,7792,Standard,Anytime
7793,7793,Standard,Anytime
7794,7794,Standard,Anytime
7795,7795,Standard,Advance
7796,7796,Standard,Advance
7797,7797,Standard,Anytime
7798,7798,Standard,Advance
7799,7799,Standard,Advance
7800,7800,Standard,Anytime
7801,7801,Standard,Advance
7802,7802,Standard,Anytime
7803,7803,Standard,Advance
7804,7804,Standard,Anytime
7805,7805,Standard,Advance
7806,7806,Standard,Anytime
7807,7807,Standard,Anytime
7808,7808,Standard,Advance
7809,7809,Standard,Advance
7810,7810,Standard,Anytime
7811,7811,Standard,Anytime
7812,7812,Standard,Advance
7813,7813,Standard,Anytime
7814,7814,Standard,Advance
7815,7815,Standard,Advance
7816,7816,Standard,Advance
7817,7817,Standard,Anytime
7818,7818,Standard,Anytime
7819,7819,Standard,Anytime
7820,7820,Standard,Anytime
7821,7821,Standard,Anytime
7822,7822,Standard,Anytime
7823,7823,Standard,Anytime
7824,7824,Standard,Anytime
7825,7825,Standard,Anytime
7826,7826,Standard,Advance
7827,7827,Standard,Anytime
7828,7828,Standard,Anytime
7829,7829,Standard,Anytime
7830,7830,Standard,Anytime
7831,7831,Standard,Advance
7832,7832,Standard,Advance
7833,7833,Standard,Off-Peak
7834,7834,Standard,Advance
7835,7835,Standard,Advance
7836,7836,Standard,Advance
7837,7837,Standard,Advance
7838,7838,Standard,Off-Peak
7839,7839,Standard,Advance
7840,7840,Standard,Advance
7841,7841,Standard,Advance
7842,7842,Standard,Advance
7843,7843,Standard,Advance
7844,7844,Standard,Advance
7845,7845,Standard,Advance
7846,7846,Standard,Advance
7847,7847,Standard,Advance
7848,7848,Standard,Anytime
7849,7849,Standard,Anytime
7850,7850,Standard,Advance
7851,7851,Standard,Off-Peak
7852,7852,Standard,Off-Peak
7853,7853,Standard,Advance
7854,7854,Standard,Off-Peak
7855,7855,Standard,Advance
7856,7856,Standard,Off-Peak
7857,7857,Standard,Off-Peak
7858,7858,Standard,Advance
7859,7859,Standard,Off-Peak
7860,7860,Standard,Advance
7861,7861,Standard,Off-Peak
7862,7862,Standard,Advance
7863,7863,Standard,Advance
7864,7864,Standard,Advance
7865,7865,Standard,Advance
7866,7866,Standard,Advance
7867,7867,Standard,Advance
7868,7868,Standard,Advance
7869,7869,Standard,Advance
7870,7870,Standard,Advance
7871,7871,Standard,Advance
7872,7872,Standard,Off-Peak
7873,7873,Standard,Off-Peak
7874,7874,Standard,Advance
7875,7875,Standard,Advance
7876,7876,Standard,Advance
7877,7877,Standard,Advance
7878,7878,Standard,Advance
7879,7879,Standard,Advance
7880,7880,Standard,Advance
7881,7881,Standard,Advance
7882,7882,Standard,Advance
7883,7883,Standard,Advance
7884,7884,Standard,Advance
7885,7885,Standard,Off-Peak
7886,7886,Standard,Advance
7887,7887,Standard,Off-Peak
7888,7888,Standard,Off-Peak
7889,7889,Standard,Advance
7890,7890,Standard,Advance
7891,7891,Standard,Advance
7892,7892,Standard,Advance
7893,7893,Standard,Advance
7894,7894,Standard,Advance
7895,7895,Standard,Advance
7896,7896,Standard,Advance
7897,7897,Standard,Advance
7898,7898,Standard,Advance
7899,7899,Standard,Advance
7900,7900,Standard,Advance
7901,7901,Standard,Advance
7902,7902,Standard,Off-Peak
7903,7903,Standard,Off-Peak
7904,7904,Standard,Advance
7905,7905,Standard,Off-Peak
7906,7906,Standard,Off-Peak
7907,7907,Standard,Off-Peak
7908,7908,Standard,Off-Peak
7909,7909,Standard,Off-Peak
7910,7910,Standard,Off-Peak
7911,7911,Standard,Advance
7912,7912,Standard,Advance
7913,7913,Standard,Advance
7914,7914,Standard,Off-Peak
7915,7915,Standard,Off-Peak
7916,7916,Standard,Off-Peak
7917,7917,Standard,Off-Peak
7918,7918,Standard,Off-Peak
7919,7919,Standard,Off-Peak
7920,7920,Standard,Off-Peak
7921,7921,Standard,Off-Peak
7922,7922,Standard,Anytime
7923,7923,Standard,Anytime
7924,7924,Standard,Anytime
7925,7925,Standard,Anytime
7926,7926,Standard,Anytime
7927,7927,Standard,Anytime
7928,7928,Standard,Anytime
7929,7929,Standard,Anytime
7930,7930,Standard,Anytime
7931,7931,Standard,Anytime
7932,7932,Standard,Anytime
7933,7933,Standard,Advance
7934,7934,Standard,Anytime
7935,7935,Standard,Anytime
7936,7936,Standard,Anytime
7937,7937,Standard,Anytime
7938,7938,Standard,Anytime
7939,7939,Standard,Anytime
7940,7940,Standard,Anytime
7941,7941,Standard,Anytime
7942,7942,Standard,Anytime
7943,7943,Standard,Anytime
7944,7944,Standard,Anytime
7945,7945,Standard,Anytime
7946,7946,Standard,Anytime
7947,7947,Standard,Anytime
7948,7948,Standard,Anytime
7949,7949,Standard,Anytime
7950,7950,Standard,Anytime
7951,7951,Standard,Anytime
7952,7952,Standard,Anytime
7953,7953,Standard,Anytime
7954,7954,Standard,Anytime
7955,7955,Standard,Anytime
7956,7956,Standard,Off-Peak
7957,7957,Standard,Off-Peak
7958,7958,Standard,Advance
7959,7959,Standard,Off-Peak
7960,7960,Standard,Advance
7961,7961,Standard,Off-Peak
7962,7962,Standard,Off-Peak
7963,7963,Standard,Off-Peak
7964,7964,Standard,Off-Peak
7965,7965,Standard,Off-Peak
7966,7966,Standard,Off-Peak
7967,7967,Standard,Off-Peak
7968,7968,Standard,Advance
7969,7969,Standard,Advance
7970,7970,Standard,Off-Peak
7971,7971,Standard,Off-Peak
7972,7972,Standard,Off-Peak
7973,7973,Standard,Off-Peak
7974,7974,Standard,Off-Peak
7975,7975,Standard,Off-Peak
7976,7976,Standard,Off-Peak
7977,7977,Standard,Off-Peak
7978,7978,Standard,Off-Peak
7979,7979,Standard,Off-Peak
7980,7980,Standard,Advance
7981,7981,Standard,Off-Peak
7982,7982,Standard,Anytime
7983,7983,Standard,Off-Peak
7984,7984,Standard,Off-Peak
7985,7985,Standard,Off-Peak
7986,7986,Standard,Off-Peak
7987,7987,Standard,Anytime
7988,7988,Standard,Anytime
7989,7989,Standard,Anytime
7990,7990,Standard,Anytime
7991,7991,Standard,Anytime
7992,7992,Standard,Anytime
7993,7993,Standard,Off-Peak
7994,7994,Standard,Anytime
7995,7995,Standard,Anytime
7996,7996,Standard,Anytime
7997,7997,Standard,Anytime
7998,7998,Standard,Anytime
7999,7999,Standard,Anytime
8000,8000,Standard,Anytime
8001,8001,Standard,Anytime
8002,8002,Standard,Anytime
8003,8003,Standard,Anytime
8004,8004,Standard,Anytime
8005,8005,Standard,Anytime
8006,8006,Standard,Anytime
8007,8007,Standard,Anytime
8008,8008,Standard,Anytime
8009,8009,Standard,Anytime
8010,8010,Standard,Anytime
8011,8011,Standard,Anytime
8012,8012,Standard,Anytime
8013,8013,Standard,Anytime
8014,8014,Standard,Anytime
8015,8015,Standard,Anytime
8016,8016,Standard,Anytime
8017,8017,Standard,Anytime
8018,8018,Standard,Anytime
8019,8019,Standard,Anytime
8020,8020,Standard,Anytime
8021,8021,Standard,Anytime
8022,8022,Standard,Anytime
8023,8023,Standard,Off-Peak
8024,8024,Standard,Advance
8025,8025,Standard,Off-Peak
8026,8026,Standard,Off-Peak
8027,8027,Standard,Advance
8028,8028,Standard,Anytime
8029,8029,Standard,Anytime
8030,8030,Standard,Advance
8031,8031,Standard,Off-Peak
8032,8032,Standard,Off-Peak
8033,8033,Standard,Off-Peak
8034,8034,Standard,Off-Peak
8035,8035,Standard,Off-Peak
8036,8036,Standard,Off-Peak
8037,8037,Standard,Advance
8038,8038,Standard,Advance
8039,8039,Standard,Advance
8040,8040,Standard,Advance
8041,8041,Standard,Advance
8042,8042,Standard,Advance
8043,8043,Standard,Advance
8044,8044,Standard,Advance
8045,8045,Standard,Advance
8046,8046,Standard,Advance
8047,8047,Standard,Advance
8048,8048,Standard,Off-Peak
8049,8049,Standard,Advance
8050,8050,Standard,Off-Peak
8051,8051,Standard,Off-Peak
8052,8052,Standard,Off-Peak
8053,8053,Standard,Off-Peak
8054,8054,Standard,Off-Peak
8055,8055,Standard,Off-Peak
8056,8056,Standard,Off-Peak
8057,8057,Standard,Off-Peak
8058,8058,Standard,Off-Peak
8059,8059,Standard,Off-Peak
8060,8060,Standard,Off-Peak
8061,8061,Standard,Off-Peak
8062,8062,Standard,Off-Peak
8063,8063,Standard,Off-Peak
8064,8064,Standard,Off-Peak
8065,8065,Standard,Off-Peak
8066,8066,Standard,Off-Peak
8067,8067,Standard,Off-Peak
8068,8068,Standard,Off-Peak
8069,8069,Standard,Off-Peak
8070,8070,Standard,Off-Peak
8071,8071,Standard,Off-Peak
8072,8072,Standard,Off-Peak
8073,8073,Standard,Advance
8074,8074,Standard,Advance
8075,8075,Standard,Advance
8076,8076,Standard,Advance
8077,8077,Standard,Off-Peak
8078,8078,Standard,Advance
8079,8079,Standard,Off-Peak
8080,8080,Standard,Advance
8081,8081,Standard,Off-Peak
8082,8082,Standard,Off-Peak
8083,8083,Standard,Off-Peak
8084,8084,Standard,Off-Peak
8085,8085,Standard,Off-Peak
8086,8086,Standard,Off-Peak
8087,8087,Standard,Off-Peak
8088,8088,Standard,Advance
8089,8089,Standard,Advance
8090,8090,Standard,Off-Peak
8091,8091,Standard,Advance
8092,8092,Standard,Off-Peak
8093,8093,Standard,Advance
8094,8094,Standard,Advance
8095,8095,Standard,Advance
8096,8096,Standard,Off-Peak
8097,8097,Standard,Advance
8098,8098,Standard,Advance
8099,8099,Standard,Advance
8100,8100,Standard,Advance
8101,8101,Standard,Advance
8102,8102,Standard,Off-Peak
8103,8103,Standard,Advance
8104,8104,Standard,Off-Peak
8105,8105,Standard,Off-Peak
8106,8106,Standard,Anytime
8107,8107,Standard,Anytime
8108,8108,Standard,Anytime
8109,8109,Standard,Anytime
8110,8110,Standard,Anytime
8111,8111,Standard,Anytime
8112,8112,Standard,Anytime
8113,8113,Standard,Anytime
8114,8114,Standard,Anytime
8115,8115,Standard,Anytime
8116,8116,Standard,Anytime
8117,8117,Standard,Anytime
8118,8118,Standard,Anytime
8119,8119,Standard,Anytime
8120,8120,Standard,Anytime
8121,8121,Standard,Anytime
8122,8122,Standard,Anytime
8123,8123,Standard,Anytime
8124,8124,Standard,Anytime
8125,8125,Standard,Anytime
8126,8126,Standard,Anytime
8127,8127,Standard,Anytime
8128,8128,Standard,Anytime
8129,8129,Standard,Anytime
8130,8130,Standard,Anytime
8131,8131,Standard,Anytime
8132,8132,Standard,Anytime
8133,8133,Standard,Anytime
8134,8134,Standard,Advance
8135,8135,Standard,Anytime
8136,8136,Standard,Anytime
8137,8137,Standard,Anytime
8138,8138,Standard,Anytime
8139,8139,Standard,Anytime
8140,8140,Standard,Off-Peak
8141,8141,Standard,Advance
8142,8142,Standard,Advance
8143,8143,Standard,Off-Peak
8144,8144,Standard,Advance
8145,8145,Standard,Anytime
8146,8146,Standard,Anytime
8147,8147,Standard,Anytime
8148,8148,Standard,Anytime
8149,8149,Standard,Anytime
8150,8150,Standard,Anytime
8151,8151,Standard,Anytime
8152,8152,Standard,Anytime
8153,8153,Standard,Anytime
8154,8154,Standard,Anytime
8155,8155,Standard,Advance
8156,8156,Standard,Anytime
8157,8157,Standard,Advance
8158,8158,Standard,Anytime
8159,8159,Standard,Anytime
8160,8160,Standard,Anytime
8161,8161,Standard,Anytime
8162,8162,Standard,Anytime
8163,8163,Standard,Anytime
8164,8164,Standard,Anytime
8165,8165,Standard,Anytime
8166,8166,Standard,Anytime
8167,8167,Standard,Anytime
8168,8168,Standard,Anytime
8169,8169,Standard,Advance
8170,8170,Standard,Anytime
8171,8171,Standard,Anytime
8172,8172,Standard,Anytime
8173,8173,Standard,Anytime
8174,8174,Standard,Anytime
8175,8175,Standard,Anytime
8176,8176,Standard,Anytime
8177,8177,Standard,Advance
8178,8178,Standard,Anytime
8179,8179,Standard,Anytime
8180,8180,Standard,Anytime
8181,8181,Standard,Anytime
8182,8182,Standard,Anytime
8183,8183,Standard,Anytime
8184,8184,Standard,Anytime
8185,8185,Standard,Anytime
8186,8186,Standard,Anytime
8187,8187,Standard,Anytime
8188,8188,Standard,Anytime
8189,8189,Standard,Advance
8190,8190,Standard,Anytime
8191,8191,Standard,Anytime
8192,8192,Standard,Anytime
8193,8193,Standard,Advance
8194,8194,Standard,Anytime
8195,8195,Standard,Off-Peak
8196,8196,Standard,Advance
8197,8197,Standard,Advance
8198,8198,Standard,Off-Peak
8199,8199,Standard,Off-Peak
8200,8200,Standard,Off-Peak
8201,8201,Standard,Off-Peak
8202,8202,Standard,Advance
8203,8203,Standard,Anytime
8204,8204,Standard,Off-Peak
8205,8205,Standard,Off-Peak
8206,8206,Standard,Anytime
8207,8207,Standard,Anytime
8208,8208,Standard,Advance
8209,8209,Standard,Advance
8210,8210,Standard,Advance
8211,8211,Standard,Advance
8212,8212,Standard,Advance
8213,8213,Standard,Advance
8214,8214,Standard,Advance
8215,8215,Standard,Advance
8216,8216,Standard,Advance
8217,8217,Standard,Advance
8218,8218,Standard,Advance
8219,8219,Standard,Advance
8220,8220,Standard,Advance
8221,8221,Standard,Advance
8222,8222,Standard,Advance
8223,8223,Standard,Off-Peak
8224,8224,Standard,Off-Peak
8225,8225,Standard,Advance
8226,8226,Standard,Advance
8227,8227,Standard,Off-Peak
8228,8228,Standard,Off-Peak
8229,8229,Standard,Advance
8230,8230,Standard,Advance
8231,8231,Standard,Off-Peak
8232,8232,Standard,Advance
8233,8233,Standard,Advance
8234,8234,Standard,Off-Peak
8235,8235,Standard,Advance
8236,8236,Standard,Advance
8237,8237,Standard,Advance
8238,8238,Standard,Advance
8239,8239,Standard,Advance
8240,8240,Standard,Advance
8241,8241,Standard,Off-Peak
8242,8242,Standard,Off-Peak
8243,8243,Standard,Advance
8244,8244,Standard,Advance
8245,8245,Standard,Advance
8246,8246,Standard,Off-Peak
8247,8247,Standard,Off-Peak
8248,8248,Standard,Off-Peak
8249,8249,Standard,Off-Peak
8250,8250,Standard,Off-Peak
8251,8251,Standard,Advance
8252,8252,Standard,Off-Peak
8253,8253,Standard,Off-Peak
8254,8254,Standard,Advance
8255,8255,Standard,Advance
8256,8256,Standard,Advance
8257,8257,Standard,Off-Peak
8258,8258,Standard,Advance
8259,8259,Standard,Off-Peak
8260,8260,Standard,Off-Peak
8261,8261,Standard,Advance
8262,8262,Standard,Off-Peak
8263,8263,Standard,Advance
8264,8264,Standard,Advance
8265,8265,Standard,Off-Peak
8266,8266,Standard,Off-Peak
8267,8267,Standard,Off-Peak
8268,8268,Standard,Off-Peak
8269,8269,Standard,Off-Peak
8270,8270,Standard,Advance
8271,8271,Standard,Off-Peak
8272,8272,Standard,Off-Peak
8273,8273,Standard,Off-Peak
8274,8274,Standard,Off-Peak
8275,8275,Standard,Off-Peak
8276,8276,Standard,Off-Peak
8277,8277,Standard,Off-Peak
8278,8278,Standard,Off-Peak
8279,8279,Standard,Advance
8280,8280,Standard,Off-Peak
8281,8281,Standard,Off-Peak
8282,8282,Standard,Off-Peak
8283,8283,Standard,Off-Peak
8284,8284,Standard,Advance
8285,8285,Standard,Off-Peak
8286,8286,Standard,Advance
8287,8287,Standard,Off-Peak
8288,8288,Standard,Advance
8289,8289,Standard,Off-Peak
8290,8290,Standard,Off-Peak
8291,8291,Standard,Off-Peak
8292,8292,Standard,Off-Peak
8293,8293,Standard,Off-Peak
8294,8294,Standard,Off-Peak
8295,8295,Standard,Off-Peak
8296,8296,Standard,Advance
8297,8297,Standard,Advance
8298,8298,Standard,Off-Peak
8299,8299,Standard,Advance
8300,8300,Standard,Advance
8301,8301,Standard,Off-Peak
8302,8302,Standard,Off-Peak
8303,8303,Standard,Off-Peak
8304,8304,Standard,Off-Peak
8305,8305,Standard,Off-Peak
8306,8306,Standard,Advance
8307,8307,Standard,Off-Peak
8308,8308,Standard,Advance
8309,8309,Standard,Off-Peak
8310,8310,Standard,Off-Peak
8311,8311,Standard,Off-Peak
8312,8312,Standard,Anytime
8313,8313,Standard,Anytime
8314,8314,Standard,Anytime
8315,8315,Standard,Anytime
8316,8316,Standard,Anytime
8317,8317,Standard,Advance
8318,8318,Standard,Anytime
8319,8319,Standard,Anytime
8320,8320,Standard,Anytime
8321,8321,Standard,Anytime
8322,8322,Standard,Anytime
8323,8323,Standard,Anytime
8324,8324,Standard,Anytime
8325,8325,Standard,Advance
8326,8326,Standard,Anytime
8327,8327,Standard,Anytime
8328,8328,Standard,Anytime
8329,8329,Standard,Anytime
8330,8330,Standard,Anytime
8331,8331,Standard,Anytime
8332,8332,Standard,Advance
8333,8333,Standard,Anytime
8334,8334,Standard,Anytime
8335,8335,Standard,Anytime
8336,8336,Standard,Advance
8337,8337,Standard,Off-Peak
8338,8338,Standard,Advance
8339,8339,Standard,Anytime
8340,8340,Standard,Anytime
8341,8341,Standard,Anytime
8342,8342,Standard,Anytime
8343,8343,Standard,Anytime
8344,8344,Standard,Anytime
8345,8345,Standard,Advance
8346,8346,Standard,Anytime
8347,8347,Standard,Anytime
8348,8348,Standard,Advance
8349,8349,Standard,Anytime
8350,8350,Standard,Advance
8351,8351,Standard,Anytime
8352,8352,Standard,Anytime
8353,8353,Standard,Anytime
8354,8354,Standard,Anytime
8355,8355,Standard,Anytime
8356,8356,Standard,Anytime
8357,8357,Standard,Anytime
8358,8358,Standard,Anytime
8359,8359,Standard,Anytime
8360,8360,Standard,Anytime
8361,8361,Standard,Anytime
8362,8362,Standard,Anytime
8363,8363,Standard,Anytime
8364,8364,Standard,Advance
8365,8365,Standard,Advance
8366,8366,Standard,Anytime
8367,8367,Standard,Advance
8368,8368,Standard,Advance
8369,8369,Standard,Anytime
8370,8370,Standard,Anytime
8371,8371,Standard,Anytime
8372,8372,Standard,Anytime
8373,8373,Standard,Anytime
8374,8374,Standard,Anytime
8375,8375,Standard,Advance
8376,8376,Standard,Anytime
8377,8377,Standard,Anytime
8378,8378,Standard,Anytime
8379,8379,Standard,Anytime
8380,8380,Standard,Anytime
8381,8381,Standard,Anytime
8382,8382,Standard,Anytime
8383,8383,Standard,Anytime
8384,8384,Standard,Anytime
8385,8385,Standard,Anytime
8386,8386,Standard,Anytime
8387,8387,Standard,Anytime
8388,8388,Standard,Advance
8389,8389,Standard,Anytime
8390,8390,Standard,Anytime
8391,8391,Standard,Anytime
8392,8392,Standard,Anytime
8393,8393,Standard,Anytime
8394,8394,Standard,Anytime
8395,8395,Standard,Advance
8396,8396,Standard,Off-Peak
8397,8397,Standard,Advance
8398,8398,Standard,Off-Peak
8399,8399,Standard,Off-Peak
8400,8400,Standard,Advance
8401,8401,Standard,Off-Peak
8402,8402,Standard,Advance
8403,8403,Standard,Advance
8404,8404,Standard,Off-Peak
8405,8405,Standard,Off-Peak
8406,8406,Standard,Advance
8407,8407,Standard,Advance
8408,8408,Standard,Anytime
8409,8409,Standard,Anytime
8410,8410,Standard,Anytime
8411,8411,Standard,Anytime
8412,8412,Standard,Off-Peak
8413,8413,Standard,Off-Peak
8414,8414,Standard,Anytime
8415,8415,Standard,Off-Peak
8416,8416,Standard,Advance
8417,8417,Standard,Advance
8418,8418,Standard,Off-Peak
8419,8419,Standard,Off-Peak
8420,8420,Standard,Advance
8421,8421,Standard,Off-Peak
8422,8422,Standard,Off-Peak
8423,8423,Standard,Off-Peak
8424,8424,Standard,Advance
8425,8425,Standard,Advance
8426,8426,Standard,Advance
8427,8427,Standard,Advance
8428,8428,Standard,Off-Peak
8429,8429,Standard,Off-Peak
8430,8430,Standard,Off-Peak
8431,8431,Standard,Advance
8432,8432,Standard,Advance
8433,8433,Standard,Advance
8434,8434,Standard,Advance
8435,8435,Standard,Advance
8436,8436,Standard,Off-Peak
8437,8437,Standard,Off-Peak
8438,8438,Standard,Off-Peak
8439,8439,Standard,Advance
8440,8440,Standard,Off-Peak
8441,8441,Standard,Off-Peak
8442,8442,Standard,Off-Peak
8443,8443,Standard,Off-Peak
8444,8444,Standard,Off-Peak
8445,8445,Standard,Advance
8446,8446,Standard,Advance
8447,8447,Standard,Advance
8448,8448,Standard,Advance
8449,8449,Standard,Advance
8450,8450,Standard,Advance
8451,8451,Standard,Advance
8452,8452,Standard,Advance
8453,8453,Standard,Advance
8454,8454,Standard,Advance
8455,8455,Standard,Advance
8456,8456,Standard,Advance
8457,8457,Standard,Advance
8458,8458,Standard,Off-Peak
8459,8459,Standard,Off-Peak
8460,8460,Standard,Advance
8461,8461,Standard,Off-Peak
8462,8462,Standard,Off-Peak
8463,8463,Standard,Advance
8464,8464,Standard,Advance
8465,8465,Standard,Advance
8466,8466,Standard,Advance
8467,8467,Standard,Advance
8468,8468,Standard,Advance
8469,8469,Standard,Advance
8470,8470,Standard,Advance
8471,8471,Standard,Advance
8472,8472,Standard,Off-Peak
8473,8473,Standard,Off-Peak
8474,8474,Standard,Advance
8475,8475,Standard,Off-Peak
8476,8476,Standard,Off-Peak
8477,8477,Standard,Off-Peak
8478,8478,Standard,Advance
8479,8479,Standard,Off-Peak
8480,8480,Standard,Off-Peak
8481,8481,Standard,Off-Peak
8482,8482,Standard,Off-Peak
8483,8483,Standard,Off-Peak
8484,8484,Standard,Off-Peak
8485,8485,Standard,Off-Peak
8486,8486,Standard,Off-Peak
8487,8487,Standard,Off-Peak
8488,8488,Standard,Advance
8489,8489,Standard,Off-Peak
8490,8490,Standard,Advance
8491,8491,Standard,Advance
8492,8492,Standard,Off-Peak
8493,8493,Standard,Advance
8494,8494,Standard,Advance
8495,8495,Standard,Off-Peak
8496,8496,Standard,Advance
8497,8497,Standard,Advance
8498,8498,Standard,Off-Peak
8499,8499,Standard,Off-Peak
8500,8500,Standard,Off-Peak
8501,8501,Standard,Advance
8502,8502,Standard,Off-Peak
8503,8503,Standard,Off-Peak
8504,8504,Standard,Advance
8505,8505,Standard,Off-Peak
8506,8506,Standard,Off-Peak
8507,8507,Standard,Advance
8508,8508,Standard,Advance
8509,8509,Standard,Off-Peak
8510,8510,Standard,Off-Peak
8511,8511,Standard,Advance
8512,8512,Standard,Anytime
8513,8513,Standard,Anytime
8514,8514,Standard,Anytime
8515,8515,Standard,Anytime
8516,8516,Standard,Anytime
8517,8517,Standard,Anytime
8518,8518,Standard,Anytime
8519,8519,Standard,Anytime
8520,8520,Standard,Anytime
8521,8521,Standard,Anytime
8522,8522,Standard,Anytime
8523,8523,Standard,Anytime
8524,8524,Standard,Anytime
8525,8525,Standard,Advance
8526,8526,Standard,Anytime
8527,8527,Standard,Anytime
8528,8528,Standard,Anytime
8529,8529,Standard,Anytime
8530,8530,Standard,Anytime
8531,8531,Standard,Advance
8532,8532,Standard,Advance
8533,8533,Standard,Anytime
8534,8534,Standard,Advance
8535,8535,Standard,Advance
8536,8536,Standard,Advance
8537,8537,Standard,Anytime
8538,8538,Standard,Advance
8539,8539,Standard,Anytime
8540,8540,Standard,Anytime
8541,8541,Standard,Anytime
8542,8542,Standard,Anytime
8543,8543,Standard,Anytime
8544,8544,Standard,Anytime
8545,8545,Standard,Advance
8546,8546,Standard,Anytime
8547,8547,Standard,Anytime
8548,8548,Standard,Anytime
8549,8549,Standard,Anytime
8550,8550,Standard,Anytime
8551,8551,Standard,Anytime
8552,8552,Standard,Anytime
8553,8553,Standard,Advance
8554,8554,Standard,Anytime
8555,8555,Standard,Advance
8556,8556,Standard,Advance
8557,8557,Standard,Advance
8558,8558,Standard,Off-Peak
8559,8559,Standard,Off-Peak
8560,8560,Standard,Off-Peak
8561,8561,Standard,Advance
8562,8562,Standard,Off-Peak
8563,8563,Standard,Anytime
8564,8564,Standard,Advance
8565,8565,Standard,Advance
8566,8566,Standard,Advance
8567,8567,Standard,Advance
8568,8568,Standard,Advance
8569,8569,Standard,Advance
8570,8570,Standard,Advance
8571,8571,Standard,Advance
8572,8572,Standard,Advance
8573,8573,Standard,Advance
8574,8574,Standard,Advance
8575,8575,Standard,Off-Peak
8576,8576,Standard,Advance
8577,8577,Standard,Advance
8578,8578,Standard,Advance
8579,8579,Standard,Advance
8580,8580,Standard,Advance
8581,8581,Standard,Off-Peak
8582,8582,Standard,Advance
8583,8583,Standard,Advance
8584,8584,Standard,Advance
8585,8585,Standard,Off-Peak
8586,8586,Standard,Advance
8587,8587,Standard,Advance
8588,8588,Standard,Advance
8589,8589,Standard,Advance
8590,8590,Standard,Advance
8591,8591,Standard,Off-Peak
8592,8592,Standard,Off-Peak
8593,8593,Standard,Advance
8594,8594,Standard,Advance
8595,8595,Standard,Off-Peak
8596,8596,Standard,Advance
8597,8597,Standard,Off-Peak
8598,8598,Standard,Advance
8599,8599,Standard,Advance
8600,8600,Standard,Advance
8601,8601,Standard,Advance
8602,8602,Standard,Off-Peak
8603,8603,Standard,Advance
8604,8604,Standard,Off-Peak
8605,8605,Standard,Advance
8606,8606,Standard,Off-Peak
8607,8607,Standard,Advance
8608,8608,Standard,Off-Peak
8609,8609,Standard,Advance
8610,8610,Standard,Advance
8611,8611,Standard,Off-Peak
8612,8612,Standard,Off-Peak
8613,8613,Standard,Off-Peak
8614,8614,Standard,Off-Peak
8615,8615,Standard,Advance
8616,8616,Standard,Off-Peak
8617,8617,Standard,Advance
8618,8618,Standard,Off-Peak
8619,8619,Standard,Advance
8620,8620,Standard,Advance
8621,8621,Standard,Off-Peak
8622,8622,Standard,Off-Peak
8623,8623,Standard,Advance
8624,8624,Standard,Advance
8625,8625,Standard,Advance
8626,8626,Standard,Advance
8627,8627,Standard,Advance
8628,8628,Standard,Advance
8629,8629,Standard,Advance
8630,8630,Standard,Off-Peak
8631,8631,Standard,Advance
8632,8632,Standard,Off-Peak
8633,8633,Standard,Off-Peak
8634,8634,Standard,Off-Peak
8635,8635,Standard,Off-Peak
8636,8636,Standard,Off-Peak
8637,8637,Standard,Off-Peak
8638,8638,Standard,Advance
8639,8639,Standard,Off-Peak
8640,8640,Standard,Off-Peak
8641,8641,Standard,Advance
8642,8642,Standard,Off-Peak
8643,8643,Standard,Advance
8644,8644,Standard,Advance
8645,8645,Standard,Off-Peak
8646,8646,Standard,Off-Peak
8647,8647,Standard,Off-Peak
8648,8648,Standard,Off-Peak
8649,8649,Standard,Off-Peak
8650,8650,Standard,Anytime
8651,8651,Standard,Anytime
8652,8652,Standard,Anytime
8653,8653,Standard,Anytime
8654,8654,Standard,Anytime
8655,8655,Standard,Anytime
8656,8656,Standard,Advance
8657,8657,Standard,Off-Peak
8658,8658,Standard,Advance
8659,8659,Standard,Anytime
8660,8660,Standard,Anytime
8661,8661,Standard,Advance
8662,8662,Standard,Anytime
8663,8663,Standard,Advance
8664,8664,Standard,Advance
8665,8665,Standard,Anytime
8666,8666,Standard,Anytime
8667,8667,Standard,Anytime
8668,8668,Standard,Anytime
8669,8669,Standard,Anytime
8670,8670,Standard,Anytime
8671,8671,Standard,Advance
8672,8672,Standard,Anytime
8673,8673,Standard,Anytime
8674,8674,Standard,Advance
8675,8675,Standard,Anytime
8676,8676,Standard,Advance
8677,8677,Standard,Advance
8678,8678,Standard,Advance
8679,8679,Standard,Advance
8680,8680,Standard,Anytime
8681,8681,Standard,Advance
8682,8682,Standard,Anytime
8683,8683,Standard,Advance
8684,8684,Standard,Anytime
8685,8685,Standard,Anytime
8686,8686,Standard,Anytime
8687,8687,Standard,Anytime
8688,8688,Standard,Anytime
8689,8689,Standard,Advance
8690,8690,Standard,Anytime
8691,8691,Standard,Anytime
8692,8692,Standard,Anytime
8693,8693,Standard,Anytime
8694,8694,Standard,Advance
8695,8695,Standard,Anytime
8696,8696,Standard,Anytime
8697,8697,Standard,Anytime
8698,8698,Standard,Advance
8699,8699,Standard,Advance
8700,8700,Standard,Off-Peak
8701,8701,Standard,Advance
8702,8702,Standard,Advance
8703,8703,Standard,Advance
8704,8704,Standard,Advance
8705,8705,Standard,Anytime
8706,8706,Standard,Advance
8707,8707,Standard,Advance
8708,8708,Standard,Advance
8709,8709,Standard,Advance
8710,8710,Standard,Off-Peak
8711,8711,Standard,Advance
8712,8712,Standard,Advance
8713,8713,Standard,Advance
8714,8714,Standard,Advance
8715,8715,Standard,Advance
8716,8716,Standard,Advance
8717,8717,Standard,Advance
8718,8718,Standard,Advance
8719,8719,Standard,Advance
8720,8720,Standard,Advance
8721,8721,Standard,Advance
8722,8722,Standard,Advance
8723,8723,Standard,Advance
8724,8724,Standard,Advance
8725,8725,Standard,Advance
8726,8726,Standard,Advance
8727,8727,Standard,Advance
8728,8728,Standard,Advance
8729,8729,Standard,Advance
8730,8730,Standard,Advance
8731,8731,Standard,Advance
8732,8732,Standard,Advance
8733,8733,Standard,Advance
8734,8734,Standard,Off-Peak
8735,8735,Standard,Advance
8736,8736,Standard,Advance
8737,8737,Standard,Advance
8738,8738,Standard,Advance
8739,8739,Standard,Advance
8740,8740,Standard,Advance
8741,8741,Standard,Advance
8742,8742,Standard,Advance
8743,8743,Standard,Advance
8744,8744,Standard,Advance
8745,8745,Standard,Advance
8746,8746,Standard,Advance
8747,8747,Standard,Advance
8748,8748,Standard,Advance
8749,8749,Standard,Advance
8750,8750,Standard,Advance
8751,8751,Standard,Off-Peak
8752,8752,Standard,Advance
8753,8753,Standard,Off-Peak
8754,8754,Standard,Advance
8755,8755,Standard,Advance
8756,8756,Standard,Advance
8757,8757,Standard,Off-Peak
8758,8758,Standard,Off-Peak
8759,8759,Standard,Off-Peak
8760,8760,Standard,Off-Peak
8761,8761,Standard,Off-Peak
8762,8762,Standard,Advance
8763,8763,Standard,Advance
8764,8764,Standard,Advance
8765,8765,Standard,Off-Peak
8766,8766,Standard,Advance
8767,8767,Standard,Advance
8768,8768,Standard,Advance
8769,8769,Standard,Off-Peak
8770,8770,Standard,Off-Peak
8771,8771,Standard,Advance
8772,8772,Standard,Advance
8773,8773,Standard,Advance
8774,8774,Standard,Advance
8775,8775,Standard,Advance
8776,8776,Standard,Advance
8777,8777,Standard,Advance
8778,8778,Standard,Advance
8779,8779,Standard,Advance
8780,8780,Standard,Advance
8781,8781,Standard,Advance
8782,8782,Standard,Advance
8783,8783,Standard,Advance
8784,8784,Standard,Advance
8785,8785,Standard,Advance
8786,8786,Standard,Advance
8787,8787,Standard,Advance
8788,8788,Standard,Advance
8789,8789,Standard,Off-Peak
8790,8790,Standard,Off-Peak
8791,8791,Standard,Off-Peak
8792,8792,Standard,Advance
8793,8793,Standard,Advance
8794,8794,Standard,Advance
8795,8795,Standard,Advance
8796,8796,Standard,Advance
8797,8797,Standard,Advance
8798,8798,Standard,Off-Peak
8799,8799,Standard,Off-Peak
8800,8800,Standard,Advance
8801,8801,Standard,Advance
8802,8802,Standard,Advance
8803,8803,Standard,Off-Peak
8804,8804,Standard,Off-Peak
8805,8805,Standard,Advance
8806,8806,Standard,Advance
8807,8807,Standard,Advance
8808,8808,Standard,Advance
8809,8809,Standard,Advance
8810,8810,Standard,Advance
8811,8811,Standard,Advance
8812,8812,Standard,Advance
8813,8813,Standard,Advance
8814,8814,Standard,Advance
8815,8815,Standard,Advance
8816,8816,Standard,Off-Peak
8817,8817,Standard,Advance
8818,8818,Standard,Off-Peak
8819,8819,Standard,Advance
8820,8820,Standard,Advance
8821,8821,Standard,Advance
8822,8822,Standard,Advance
8823,8823,Standard,Off-Peak
8824,8824,Standard,Advance
8825,8825,Standard,Advance
8826,8826,Standard,Anytime
8827,8827,Standard,Anytime
8828,8828,Standard,Anytime
8829,8829,Standard,Anytime
8830,8830,Standard,Advance
8831,8831,Standard,Anytime
8832,8832,Standard,Anytime
8833,8833,Standard,Anytime
8834,8834,Standard,Anytime
8835,8835,Standard,Advance
8836,8836,Standard,Anytime
8837,8837,Standard,Advance
8838,8838,Standard,Anytime
8839,8839,Standard,Advance
8840,8840,Standard,Anytime
8841,8841,Standard,Advance
8842,8842,Standard,Advance
8843,8843,Standard,Advance
8844,8844,Standard,Advance
8845,8845,Standard,Anytime
8846,8846,Standard,Advance
8847,8847,Standard,Anytime
8848,8848,Standard,Advance
8849,8849,Standard,Anytime
8850,8850,Standard,Anytime
8851,8851,Standard,Anytime
8852,8852,Standard,Advance
8853,8853,Standard,Advance
8854,8854,Standard,Advance
8855,8855,Standard,Advance
8856,8856,Standard,Advance
8857,8857,Standard,Advance
8858,8858,Standard,Anytime
8859,8859,Standard,Advance
8860,8860,Standard,Advance
8861,8861,Standard,Advance
8862,8862,Standard,Anytime
8863,8863,Standard,Advance
8864,8864,Standard,Advance
8865,8865,Standard,Anytime
8866,8866,Standard,Anytime
8867,8867,Standard,Anytime
8868,8868,Standard,Advance
8869,8869,Standard,Anytime
8870,8870,Standard,Anytime
8871,8871,Standard,Advance
8872,8872,Standard,Anytime
8873,8873,Standard,Advance
8874,8874,Standard,Advance
8875,8875,Standard,Anytime
8876,8876,Standard,Anytime
8877,8877,Standard,Anytime
8878,8878,Standard,Anytime
8879,8879,Standard,Anytime
8880,8880,Standard,Anytime
8881,8881,Standard,Advance
8882,8882,Standard,Anytime
8883,8883,Standard,Advance
8884,8884,Standard,Anytime
8885,8885,Standard,Anytime
8886,8886,Standard,Anytime
8887,8887,Standard,Advance
8888,8888,Standard,Advance
8889,8889,Standard,Advance
8890,8890,Standard,Advance
8891,8891,Standard,Off-Peak
8892,8892,Standard,Advance
8893,8893,Standard,Advance
8894,8894,Standard,Advance
8895,8895,Standard,Advance
8896,8896,Standard,Advance
8897,8897,Standard,Advance
8898,8898,Standard,Advance
8899,8899,Standard,Advance
8900,8900,Standard,Advance
8901,8901,Standard,Advance
8902,8902,Standard,Advance
8903,8903,Standard,Advance
8904,8904,Standard,Advance
8905,8905,Standard,Advance
8906,8906,Standard,Advance
8907,8907,Standard,Advance
8908,8908,Standard,Advance
8909,8909,Standard,Advance
8910,8910,Standard,Advance
8911,8911,Standard,Advance
8912,8912,Standard,Advance
8913,8913,Standard,Advance
8914,8914,Standard,Advance
8915,8915,Standard,Advance
8916,8916,Standard,Advance
8917,8917,Standard,Advance
8918,8918,Standard,Advance
8919,8919,Standard,Advance
8920,8920,Standard,Advance
8921,8921,Standard,Advance
8922,8922,Standard,Advance
8923,8923,Standard,Advance
8924,8924,Standard,Advance
8925,8925,Standard,Advance
8926,8926,Standard,Advance
8927,8927,Standard,Advance
8928,8928,Standard,Advance
8929,8929,Standard,Advance
8930,8930,Standard,Advance
8931,8931,Standard,Advance
8932,8932,Standard,Advance
8933,8933,Standard,Advance
8934,8934,Standard,Advance
8935,8935,Standard,Advance
8936,8936,Standard,Advance
8937,8937,Standard,Advance
8938,8938,Standard,Advance
8939,8939,Standard,Advance
8940,8940,Standard,Advance
8941,8941,Standard,Advance
8942,8942,Standard,Advance
8943,8943,Standard,Advance
8944,8944,Standard,Advance
8945,8945,Standard,Advance
8946,8946,Standard,Advance
8947,8947,Standard,Advance
8948,8948,Standard,Advance
8949,8949,Standard,Advance
8950,8950,Standard,Advance
8951,8951,Standard,Advance
8952,8952,Standard,Advance
8953,8953,Standard,Advance
8954,8954,Standard,Advance
8955,8955,Standard,Advance
8956,8956,Standard,Advance
8957,8957,Standard,Advance
8958,8958,Standard,Off-Peak
8959,8959,Standard,Advance
8960,8960,Standard,Advance
8961,8961,Standard,Off-Peak
8962,8962,Standard,Off-Peak
8963,8963,Standard,Advance
8964,8964,Standard,Advance
8965,8965,Standard,Advance
8966,8966,Standard,Off-Peak
8967,8967,Standard,Advance
8968,8968,Standard,Advance
8969,8969,Standard,Advance
8970,8970,Standard,Advance
8971,8971,Standard,Advance
8972,8972,Standard,Off-Peak
8973,8973,Standard,Advance
8974,8974,Standard,Advance
8975,8975,Standard,Advance
8976,8976,Standard,Advance
8977,8977,Standard,Advance
8978,8978,Standard,Advance
8979,8979,Standard,Advance
8980,8980,Standard,Advance
8981,8981,Standard,Advance
8982,8982,Standard,Advance
8983,8983,Standard,Advance
8984,8984,Standard,Advance
8985,8985,Standard,Advance
8986,8986,Standard,Advance
8987,8987,Standard,Advance
8988,8988,Standard,Advance
8989,8989,Standard,Advance
8990,8990,Standard,Advance
8991,8991,Standard,Off-Peak
8992,8992,Standard,Advance
8993,8993,Standard,Off-Peak
8994,8994,Standard,Advance
8995,8995,Standard,Off-Peak
8996,8996,Standard,Advance
8997,8997,Standard,Off-Peak
8998,8998,Standard,Off-Peak
8999,8999,Standard,Advance
9000,9000,Standard,Advance
9001,9001,Standard,Advance
9002,9002,Standard,Off-Peak
9003,9003,Standard,Advance
9004,9004,Standard,Off-Peak
9005,9005,Standard,Advance
9006,9006,Standard,Advance
9007,9007,Standard,Off-Peak
9008,9008,Standard,Advance
9009,9009,Standard,Advance
9010,9010,Standard,Advance
9011,9011,Standard,Advance
9012,9012,Standard,Advance
9013,9013,Standard,Advance
9014,9014,Standard,Off-Peak
9015,9015,Standard,Advance
9016,9016,Standard,Off-Peak
9017,9017,Standard,Off-Peak
9018,9018,Standard,Advance
9019,9019,Standard,Off-Peak
9020,9020,Standard,Off-Peak
9021,9021,Standard,Advance
9022,9022,Standard,Advance
9023,9023,Standard,Advance
9024,9024,Standard,Advance
9025,9025,Standard,Off-Peak
9026,9026,Standard,Advance
9027,9027,Standard,Advance
9028,9028,Standard,Off-Peak
9029,9029,Standard,Advance
9030,9030,Standard,Advance
9031,9031,Standard,Advance
9032,9032,Standard,Advance
9033,9033,Standard,Advance
9034,9034,Standard,Advance
9035,9035,Standard,Advance
9036,9036,Standard,Advance
9037,9037,Standard,Advance
9038,9038,Standard,Advance
9039,9039,Standard,Off-Peak
9040,9040,Standard,Advance
9041,9041,Standard,Advance
9042,9042,Standard,Off-Peak
9043,9043,Standard,Advance
9044,9044,Standard,Advance
9045,9045,Standard,Advance
9046,9046,Standard,Advance
9047,9047,Standard,Off-Peak
9048,9048,Standard,Advance
9049,9049,Standard,Off-Peak
9050,9050,Standard,Off-Peak
9051,9051,Standard,Off-Peak
9052,9052,Standard,Advance
9053,9053,Standard,Advance
9054,9054,Standard,Advance
9055,9055,Standard,Advance
9056,9056,Standard,Off-Peak
9057,9057,Standard,Advance
9058,9058,Standard,Advance
9059,9059,Standard,Advance
9060,9060,Standard,Advance
9061,9061,Standard,Anytime
9062,9062,Standard,Anytime
9063,9063,Standard,Advance
9064,9064,Standard,Anytime
9065,9065,Standard,Advance
9066,9066,Standard,Advance
9067,9067,Standard,Advance
9068,9068,Standard,Advance
9069,9069,Standard,Advance
9070,9070,Standard,Advance
9071,9071,Standard,Anytime
9072,9072,Standard,Advance
9073,9073,Standard,Advance
9074,9074,Standard,Anytime
9075,9075,Standard,Anytime
9076,9076,Standard,Anytime
9077,9077,Standard,Anytime
9078,9078,Standard,Advance
9079,9079,Standard,Anytime
9080,9080,Standard,Anytime
9081,9081,Standard,Advance
9082,9082,Standard,Advance
9083,9083,Standard,Advance
9084,9084,Standard,Advance
9085,9085,Standard,Advance
9086,9086,Standard,Advance
9087,9087,Standard,Anytime
9088,9088,Standard,Anytime
9089,9089,Standard,Anytime
9090,9090,Standard,Advance
9091,9091,Standard,Anytime
9092,9092,Standard,Advance
9093,9093,Standard,Anytime
9094,9094,Standard,Anytime
9095,9095,Standard,Advance
9096,9096,Standard,Advance
9097,9097,Standard,Advance
9098,9098,Standard,Advance
9099,9099,Standard,Advance
9100,9100,Standard,Advance
9101,9101,Standard,Advance
9102,9102,Standard,Advance
9103,9103,Standard,Advance
9104,9104,Standard,Advance
9105,9105,Standard,Advance
9106,9106,Standard,Anytime
9107,9107,Standard,Advance
9108,9108,Standard,Advance
9109,9109,Standard,Advance
9110,9110,Standard,Advance
9111,9111,Standard,Anytime
9112,9112,Standard,Anytime
9113,9113,Standard,Advance
9114,9114,Standard,Anytime
9115,9115,Standard,Anytime
9116,9116,Standard,Advance
9117,9117,Standard,Anytime
9118,9118,Standard,Anytime
9119,9119,Standard,Anytime
9120,9120,Standard,Advance
9121,9121,Standard,Anytime
9122,9122,Standard,Anytime
9123,9123,Standard,Anytime
9124,9124,Standard,Anytime
9125,9125,Standard,Advance
9126,9126,Standard,Advance
9127,9127,Standard,Advance
9128,9128,Standard,Advance
9129,9129,Standard,Advance
9130,9130,Standard,Advance
9131,9131,Standard,Advance
9132,9132,Standard,Advance
9133,9133,Standard,Advance
9134,9134,Standard,Advance
9135,9135,Standard,Advance
9136,9136,Standard,Advance
9137,9137,Standard,Advance
9138,9138,Standard,Advance
9139,9139,Standard,Advance
9140,9140,Standard,Advance
9141,9141,Standard,Advance
9142,9142,Standard,Advance
9143,9143,Standard,Advance
9144,9144,Standard,Advance
9145,9145,Standard,Advance
9146,9146,Standard,Advance
9147,9147,Standard,Advance
9148,9148,Standard,Advance
9149,9149,Standard,Anytime
9150,9150,Standard,Advance
9151,9151,Standard,Advance
9152,9152,Standard,Off-Peak
9153,9153,Standard,Anytime
9154,9154,Standard,Anytime
9155,9155,Standard,Off-Peak
9156,9156,Standard,Advance
9157,9157,Standard,Advance
9158,9158,Standard,Advance
9159,9159,Standard,Off-Peak
9160,9160,Standard,Advance
9161,9161,Standard,Advance
9162,9162,Standard,Advance
9163,9163,Standard,Off-Peak
9164,9164,Standard,Advance
9165,9165,Standard,Advance
9166,9166,Standard,Advance
9167,9167,Standard,Advance
9168,9168,Standard,Off-Peak
9169,9169,Standard,Advance
9170,9170,Standard,Off-Peak
9171,9171,Standard,Advance
9172,9172,Standard,Advance
9173,9173,Standard,Off-Peak
9174,9174,Standard,Advance
9175,9175,Standard,Off-Peak
9176,9176,Standard,Advance
9177,9177,Standard,Advance
9178,9178,Standard,Advance
9179,9179,Standard,Advance
9180,9180,Standard,Advance
9181,9181,Standard,Advance
9182,9182,Standard,Advance
9183,9183,Standard,Advance
9184,9184,Standard,Advance
9185,9185,Standard,Advance
9186,9186,Standard,Advance
9187,9187,Standard,Advance
9188,9188,Standard,Advance
9189,9189,Standard,Advance
9190,9190,Standard,Advance
9191,9191,Standard,Advance
9192,9192,Standard,Advance
9193,9193,Standard,Advance
9194,9194,Standard,Advance
9195,9195,Standard,Advance
9196,9196,Standard,Advance
9197,9197,Standard,Advance
9198,9198,Standard,Advance
9199,9199,Standard,Advance
9200,9200,Standard,Advance
9201,9201,Standard,Advance
9202,9202,Standard,Advance
9203,9203,Standard,Advance
9204,9204,Standard,Advance
9205,9205,Standard,Advance
9206,9206,Standard,Advance
9207,9207,Standard,Advance
9208,9208,Standard,Advance
9209,9209,Standard,Advance
9210,9210,Standard,Advance
9211,9211,Standard,Advance
9212,9212,Standard,Advance
9213,9213,Standard,Advance
9214,9214,Standard,Advance
9215,9215,Standard,Advance
9216,9216,Standard,Advance
9217,9217,Standard,Advance
9218,9218,Standard,Advance
9219,9219,Standard,Advance
9220,9220,Standard,Advance
9221,9221,Standard,Advance
9222,9222,Standard,Advance
9223,9223,Standard,Advance
9224,9224,Standard,Advance
9225,9225,Standard,Advance
9226,9226,Standard,Advance
9227,9227,Standard,Advance
9228,9228,Standard,Advance
9229,9229,Standard,Advance
9230,9230,Standard,Advance
9231,9231,Standard,Advance
9232,9232,Standard,Off-Peak
9233,9233,Standard,Off-Peak
9234,9234,Standard,Advance
9235,9235,Standard,Advance
9236,9236,Standard,Advance
9237,9237,Standard,Advance
9238,9238,Standard,Advance
9239,9239,Standard,Advance
9240,9240,Standard,Advance
9241,9241,Standard,Advance
9242,9242,Standard,Advance
9243,9243,Standard,Advance
9244,9244,Standard,Advance
9245,9245,Standard,Advance
9246,9246,Standard,Advance
9247,9247,Standard,Advance
9248,9248,Standard,Advance
9249,9249,Standard,Advance
9250,9250,Standard,Advance
9251,9251,Standard,Advance
9252,9252,Standard,Advance
9253,9253,Standard,Advance
9254,9254,Standard,Advance
9255,9255,Standard,Advance
9256,9256,Standard,Advance
9257,9257,Standard,Advance
9258,9258,Standard,Advance
9259,9259,Standard,Advance
9260,9260,Standard,Advance
9261,9261,Standard,Advance
9262,9262,Standard,Advance
9263,9263,Standard,Advance
9264,9264,Standard,Advance
9265,9265,Standard,Off-Peak
9266,9266,Standard,Off-Peak
9267,9267,Standard,Off-Peak
9268,9268,Standard,Advance
9269,9269,Standard,Off-Peak
9270,9270,Standard,Off-Peak
9271,9271,Standard,Off-Peak
9272,9272,Standard,Advance
9273,9273,Standard,Advance
9274,9274,Standard,Off-Peak
9275,9275,Standard,Off-Peak
9276,9276,Standard,Advance
9277,9277,Standard,Advance
9278,9278,Standard,Off-Peak
9279,9279,Standard,Advance
9280,9280,Standard,Off-Peak
9281,9281,Standard,Advance
9282,9282,Standard,Off-Peak
9283,9283,Standard,Off-Peak
9284,9284,Standard,Advance
9285,9285,Standard,Advance
9286,9286,Standard,Advance
9287,9287,Standard,Advance
9288,9288,Standard,Advance
9289,9289,Standard,Advance
9290,9290,Standard,Advance
9291,9291,Standard,Advance
9292,9292,Standard,Advance
9293,9293,Standard,Advance
9294,9294,Standard,Off-Peak
9295,9295,Standard,Advance
9296,9296,Standard,Off-Peak
9297,9297,Standard,Advance
9298,9298,Standard,Advance
9299,9299,Standard,Off-Peak
9300,9300,Standard,Off-Peak
9301,9301,Standard,Off-Peak
9302,9302,Standard,Advance
9303,9303,Standard,Advance
9304,9304,Standard,Advance
9305,9305,Standard,Advance
9306,9306,Standard,Off-Peak
9307,9307,Standard,Off-Peak
9308,9308,Standard,Advance
9309,9309,Standard,Advance
9310,9310,Standard,Advance
9311,9311,Standard,Advance
9312,9312,Standard,Advance
9313,9313,Standard,Advance
9314,9314,Standard,Advance
9315,9315,Standard,Off-Peak
9316,9316,Standard,Advance
9317,9317,Standard,Off-Peak
9318,9318,Standard,Advance
9319,9319,Standard,Advance
9320,9320,Standard,Advance
9321,9321,Standard,Advance
9322,9322,Standard,Advance
9323,9323,Standard,Off-Peak
9324,9324,Standard,Advance
9325,9325,Standard,Advance
9326,9326,Standard,Off-Peak
9327,9327,Standard,Advance
9328,9328,Standard,Off-Peak
9329,9329,Standard,Advance
9330,9330,Standard,Advance
9331,9331,Standard,Off-Peak
9332,9332,Standard,Off-Peak
9333,9333,Standard,Off-Peak
9334,9334,Standard,Off-Peak
9335,9335,Standard,Advance
9336,9336,Standard,Advance
9337,9337,Standard,Off-Peak
9338,9338,Standard,Off-Peak
9339,9339,Standard,Advance
9340,9340,Standard,Advance
9341,9341,Standard,Off-Peak
9342,9342,Standard,Advance
9343,9343,Standard,Off-Peak
9344,9344,Standard,Off-Peak
9345,9345,Standard,Off-Peak
9346,9346,Standard,Advance
9347,9347,Standard,Off-Peak
9348,9348,Standard,Advance
9349,9349,Standard,Off-Peak
9350,9350,Standard,Advance
9351,9351,Standard,Advance
9352,9352,Standard,Off-Peak
9353,9353,Standard,Advance
9354,9354,Standard,Advance
9355,9355,Standard,Advance
9356,9356,Standard,Advance
9357,9357,Standard,Advance
9358,9358,Standard,Off-Peak
9359,9359,Standard,Advance
9360,9360,Standard,Advance
9361,9361,Standard,Off-Peak
9362,9362,Standard,Off-Peak
9363,9363,Standard,Advance
9364,9364,Standard,Advance
9365,9365,Standard,Off-Peak
9366,9366,Standard,Advance
9367,9367,Standard,Advance
9368,9368,Standard,Off-Peak
9369,9369,Standard,Off-Peak
9370,9370,Standard,Advance
9371,9371,Standard,Off-Peak
9372,9372,Standard,Off-Peak
9373,9373,Standard,Advance
9374,9374,Standard,Off-Peak
9375,9375,Standard,Off-Peak
9376,9376,Standard,Advance
9377,9377,Standard,Advance
9378,9378,Standard,Advance
9379,9379,Standard,Advance
9380,9380,Standard,Off-Peak
9381,9381,Standard,Off-Peak
9382,9382,Standard,Advance
9383,9383,Standard,Off-Peak
9384,9384,Standard,Off-Peak
9385,9385,Standard,Off-Peak
9386,9386,Standard,Advance
9387,9387,Standard,Off-Peak
9388,9388,Standard,Advance
9389,9389,Standard,Advance
9390,9390,Standard,Advance
9391,9391,Standard,Off-Peak
9392,9392,Standard,Off-Peak
9393,9393,Standard,Off-Peak
9394,9394,Standard,Advance
9395,9395,Standard,Advance
9396,9396,Standard,Advance
9397,9397,Standard,Advance
9398,9398,Standard,Off-Peak
9399,9399,Standard,Advance
9400,9400,Standard,Off-Peak
9401,9401,Standard,Advance
9402,9402,Standard,Advance
9403,9403,Standard,Advance
9404,9404,Standard,Advance
9405,9405,Standard,Advance
9406,9406,Standard,Advance
9407,9407,Standard,Advance
9408,9408,Standard,Advance
9409,9409,Standard,Advance
9410,9410,Standard,Advance
9411,9411,Standard,Advance
9412,9412,Standard,Advance
9413,9413,Standard,Advance
9414,9414,Standard,Advance
9415,9415,Standard,Advance
9416,9416,Standard,Advance
9417,9417,Standard,Advance
9418,9418,Standard,Advance
9419,9419,Standard,Advance
9420,9420,Standard,Advance
9421,9421,Standard,Advance
9422,9422,Standard,Advance
9423,9423,Standard,Advance
9424,9424,Standard,Advance
9425,9425,Standard,Advance
9426,9426,Standard,Advance
9427,9427,Standard,Advance
9428,9428,Standard,Advance
9429,9429,Standard,Advance
9430,9430,Standard,Advance
9431,9431,Standard,Advance
9432,9432,Standard,Advance
9433,9433,Standard,Advance
9434,9434,Standard,Off-Peak
9435,9435,Standard,Advance
9436,9436,Standard,Advance
9437,9437,Standard,Advance
9438,9438,Standard,Advance
9439,9439,Standard,Advance
9440,9440,Standard,Advance
9441,9441,Standard,Advance
9442,9442,Standard,Advance
9443,9443,Standard,Advance
9444,9444,Standard,Advance
9445,9445,Standard,Advance
9446,9446,Standard,Advance
9447,9447,Standard,Advance
9448,9448,Standard,Off-Peak
9449,9449,Standard,Advance
9450,9450,Standard,Advance
9451,9451,Standard,Off-Peak
9452,9452,Standard,Off-Peak
9453,9453,Standard,Advance
9454,9454,Standard,Advance
9455,9455,Standard,Advance
9456,9456,Standard,Advance
9457,9457,Standard,Advance
9458,9458,Standard,Off-Peak
9459,9459,Standard,Advance
9460,9460,Standard,Off-Peak
9461,9461,Standard,Advance
9462,9462,Standard,Advance
9463,9463,Standard,Advance
9464,9464,Standard,Advance
9465,9465,Standard,Advance
9466,9466,Standard,Advance
9467,9467,Standard,Advance
9468,9468,Standard,Advance
9469,9469,Standard,Advance
9470,9470,Standard,Advance
9471,9471,Standard,Advance
9472,9472,Standard,Advance
9473,9473,Standard,Advance
9474,9474,Standard,Advance
9475,9475,Standard,Advance
9476,9476,Standard,Advance
9477,9477,Standard,Advance
9478,9478,Standard,Advance
9479,9479,Standard,Advance
9480,9480,Standard,Advance
9481,9481,Standard,Advance
9482,9482,Standard,Advance
9483,9483,Standard,Off-Peak
9484,9484,Standard,Advance
9485,9485,Standard,Advance
9486,9486,Standard,Advance
9487,9487,Standard,Advance
9488,9488,Standard,Advance
9489,9489,Standard,Off-Peak
9490,9490,Standard,Advance
9491,9491,Standard,Advance
9492,9492,Standard,Advance
9493,9493,Standard,Advance
9494,9494,Standard,Off-Peak
9495,9495,Standard,Advance
9496,9496,Standard,Advance
9497,9497,Standard,Advance
9498,9498,Standard,Off-Peak
9499,9499,Standard,Advance
9500,9500,Standard,Off-Peak
9501,9501,Standard,Off-Peak
9502,9502,Standard,Off-Peak
9503,9503,Standard,Off-Peak
9504,9504,Standard,Off-Peak
9505,9505,Standard,Off-Peak
9506,9506,Standard,Advance
9507,9507,Standard,Advance
9508,9508,Standard,Off-Peak
9509,9509,Standard,Advance
9510,9510,Standard,Advance
9511,9511,Standard,Advance
9512,9512,Standard,Advance
9513,9513,Standard,Advance
9514,9514,Standard,Off-Peak
9515,9515,Standard,Advance
9516,9516,Standard,Advance
9517,9517,Standard,Advance
9518,9518,Standard,Advance
9519,9519,Standard,Off-Peak
9520,9520,Standard,Advance
9521,9521,Standard,Off-Peak
9522,9522,Standard,Advance
9523,9523,Standard,Advance
9524,9524,Standard,Advance
9525,9525,Standard,Advance
9526,9526,Standard,Advance
9527,9527,Standard,Off-Peak
9528,9528,Standard,Advance
9529,9529,Standard,Advance
9530,9530,Standard,Advance
9531,9531,Standard,Advance
9532,9532,Standard,Advance
9533,9533,Standard,Advance
9534,9534,Standard,Advance
9535,9535,Standard,Advance
9536,9536,Standard,Advance
9537,9537,Standard,Advance
9538,9538,Standard,Advance
9539,9539,Standard,Off-Peak
9540,9540,Standard,Off-Peak
9541,9541,Standard,Advance
9542,9542,Standard,Off-Peak
9543,9543,Standard,Off-Peak
9544,9544,Standard,Off-Peak
9545,9545,Standard,Off-Peak
9546,9546,Standard,Off-Peak
9547,9547,Standard,Advance
9548,9548,Standard,Off-Peak
9549,9549,Standard,Advance
9550,9550,Standard,Off-Peak
9551,9551,Standard,Advance
9552,9552,Standard,Advance
9553,9553,Standard,Advance
9554,9554,Standard,Advance
9555,9555,Standard,Off-Peak
9556,9556,Standard,Off-Peak
9557,9557,Standard,Advance
9558,9558,Standard,Advance
9559,9559,Standard,Advance
9560,9560,Standard,Advance
9561,9561,Standard,Advance
9562,9562,Standard,Advance
9563,9563,Standard,Advance
9564,9564,Standard,Off-Peak
9565,9565,Standard,Advance
9566,9566,Standard,Advance
9567,9567,Standard,Off-Peak
9568,9568,Standard,Off-Peak
9569,9569,Standard,Off-Peak
9570,9570,Standard,Off-Peak
9571,9571,Standard,Off-Peak
9572,9572,Standard,Off-Peak
9573,9573,Standard,Advance
9574,9574,Standard,Off-Peak
9575,9575,Standard,Advance
9576,9576,Standard,Off-Peak
9577,9577,Standard,Advance
9578,9578,Standard,Off-Peak
9579,9579,Standard,Off-Peak
9580,9580,Standard,Off-Peak
9581,9581,Standard,Off-Peak
9582,9582,Standard,Advance
9583,9583,Standard,Advance
9584,9584,Standard,Off-Peak
9585,9585,Standard,Off-Peak
9586,9586,Standard,Off-Peak
9587,9587,Standard,Advance
9588,9588,Standard,Advance
9589,9589,Standard,Advance
9590,9590,Standard,Advance
9591,9591,Standard,Off-Peak
9592,9592,Standard,Advance
9593,9593,Standard,Off-Peak
9594,9594,Standard,Off-Peak
9595,9595,Standard,Off-Peak
9596,9596,Standard,Advance
9597,9597,Standard,Off-Peak
9598,9598,Standard,Advance
9599,9599,Standard,Off-Peak
9600,9600,Standard,Off-Peak
9601,9601,Standard,Off-Peak
9602,9602,Standard,Off-Peak
9603,9603,Standard,Advance
9604,9604,Standard,Advance
9605,9605,Standard,Advance
9606,9606,Standard,Off-Peak
9607,9607,Standard,Advance
9608,9608,Standard,Advance
9609,9609,Standard,Off-Peak
9610,9610,Standard,Advance
9611,9611,Standard,Advance
9612,9612,Standard,Advance
9613,9613,Standard,Advance
9614,9614,Standard,Advance
9615,9615,Standard,Advance
9616,9616,Standard,Advance
9617,9617,Standard,Off-Peak
9618,9618,Standard,Advance
9619,9619,Standard,Advance
9620,9620,Standard,Advance
9621,9621,Standard,Advance
9622,9622,Standard,Advance
9623,9623,Standard,Advance
9624,9624,Standard,Advance
9625,9625,Standard,Advance
9626,9626,Standard,Advance
9627,9627,Standard,Advance
9628,9628,Standard,Off-Peak
9629,9629,Standard,Advance
9630,9630,Standard,Advance
9631,9631,Standard,Advance
9632,9632,Standard,Advance
9633,9633,Standard,Off-Peak
9634,9634,Standard,Advance
9635,9635,Standard,Off-Peak
9636,9636,Standard,Advance
9637,9637,Standard,Advance
9638,9638,Standard,Advance
9639,9639,Standard,Advance
9640,9640,Standard,Off-Peak
9641,9641,Standard,Off-Peak
9642,9642,Standard,Advance
9643,9643,Standard,Advance
9644,9644,Standard,Advance
9645,9645,Standard,Advance
9646,9646,Standard,Advance
9647,9647,Standard,Advance
9648,9648,Standard,Advance
9649,9649,Standard,Advance
9650,9650,Standard,Advance
9651,9651,Standard,Advance
9652,9652,Standard,Advance
9653,9653,Standard,Advance
9654,9654,Standard,Advance
9655,9655,Standard,Advance
9656,9656,Standard,Advance
9657,9657,Standard,Advance
9658,9658,Standard,Advance
9659,9659,Standard,Advance
9660,9660,Standard,Advance
9661,9661,Standard,Advance
9662,9662,Standard,Advance
9663,9663,Standard,Advance
9664,9664,Standard,Advance
9665,9665,Standard,Advance
9666,9666,Standard,Advance
9667,9667,Standard,Advance
9668,9668,Standard,Advance
9669,9669,Standard,Advance
9670,9670,Standard,Advance
9671,9671,Standard,Advance
9672,9672,Standard,Advance
9673,9673,Standard,Advance
9674,9674,Standard,Off-Peak
9675,9675,Standard,Off-Peak
9676,9676,Standard,Advance
9677,9677,Standard,Advance
9678,9678,Standard,Advance
9679,9679,Standard,Advance
9680,9680,Standard,Advance
9681,9681,Standard,Off-Peak
9682,9682,Standard,Advance
9683,9683,Standard,Advance
9684,9684,Standard,Advance
9685,9685,Standard,Advance
9686,9686,Standard,Advance
9687,9687,Standard,Advance
9688,9688,Standard,Advance
9689,9689,Standard,Advance
9690,9690,Standard,Advance
9691,9691,Standard,Advance
9692,9692,Standard,Advance
9693,9693,Standard,Advance
9694,9694,Standard,Advance
9695,9695,Standard,Advance
9696,9696,Standard,Advance
9697,9697,Standard,Advance
9698,9698,Standard,Advance
9699,9699,Standard,Advance
9700,9700,Standard,Advance
9701,9701,Standard,Advance
9702,9702,Standard,Advance
9703,9703,Standard,Advance
9704,9704,Standard,Advance
9705,9705,Standard,Advance
9706,9706,Standard,Advance
9707,9707,Standard,Advance
9708,9708,Standard,Advance
9709,9709,Standard,Advance
9710,9710,Standard,Advance
9711,9711,Standard,Advance
9712,9712,Standard,Advance
9713,9713,Standard,Advance
9714,9714,Standard,Advance
9715,9715,Standard,Advance
9716,9716,Standard,Advance
9717,9717,Standard,Advance
9718,9718,Standard,Advance
9719,9719,Standard,Advance
9720,9720,Standard,Advance
9721,9721,Standard,Advance
9722,9722,Standard,Advance
9723,9723,Standard,Advance
9724,9724,Standard,Advance
9725,9725,Standard,Advance
9726,9726,Standard,Advance
9727,9727,Standard,Advance
9728,9728,Standard,Advance
9729,9729,Standard,Advance
9730,9730,Standard,Advance
9731,9731,Standard,Advance
9732,9732,Standard,Advance
9733,9733,Standard,Advance
9734,9734,Standard,Advance
9735,9735,Standard,Advance
9736,9736,Standard,Advance
9737,9737,Standard,Advance
9738,9738,Standard,Advance
9739,9739,Standard,Advance
9740,9740,Standard,Advance
9741,9741,Standard,Advance
9742,9742,Standard,Advance
9743,9743,Standard,Advance
9744,9744,Standard,Advance
9745,9745,Standard,Advance
9746,9746,Standard,Advance
9747,9747,Standard,Advance
9748,9748,Standard,Advance
9749,9749,Standard,Advance
9750,9750,Standard,Advance
9751,9751,Standard,Advance
9752,9752,Standard,Advance
9753,9753,Standard,Advance
9754,9754,Standard,Advance
9755,9755,Standard,Advance
9756,9756,Standard,Advance
9757,9757,Standard,Off-Peak
9758,9758,Standard,Advance
9759,9759,Standard,Off-Peak
9760,9760,Standard,Off-Peak
9761,9761,Standard,Advance
9762,9762,Standard,Off-Peak
9763,9763,Standard,Advance
9764,9764,Standard,Advance
9765,9765,Standard,Advance
9766,9766,Standard,Advance
9767,9767,Standard,Off-Peak
9768,9768,Standard,Advance
9769,9769,Standard,Advance
9770,9770,Standard,Off-Peak
9771,9771,Standard,Advance
9772,9772,Standard,Advance
9773,9773,Standard,Advance
9774,9774,Standard,Off-Peak
9775,9775,Standard,Advance
9776,9776,Standard,Off-Peak
9777,9777,Standard,Advance
9778,9778,Standard,Advance
9779,9779,Standard,Advance
9780,9780,Standard,Advance
9781,9781,Standard,Advance
9782,9782,Standard,Advance
9783,9783,Standard,Advance
9784,9784,Standard,Off-Peak
9785,9785,Standard,Off-Peak
9786,9786,Standard,Advance
9787,9787,Standard,Off-Peak
9788,9788,Standard,Advance
9789,9789,Standard,Off-Peak
9790,9790,Standard,Advance
9791,9791,Standard,Advance
9792,9792,Standard,Advance
9793,9793,Standard,Advance
9794,9794,Standard,Advance
9795,9795,Standard,Off-Peak
9796,9796,Standard,Advance
9797,9797,Standard,Off-Peak
9798,9798,Standard,Advance
9799,9799,Standard,Advance
9800,9800,Standard,Advance
9801,9801,Standard,Advance
9802,9802,Standard,Advance
9803,9803,Standard,Advance
9804,9804,Standard,Off-Peak
9805,9805,Standard,Advance
9806,9806,Standard,Advance
9807,9807,Standard,Off-Peak
9808,9808,Standard,Advance
9809,9809,Standard,Off-Peak
9810,9810,Standard,Off-Peak
9811,9811,Standard,Off-Peak
9812,9812,Standard,Off-Peak
9813,9813,Standard,Off-Peak
9814,9814,Standard,Advance
9815,9815,Standard,Advance
9816,9816,Standard,Off-Peak
9817,9817,Standard,Off-Peak
9818,9818,Standard,Off-Peak
9819,9819,Standard,Off-Peak
9820,9820,Standard,Off-Peak
9821,9821,Standard,Advance
9822,9822,Standard,Advance
9823,9823,Standard,Advance
9824,9824,Standard,Off-Peak
9825,9825,Standard,Advance
9826,9826,Standard,Off-Peak
9827,9827,Standard,Advance
9828,9828,Standard,Off-Peak
9829,9829,Standard,Advance
9830,9830,Standard,Off-Peak
9831,9831,Standard,Advance
9832,9832,Standard,Off-Peak
9833,9833,Standard,Off-Peak
9834,9834,Standard,Advance
9835,9835,Standard,Off-Peak
9836,9836,Standard,Off-Peak
9837,9837,Standard,Off-Peak
9838,9838,Standard,Advance
9839,9839,Standard,Advance
9840,9840,Standard,Off-Peak
9841,9841,Standard,Advance
9842,9842,Standard,Off-Peak
9843,9843,Standard,Advance
9844,9844,Standard,Advance
9845,9845,Standard,Advance
9846,9846,Standard,Off-Peak
9847,9847,Standard,Off-Peak
9848,9848,Standard,Advance
9849,9849,Standard,Advance
9850,9850,Standard,Advance
9851,9851,Standard,Advance
9852,9852,Standard,Advance
9853,9853,Standard,Off-Peak
9854,9854,Standard,Off-Peak
9855,9855,Standard,Advance
9856,9856,Standard,Off-Peak
9857,9857,Standard,Off-Peak
9858,9858,Standard,Advance
9859,9859,Standard,Advance
9860,9860,Standard,Advance
9861,9861,Standard,Off-Peak
9862,9862,Standard,Off-Peak
9863,9863,Standard,Advance
9864,9864,Standard,Off-Peak
9865,9865,Standard,Off-Peak
9866,9866,Standard,Advance
9867,9867,Standard,Off-Peak
9868,9868,Standard,Off-Peak
9869,9869,Standard,Off-Peak
9870,9870,Standard,Off-Peak
9871,9871,Standard,Advance
9872,9872,Standard,Off-Peak
9873,9873,Standard,Off-Peak
9874,9874,Standard,Advance
9875,9875,Standard,Advance
9876,9876,Standard,Advance
9877,9877,Standard,Advance
9878,9878,Standard,Advance
9879,9879,Standard,Advance
9880,9880,Standard,Off-Peak
9881,9881,Standard,Advance
9882,9882,Standard,Advance
9883,9883,Standard,Advance
9884,9884,Standard,Advance
9885,9885,Standard,Advance
9886,9886,Standard,Advance
9887,9887,Standard,Advance
9888,9888,Standard,Advance
9889,9889,Standard,Advance
9890,9890,Standard,Advance
9891,9891,Standard,Advance
9892,9892,Standard,Advance
9893,9893,Standard,Advance
9894,9894,Standard,Advance
9895,9895,Standard,Advance
9896,9896,Standard,Advance
9897,9897,Standard,Advance
9898,9898,Standard,Advance
9899,9899,Standard,Advance
9900,9900,Standard,Advance
9901,9901,Standard,Advance
9902,9902,Standard,Advance
9903,9903,Standard,Advance
9904,9904,Standard,Advance
9905,9905,Standard,Advance
9906,9906,Standard,Advance
9907,9907,Standard,Advance
9908,9908,Standard,Advance
9909,9909,Standard,Advance
9910,9910,Standard,Advance
9911,9911,Standard,Advance
9912,9912,Standard,Advance
9913,9913,Standard,Advance
9914,9914,Standard,Advance
9915,9915,Standard,Advance
9916,9916,Standard,Advance
9917,9917,Standard,Advance
9918,9918,Standard,Advance
9919,9919,Standard,Advance
9920,9920,Standard,Off-Peak
9921,9921,Standard,Advance
9922,9922,Standard,Advance
9923,9923,Standard,Advance
9924,9924,Standard,Advance
9925,9925,Standard,Advance
9926,9926,Standard,Advance
9927,9927,Standard,Advance
9928,9928,Standard,Advance
9929,9929,Standard,Advance
9930,9930,Standard,Advance
9931,9931,Standard,Advance
9932,9932,Standard,Advance
9933,9933,Standard,Off-Peak
9934,9934,Standard,Advance
9935,9935,Standard,Advance
9936,9936,Standard,Advance
9937,9937,Standard,Advance
9938,9938,Standard,Advance
9939,9939,Standard,Off-Peak
9940,9940,Standard,Advance
9941,9941,Standard,Advance
9942,9942,Standard,Advance
9943,9943,Standard,Advance
9944,9944,Standard,Advance
9945,9945,Standard,Advance
9946,9946,Standard,Advance
9947,9947,Standard,Off-Peak
9948,9948,Standard,Advance
9949,9949,Standard,Off-Peak
9950,9950,Standard,Advance
9951,9951,Standard,Advance
9952,9952,Standard,Advance
9953,9953,Standard,Advance
9954,9954,Standard,Advance
9955,9955,Standard,Advance
9956,9956,Standard,Off-Peak
9957,9957,Standard,Off-Peak
9958,9958,Standard,Advance
9959,9959,Standard,Advance
9960,9960,Standard,Advance
9961,9961,Standard,Advance
9962,9962,Standard,Advance
9963,9963,Standard,Off-Peak
9964,9964,Standard,Advance
9965,9965,Standard,Advance
9966,9966,Standard,Advance
9967,9967,Standard,Off-Peak
9968,9968,Standard,Off-Peak
9969,9969,Standard,Advance
9970,9970,Standard,Advance
9971,9971,Standard,Off-Peak
9972,9972,Standard,Off-Peak
9973,9973,Standard,Off-Peak
9974,9974,Standard,Off-Peak
9975,9975,Standard,Advance
9976,9976,Standard,Advance
9977,9977,Standard,Advance
9978,9978,Standard,Advance
9979,9979,Standard,Advance
9980,9980,Standard,Advance
9981,9981,Standard,Advance
9982,9982,Standard,Advance
9983,9983,Standard,Advance
9984,9984,Standard,Off-Peak
9985,9985,Standard,Advance
9986,9986,Standard,Advance
9987,9987,Standard,Advance
9988,9988,Standard,Off-Peak
9989,9989,Standard,Off-Peak
9990,9990,Standard,Advance
9991,9991,Standard,Advance
9992,9992,Standard,Off-Peak
9993,9993,Standard,Advance
9994,9994,Standard,Advance
9995,9995,Standard,Off-Peak
9996,9996,Standard,Advance
9997,9997,Standard,Advance
9998,9998,Standard,Advance
9999,9999,Standard,Advance
10000,10000,Standard,Advance
10001,10001,Standard,Advance
10002,10002,Standard,Advance
10003,10003,Standard,Off-Peak
10004,10004,Standard,Off-Peak
10005,10005,Standard,Advance
10006,10006,Standard,Advance
10007,10007,Standard,Advance
10008,10008,Standard,Advance
10009,10009,Standard,Advance
10010,10010,Standard,Advance
10011,10011,Standard,Off-Peak
10012,10012,Standard,Advance
10013,10013,Standard,Off-Peak
10014,10014,Standard,Off-Peak
10015,10015,Standard,Off-Peak
10016,10016,Standard,Advance
10017,10017,Standard,Off-Peak
10018,10018,Standard,Advance
10019,10019,Standard,Off-Peak
10020,10020,Standard,Advance
10021,10021,Standard,Off-Peak
10022,10022,Standard,Advance
10023,10023,Standard,Advance
10024,10024,Standard,Advance
10025,10025,Standard,Advance
10026,10026,Standard,Off-Peak
10027,10027,Standard,Advance
10028,10028,Standard,Advance
10029,10029,Standard,Advance
10030,10030,Standard,Off-Peak
10031,10031,Standard,Off-Peak
10032,10032,Standard,Off-Peak
10033,10033,Standard,Advance
10034,10034,Standard,Advance
10035,10035,Standard,Off-Peak
10036,10036,Standard,Advance
10037,10037,Standard,Off-Peak
10038,10038,Standard,Off-Peak
10039,10039,Standard,Off-Peak
10040,10040,Standard,Off-Peak
10041,10041,Standard,Off-Peak
10042,10042,Standard,Advance
10043,10043,Standard,Advance
10044,10044,Standard,Off-Peak
10045,10045,Standard,Off-Peak
10046,10046,Standard,Advance
10047,10047,Standard,Advance
10048,10048,Standard,Advance
10049,10049,Standard,Advance
10050,10050,Standard,Advance
10051,10051,Standard,Advance
10052,10052,Standard,Advance
10053,10053,Standard,Off-Peak
10054,10054,Standard,Advance
10055,10055,Standard,Advance
10056,10056,Standard,Off-Peak
10057,10057,Standard,Off-Peak
10058,10058,Standard,Advance
10059,10059,Standard,Advance
10060,10060,Standard,Off-Peak
10061,10061,Standard,Advance
10062,10062,Standard,Advance
10063,10063,Standard,Off-Peak
10064,10064,Standard,Advance
10065,10065,Standard,Off-Peak
10066,10066,Standard,Off-Peak
10067,10067,Standard,Off-Peak
10068,10068,Standard,Advance
10069,10069,Standard,Advance
10070,10070,Standard,Off-Peak
10071,10071,Standard,Advance
10072,10072,Standard,Advance
10073,10073,Standard,Advance
10074,10074,Standard,Advance
10075,10075,Standard,Advance
10076,10076,Standard,Advance
10077,10077,Standard,Advance
10078,10078,Standard,Advance
10079,10079,Standard,Advance
10080,10080,Standard,Advance
10081,10081,Standard,Advance
10082,10082,Standard,Advance
10083,10083,Standard,Advance
10084,10084,Standard,Advance
10085,10085,Standard,Advance
10086,10086,Standard,Advance
10087,10087,Standard,Off-Peak
10088,10088,Standard,Off-Peak
10089,10089,Standard,Off-Peak
10090,10090,Standard,Advance
10091,10091,Standard,Advance
10092,10092,Standard,Advance
10093,10093,Standard,Off-Peak
10094,10094,Standard,Advance
10095,10095,Standard,Advance
10096,10096,Standard,Off-Peak
10097,10097,Standard,Advance
10098,10098,Standard,Advance
10099,10099,Standard,Advance
10100,10100,Standard,Advance
10101,10101,Standard,Off-Peak
10102,10102,Standard,Advance
10103,10103,Standard,Off-Peak
10104,10104,Standard,Advance
10105,10105,Standard,Advance
10106,10106,Standard,Advance
10107,10107,Standard,Advance
10108,10108,Standard,Advance
10109,10109,Standard,Advance
10110,10110,Standard,Advance
10111,10111,Standard,Advance
10112,10112,Standard,Advance
10113,10113,Standard,Off-Peak
10114,10114,Standard,Advance
10115,10115,Standard,Advance
10116,10116,Standard,Advance
10117,10117,Standard,Advance
10118,10118,Standard,Advance
10119,10119,Standard,Advance
10120,10120,Standard,Advance
10121,10121,Standard,Advance
10122,10122,Standard,Off-Peak
10123,10123,Standard,Off-Peak
10124,10124,Standard,Advance
10125,10125,Standard,Advance
10126,10126,Standard,Advance
10127,10127,Standard,Advance
10128,10128,Standard,Advance
10129,10129,Standard,Advance
10130,10130,Standard,Advance
10131,10131,Standard,Advance
10132,10132,Standard,Advance
10133,10133,Standard,Advance
10134,10134,Standard,Advance
10135,10135,Standard,Advance
10136,10136,Standard,Advance
10137,10137,Standard,Advance
10138,10138,Standard,Advance
10139,10139,Standard,Advance
10140,10140,Standard,Advance
10141,10141,Standard,Advance
10142,10142,Standard,Advance
10143,10143,Standard,Advance
10144,10144,Standard,Advance
10145,10145,Standard,Off-Peak
10146,10146,Standard,Advance
10147,10147,Standard,Off-Peak
10148,10148,Standard,Off-Peak
10149,10149,Standard,Advance
10150,10150,Standard,Advance
10151,10151,Standard,Advance
10152,10152,Standard,Advance
10153,10153,Standard,Advance
10154,10154,Standard,Advance
10155,10155,Standard,Advance
10156,10156,Standard,Advance
10157,10157,Standard,Advance
10158,10158,Standard,Advance
10159,10159,Standard,Advance
10160,10160,Standard,Advance
10161,10161,Standard,Advance
10162,10162,Standard,Advance
10163,10163,Standard,Advance
10164,10164,Standard,Advance
10165,10165,Standard,Advance
10166,10166,Standard,Advance
10167,10167,Standard,Advance
10168,10168,Standard,Advance
10169,10169,Standard,Advance
10170,10170,Standard,Advance
10171,10171,Standard,Advance
10172,10172,Standard,Advance
10173,10173,Standard,Advance
10174,10174,Standard,Advance
10175,10175,Standard,Advance
10176,10176,Standard,Advance
10177,10177,Standard,Advance
10178,10178,Standard,Off-Peak
10179,10179,Standard,Off-Peak
10180,10180,Standard,Off-Peak
10181,10181,Standard,Advance
10182,10182,Standard,Off-Peak
10183,10183,Standard,Off-Peak
10184,10184,Standard,Off-Peak
10185,10185,Standard,Off-Peak
10186,10186,Standard,Advance
10187,10187,Standard,Off-Peak
10188,10188,Standard,Off-Peak
10189,10189,Standard,Off-Peak
10190,10190,Standard,Advance
10191,10191,Standard,Off-Peak
10192,10192,Standard,Advance
10193,10193,Standard,Off-Peak
10194,10194,Standard,Off-Peak
10195,10195,Standard,Advance
10196,10196,Standard,Advance
10197,10197,Standard,Advance
10198,10198,Standard,Off-Peak
10199,10199,Standard,Advance
10200,10200,Standard,Advance
10201,10201,Standard,Advance
10202,10202,Standard,Off-Peak
10203,10203,Standard,Advance
10204,10204,Standard,Off-Peak
10205,10205,Standard,Advance
10206,10206,Standard,Advance
10207,10207,Standard,Advance
10208,10208,Standard,Advance
10209,10209,Standard,Advance
10210,10210,Standard,Advance
10211,10211,Standard,Off-Peak
10212,10212,Standard,Off-Peak
10213,10213,Standard,Advance
10214,10214,Standard,Advance
10215,10215,Standard,Advance
10216,10216,Standard,Advance
10217,10217,Standard,Off-Peak
10218,10218,Standard,Advance
10219,10219,Standard,Advance
10220,10220,Standard,Advance
10221,10221,Standard,Advance
10222,10222,Standard,Advance
10223,10223,Standard,Advance
10224,10224,Standard,Advance
10225,10225,Standard,Advance
10226,10226,Standard,Anytime
10227,10227,Standard,Anytime
10228,10228,Standard,Anytime
10229,10229,Standard,Advance
10230,10230,Standard,Anytime
10231,10231,Standard,Anytime
10232,10232,Standard,Advance
10233,10233,Standard,Anytime
10234,10234,Standard,Advance
10235,10235,Standard,Advance
10236,10236,Standard,Anytime
10237,10237,Standard,Advance
10238,10238,Standard,Anytime
10239,10239,Standard,Advance
10240,10240,Standard,Anytime
10241,10241,Standard,Anytime
10242,10242,Standard,Anytime
10243,10243,Standard,Anytime
10244,10244,Standard,Anytime
10245,10245,Standard,Advance
10246,10246,Standard,Advance
10247,10247,Standard,Advance
10248,10248,Standard,Off-Peak
10249,10249,Standard,Advance
10250,10250,Standard,Advance
10251,10251,Standard,Advance
10252,10252,Standard,Advance
10253,10253,Standard,Anytime
10254,10254,Standard,Advance
10255,10255,Standard,Advance
10256,10256,Standard,Advance
10257,10257,Standard,Anytime
10258,10258,Standard,Advance
10259,10259,Standard,Advance
10260,10260,Standard,Advance
10261,10261,Standard,Advance
10262,10262,Standard,Anytime
10263,10263,Standard,Advance
10264,10264,Standard,Anytime
10265,10265,Standard,Anytime
10266,10266,Standard,Anytime
10267,10267,Standard,Advance
10268,10268,Standard,Advance
10269,10269,Standard,Advance
10270,10270,Standard,Anytime
10271,10271,Standard,Anytime
10272,10272,Standard,Advance
10273,10273,Standard,Anytime
10274,10274,Standard,Advance
10275,10275,Standard,Advance
10276,10276,Standard,Anytime
10277,10277,Standard,Anytime
10278,10278,Standard,Advance
10279,10279,Standard,Anytime
10280,10280,Standard,Anytime
10281,10281,Standard,Anytime
10282,10282,Standard,Anytime
10283,10283,Standard,Advance
10284,10284,Standard,Anytime
10285,10285,Standard,Off-Peak
10286,10286,Standard,Advance
10287,10287,Standard,Off-Peak
10288,10288,Standard,Off-Peak
10289,10289,Standard,Off-Peak
10290,10290,Standard,Advance
10291,10291,Standard,Advance
10292,10292,Standard,Advance
10293,10293,Standard,Advance
10294,10294,Standard,Off-Peak
10295,10295,Standard,Advance
10296,10296,Standard,Advance
10297,10297,Standard,Advance
10298,10298,Standard,Advance
10299,10299,Standard,Advance
10300,10300,Standard,Advance
10301,10301,Standard,Advance
10302,10302,Standard,Advance
10303,10303,Standard,Advance
10304,10304,Standard,Advance
10305,10305,Standard,Advance
10306,10306,Standard,Advance
10307,10307,Standard,Advance
10308,10308,Standard,Advance
10309,10309,Standard,Advance
10310,10310,Standard,Advance
10311,10311,Standard,Advance
10312,10312,Standard,Advance
10313,10313,Standard,Advance
10314,10314,Standard,Advance
10315,10315,Standard,Advance
10316,10316,Standard,Advance
10317,10317,Standard,Advance
10318,10318,Standard,Advance
10319,10319,Standard,Advance
10320,10320,Standard,Advance
10321,10321,Standard,Advance
10322,10322,Standard,Advance
10323,10323,Standard,Advance
10324,10324,Standard,Advance
10325,10325,Standard,Advance
10326,10326,Standard,Advance
10327,10327,Standard,Advance
10328,10328,Standard,Advance
10329,10329,Standard,Advance
10330,10330,Standard,Advance
10331,10331,Standard,Advance
10332,10332,Standard,Advance
10333,10333,Standard,Advance
10334,10334,Standard,Advance
10335,10335,Standard,Advance
10336,10336,Standard,Advance
10337,10337,Standard,Advance
10338,10338,Standard,Advance
10339,10339,Standard,Advance
10340,10340,Standard,Advance
10341,10341,Standard,Advance
10342,10342,Standard,Advance
10343,10343,Standard,Advance
10344,10344,Standard,Advance
10345,10345,Standard,Advance
10346,10346,Standard,Advance
10347,10347,Standard,Advance
10348,10348,Standard,Advance
10349,10349,Standard,Advance
10350,10350,Standard,Advance
10351,10351,Standard,Advance
10352,10352,Standard,Advance
10353,10353,Standard,Advance
10354,10354,Standard,Off-Peak
10355,10355,Standard,Advance
10356,10356,Standard,Advance
10357,10357,Standard,Advance
10358,10358,Standard,Advance
10359,10359,Standard,Advance
10360,10360,Standard,Off-Peak
10361,10361,Standard,Advance
10362,10362,Standard,Advance
10363,10363,Standard,Advance
10364,10364,Standard,Advance
10365,10365,Standard,Off-Peak
10366,10366,Standard,Advance
10367,10367,Standard,Advance
10368,10368,Standard,Advance
10369,10369,Standard,Off-Peak
10370,10370,Standard,Advance
10371,10371,Standard,Off-Peak
10372,10372,Standard,Advance
10373,10373,Standard,Off-Peak
10374,10374,Standard,Advance
10375,10375,Standard,Advance
10376,10376,Standard,Advance
10377,10377,Standard,Advance
10378,10378,Standard,Advance
10379,10379,Standard,Advance
10380,10380,Standard,Off-Peak
10381,10381,Standard,Off-Peak
10382,10382,Standard,Off-Peak
10383,10383,Standard,Advance
10384,10384,Standard,Advance
10385,10385,Standard,Off-Peak
10386,10386,Standard,Advance
10387,10387,Standard,Advance
10388,10388,Standard,Advance
10389,10389,Standard,Advance
10390,10390,Standard,Off-Peak
10391,10391,Standard,Advance
10392,10392,Standard,Advance
10393,10393,Standard,Advance
10394,10394,Standard,Advance
10395,10395,Standard,Off-Peak
10396,10396,Standard,Advance
10397,10397,Standard,Off-Peak
10398,10398,Standard,Advance
10399,10399,Standard,Off-Peak
10400,10400,Standard,Advance
10401,10401,Standard,Advance
10402,10402,Standard,Off-Peak
10403,10403,Standard,Advance
10404,10404,Standard,Off-Peak
10405,10405,Standard,Advance
10406,10406,Standard,Advance
10407,10407,Standard,Advance
10408,10408,Standard,Advance
10409,10409,Standard,Advance
10410,10410,Standard,Advance
10411,10411,Standard,Off-Peak
10412,10412,Standard,Off-Peak
10413,10413,Standard,Advance
10414,10414,Standard,Advance
10415,10415,Standard,Advance
10416,10416,Standard,Advance
10417,10417,Standard,Advance
10418,10418,Standard,Off-Peak
10419,10419,Standard,Advance
10420,10420,Standard,Advance
10421,10421,Standard,Off-Peak
10422,10422,Standard,Anytime
10423,10423,Standard,Advance
10424,10424,Standard,Advance
10425,10425,Standard,Advance
10426,10426,Standard,Advance
10427,10427,Standard,Advance
10428,10428,Standard,Anytime
10429,10429,Standard,Anytime
10430,10430,Standard,Advance
10431,10431,Standard,Advance
10432,10432,Standard,Anytime
10433,10433,Standard,Advance
10434,10434,Standard,Advance
10435,10435,Standard,Advance
10436,10436,Standard,Advance
10437,10437,Standard,Advance
10438,10438,Standard,Anytime
10439,10439,Standard,Anytime
10440,10440,Standard,Advance
10441,10441,Standard,Advance
10442,10442,Standard,Anytime
10443,10443,Standard,Anytime
10444,10444,Standard,Anytime
10445,10445,Standard,Advance
10446,10446,Standard,Advance
10447,10447,Standard,Advance
10448,10448,Standard,Anytime
10449,10449,Standard,Advance
10450,10450,Standard,Anytime
10451,10451,Standard,Advance
10452,10452,Standard,Anytime
10453,10453,Standard,Advance
10454,10454,Standard,Advance
10455,10455,Standard,Advance
10456,10456,Standard,Advance
10457,10457,Standard,Advance
10458,10458,Standard,Anytime
10459,10459,Standard,Anytime
10460,10460,Standard,Advance
10461,10461,Standard,Advance
10462,10462,Standard,Anytime
10463,10463,Standard,Anytime
10464,10464,Standard,Advance
10465,10465,Standard,Anytime
10466,10466,Standard,Advance
10467,10467,Standard,Anytime
10468,10468,Standard,Anytime
10469,10469,Standard,Advance
10470,10470,Standard,Anytime
10471,10471,Standard,Anytime
10472,10472,Standard,Off-Peak
10473,10473,Standard,Advance
10474,10474,Standard,Advance
10475,10475,Standard,Advance
10476,10476,Standard,Advance
10477,10477,Standard,Advance
10478,10478,Standard,Advance
10479,10479,Standard,Advance
10480,10480,Standard,Advance
10481,10481,Standard,Advance
10482,10482,Standard,Advance
10483,10483,Standard,Advance
10484,10484,Standard,Advance
10485,10485,Standard,Advance
10486,10486,Standard,Advance
10487,10487,Standard,Advance
10488,10488,Standard,Advance
10489,10489,Standard,Advance
10490,10490,Standard,Advance
10491,10491,Standard,Off-Peak
10492,10492,Standard,Advance
10493,10493,Standard,Off-Peak
10494,10494,Standard,Off-Peak
10495,10495,Standard,Advance
10496,10496,Standard,Advance
10497,10497,Standard,Off-Peak
10498,10498,Standard,Advance
10499,10499,Standard,Advance
10500,10500,Standard,Advance
10501,10501,Standard,Advance
10502,10502,Standard,Advance
10503,10503,Standard,Advance
10504,10504,Standard,Advance
10505,10505,Standard,Off-Peak
10506,10506,Standard,Advance
10507,10507,Standard,Advance
10508,10508,Standard,Advance
10509,10509,Standard,Advance
10510,10510,Standard,Advance
10511,10511,Standard,Advance
10512,10512,Standard,Advance
10513,10513,Standard,Advance
10514,10514,Standard,Advance
10515,10515,Standard,Off-Peak
10516,10516,Standard,Advance
10517,10517,Standard,Advance
10518,10518,Standard,Advance
10519,10519,Standard,Advance
10520,10520,Standard,Advance
10521,10521,Standard,Advance
10522,10522,Standard,Advance
10523,10523,Standard,Advance
10524,10524,Standard,Advance
10525,10525,Standard,Advance
10526,10526,Standard,Advance
10527,10527,Standard,Advance
10528,10528,Standard,Advance
10529,10529,Standard,Advance
10530,10530,Standard,Advance
10531,10531,Standard,Advance
10532,10532,Standard,Advance
10533,10533,Standard,Advance
10534,10534,Standard,Advance
10535,10535,Standard,Advance
10536,10536,Standard,Advance
10537,10537,Standard,Advance
10538,10538,Standard,Advance
10539,10539,Standard,Advance
10540,10540,Standard,Advance
10541,10541,Standard,Advance
10542,10542,Standard,Advance
10543,10543,Standard,Advance
10544,10544,Standard,Advance
10545,10545,Standard,Advance
10546,10546,Standard,Advance
10547,10547,Standard,Advance
10548,10548,Standard,Advance
10549,10549,Standard,Off-Peak
10550,10550,Standard,Advance
10551,10551,Standard,Advance
10552,10552,Standard,Advance
10553,10553,Standard,Advance
10554,10554,Standard,Advance
10555,10555,Standard,Advance
10556,10556,Standard,Advance
10557,10557,Standard,Advance
10558,10558,Standard,Advance
10559,10559,Standard,Advance
10560,10560,Standard,Advance
10561,10561,Standard,Advance
10562,10562,Standard,Advance
10563,10563,Standard,Advance
10564,10564,Standard,Advance
10565,10565,Standard,Advance
10566,10566,Standard,Advance
10567,10567,Standard,Advance
10568,10568,Standard,Advance
10569,10569,Standard,Advance
10570,10570,Standard,Advance
10571,10571,Standard,Advance
10572,10572,Standard,Advance
10573,10573,Standard,Advance
10574,10574,Standard,Advance
10575,10575,Standard,Advance
10576,10576,Standard,Advance
10577,10577,Standard,Off-Peak
10578,10578,Standard,Off-Peak
10579,10579,Standard,Advance
10580,10580,Standard,Off-Peak
10581,10581,Standard,Advance
10582,10582,Standard,Advance
10583,10583,Standard,Off-Peak
10584,10584,Standard,Advance
10585,10585,Standard,Advance
10586,10586,Standard,Advance
10587,10587,Standard,Off-Peak
10588,10588,Standard,Advance
10589,10589,Standard,Advance
10590,10590,Standard,Advance
10591,10591,Standard,Advance
10592,10592,Standard,Advance
10593,10593,Standard,Advance
10594,10594,Standard,Advance
10595,10595,Standard,Advance
10596,10596,Standard,Advance
10597,10597,Standard,Advance
10598,10598,Standard,Advance
10599,10599,Standard,Off-Peak
10600,10600,Standard,Advance
10601,10601,Standard,Advance
10602,10602,Standard,Advance
10603,10603,Standard,Off-Peak
10604,10604,Standard,Off-Peak
10605,10605,Standard,Off-Peak
10606,10606,Standard,Off-Peak
10607,10607,Standard,Off-Peak
10608,10608,Standard,Advance
10609,10609,Standard,Off-Peak
10610,10610,Standard,Advance
10611,10611,Standard,Off-Peak
10612,10612,Standard,Off-Peak
10613,10613,Standard,Advance
10614,10614,Standard,Advance
10615,10615,Standard,Advance
10616,10616,Standard,Advance
10617,10617,Standard,Advance
10618,10618,Standard,Advance
10619,10619,Standard,Advance
10620,10620,Standard,Advance
10621,10621,Standard,Advance
10622,10622,Standard,Advance
10623,10623,Standard,Off-Peak
10624,10624,Standard,Advance
10625,10625,Standard,Anytime
10626,10626,Standard,Anytime
10627,10627,Standard,Advance
10628,10628,Standard,Anytime
10629,10629,Standard,Anytime
10630,10630,Standard,Anytime
10631,10631,Standard,Anytime
10632,10632,Standard,Anytime
10633,10633,Standard,Anytime
10634,10634,Standard,Anytime
10635,10635,Standard,Anytime
10636,10636,Standard,Anytime
10637,10637,Standard,Advance
10638,10638,Standard,Anytime
10639,10639,Standard,Anytime
10640,10640,Standard,Advance
10641,10641,Standard,Anytime
10642,10642,Standard,Anytime
10643,10643,Standard,Anytime
10644,10644,Standard,Anytime
10645,10645,Standard,Advance
10646,10646,Standard,Advance
10647,10647,Standard,Advance
10648,10648,Standard,Anytime
10649,10649,Standard,Advance
10650,10650,Standard,Advance
10651,10651,Standard,Advance
10652,10652,Standard,Advance
10653,10653,Standard,Advance
10654,10654,Standard,Anytime
10655,10655,Standard,Anytime
10656,10656,Standard,Advance
10657,10657,Standard,Anytime
10658,10658,Standard,Anytime
10659,10659,Standard,Anytime
10660,10660,Standard,Anytime
10661,10661,Standard,Anytime
10662,10662,Standard,Anytime
10663,10663,Standard,Anytime
10664,10664,Standard,Anytime
10665,10665,Standard,Anytime
10666,10666,Standard,Anytime
10667,10667,Standard,Anytime
10668,10668,Standard,Anytime
10669,10669,Standard,Advance
10670,10670,Standard,Advance
10671,10671,Standard,Anytime
10672,10672,Standard,Advance
10673,10673,Standard,Advance
10674,10674,Standard,Anytime
10675,10675,Standard,Advance
10676,10676,Standard,Anytime
10677,10677,Standard,Anytime
10678,10678,Standard,Advance
10679,10679,Standard,Off-Peak
10680,10680,Standard,Off-Peak
10681,10681,Standard,Off-Peak
10682,10682,Standard,Anytime
10683,10683,Standard,Advance
10684,10684,Standard,Advance
10685,10685,Standard,Off-Peak
10686,10686,Standard,Advance
10687,10687,Standard,Advance
10688,10688,Standard,Advance
10689,10689,Standard,Advance
10690,10690,Standard,Advance
10691,10691,Standard,Advance
10692,10692,Standard,Advance
10693,10693,Standard,Advance
10694,10694,Standard,Advance
10695,10695,Standard,Advance
10696,10696,Standard,Advance
10697,10697,Standard,Advance
10698,10698,Standard,Advance
10699,10699,Standard,Advance
10700,10700,Standard,Advance
10701,10701,Standard,Advance
10702,10702,Standard,Advance
10703,10703,Standard,Advance
10704,10704,Standard,Advance
10705,10705,Standard,Advance
10706,10706,Standard,Advance
10707,10707,Standard,Advance
10708,10708,Standard,Advance
10709,10709,Standard,Advance
10710,10710,Standard,Advance
10711,10711,Standard,Advance
10712,10712,Standard,Advance
10713,10713,Standard,Advance
10714,10714,Standard,Advance
10715,10715,Standard,Advance
10716,10716,Standard,Advance
10717,10717,Standard,Advance
10718,10718,Standard,Advance
10719,10719,Standard,Advance
10720,10720,Standard,Advance
10721,10721,Standard,Advance
10722,10722,Standard,Advance
10723,10723,Standard,Advance
10724,10724,Standard,Advance
10725,10725,Standard,Advance
10726,10726,Standard,Advance
10727,10727,Standard,Advance
10728,10728,Standard,Advance
10729,10729,Standard,Advance
10730,10730,Standard,Advance
10731,10731,Standard,Advance
10732,10732,Standard,Advance
10733,10733,Standard,Advance
10734,10734,Standard,Advance
10735,10735,Standard,Advance
10736,10736,Standard,Advance
10737,10737,Standard,Advance
10738,10738,Standard,Advance
10739,10739,Standard,Off-Peak
10740,10740,Standard,Advance
10741,10741,Standard,Advance
10742,10742,Standard,Advance
10743,10743,Standard,Advance
10744,10744,Standard,Advance
10745,10745,Standard,Advance
10746,10746,Standard,Advance
10747,10747,Standard,Advance
10748,10748,Standard,Advance
10749,10749,Standard,Advance
10750,10750,Standard,Advance
10751,10751,Standard,Advance
10752,10752,Standard,Advance
10753,10753,Standard,Advance
10754,10754,Standard,Advance
10755,10755,Standard,Advance
10756,10756,Standard,Advance
10757,10757,Standard,Advance
10758,10758,Standard,Advance
10759,10759,Standard,Advance
10760,10760,Standard,Advance
10761,10761,Standard,Advance
10762,10762,Standard,Off-Peak
10763,10763,Standard,Advance
10764,10764,Standard,Advance
10765,10765,Standard,Advance
10766,10766,Standard,Advance
10767,10767,Standard,Advance
10768,10768,Standard,Advance
10769,10769,Standard,Advance
10770,10770,Standard,Off-Peak
10771,10771,Standard,Advance
10772,10772,Standard,Advance
10773,10773,Standard,Off-Peak
10774,10774,Standard,Off-Peak
10775,10775,Standard,Advance
10776,10776,Standard,Advance
10777,10777,Standard,Advance
10778,10778,Standard,Off-Peak
10779,10779,Standard,Advance
10780,10780,Standard,Advance
10781,10781,Standard,Advance
10782,10782,Standard,Advance
10783,10783,Standard,Advance
10784,10784,Standard,Advance
10785,10785,Standard,Off-Peak
10786,10786,Standard,Advance
10787,10787,Standard,Advance
10788,10788,Standard,Off-Peak
10789,10789,Standard,Advance
10790,10790,Standard,Off-Peak
10791,10791,Standard,Advance
10792,10792,Standard,Advance
10793,10793,Standard,Off-Peak
10794,10794,Standard,Advance
10795,10795,Standard,Advance
10796,10796,Standard,Advance
10797,10797,Standard,Advance
10798,10798,Standard,Advance
10799,10799,Standard,Advance
10800,10800,Standard,Advance
10801,10801,Standard,Advance
10802,10802,Standard,Advance
10803,10803,Standard,Advance
10804,10804,Standard,Off-Peak
10805,10805,Standard,Advance
10806,10806,Standard,Advance
10807,10807,Standard,Advance
10808,10808,Standard,Off-Peak
10809,10809,Standard,Advance
10810,10810,Standard,Advance
10811,10811,Standard,Off-Peak
10812,10812,Standard,Advance
10813,10813,Standard,Advance
10814,10814,Standard,Advance
10815,10815,Standard,Advance
10816,10816,Standard,Off-Peak
10817,10817,Standard,Advance
10818,10818,Standard,Advance
10819,10819,Standard,Off-Peak
10820,10820,Standard,Anytime
10821,10821,Standard,Anytime
10822,10822,Standard,Advance
10823,10823,Standard,Advance
10824,10824,Standard,Advance
10825,10825,Standard,Advance
10826,10826,Standard,Anytime
10827,10827,Standard,Advance
10828,10828,Standard,Advance
10829,10829,Standard,Anytime
10830,10830,Standard,Anytime
10831,10831,Standard,Anytime
10832,10832,Standard,Anytime
10833,10833,Standard,Advance
10834,10834,Standard,Anytime
10835,10835,Standard,Anytime
10836,10836,Standard,Anytime
10837,10837,Standard,Anytime
10838,10838,Standard,Anytime
10839,10839,Standard,Anytime
10840,10840,Standard,Anytime
10841,10841,Standard,Advance
10842,10842,Standard,Anytime
10843,10843,Standard,Advance
10844,10844,Standard,Advance
10845,10845,Standard,Advance
10846,10846,Standard,Advance
10847,10847,Standard,Anytime
10848,10848,Standard,Advance
10849,10849,Standard,Anytime
10850,10850,Standard,Anytime
10851,10851,Standard,Advance
10852,10852,Standard,Advance
10853,10853,Standard,Anytime
10854,10854,Standard,Advance
10855,10855,Standard,Anytime
10856,10856,Standard,Anytime
10857,10857,Standard,Advance
10858,10858,Standard,Anytime
10859,10859,Standard,Advance
10860,10860,Standard,Anytime
10861,10861,Standard,Advance
10862,10862,Standard,Anytime
10863,10863,Standard,Anytime
10864,10864,Standard,Advance
10865,10865,Standard,Anytime
10866,10866,Standard,Anytime
10867,10867,Standard,Advance
10868,10868,Standard,Advance
10869,10869,Standard,Advance
10870,10870,Standard,Advance
10871,10871,Standard,Advance
10872,10872,Standard,Advance
10873,10873,Standard,Advance
10874,10874,Standard,Advance
10875,10875,Standard,Advance
10876,10876,Standard,Advance
10877,10877,Standard,Advance
10878,10878,Standard,Advance
10879,10879,Standard,Advance
10880,10880,Standard,Advance
10881,10881,Standard,Advance
10882,10882,Standard,Advance
10883,10883,Standard,Advance
10884,10884,Standard,Advance
10885,10885,Standard,Advance
10886,10886,Standard,Off-Peak
10887,10887,Standard,Advance
10888,10888,Standard,Advance
10889,10889,Standard,Advance
10890,10890,Standard,Advance
10891,10891,Standard,Advance
10892,10892,Standard,Advance
10893,10893,Standard,Advance
10894,10894,Standard,Advance
10895,10895,Standard,Advance
10896,10896,Standard,Advance
10897,10897,Standard,Advance
10898,10898,Standard,Advance
10899,10899,Standard,Advance
10900,10900,Standard,Advance
10901,10901,Standard,Advance
10902,10902,Standard,Advance
10903,10903,Standard,Advance
10904,10904,Standard,Advance
10905,10905,Standard,Advance
10906,10906,Standard,Advance
10907,10907,Standard,Advance
10908,10908,Standard,Advance
10909,10909,Standard,Advance
10910,10910,Standard,Advance
10911,10911,Standard,Off-Peak
10912,10912,Standard,Advance
10913,10913,Standard,Advance
10914,10914,Standard,Advance
10915,10915,Standard,Advance
10916,10916,Standard,Advance
10917,10917,Standard,Advance
10918,10918,Standard,Advance
10919,10919,Standard,Advance
10920,10920,Standard,Advance
10921,10921,Standard,Advance
10922,10922,Standard,Advance
10923,10923,Standard,Advance
10924,10924,Standard,Advance
10925,10925,Standard,Advance
10926,10926,Standard,Advance
10927,10927,Standard,Advance
10928,10928,Standard,Advance
10929,10929,Standard,Advance
10930,10930,Standard,Advance
10931,10931,Standard,Advance
10932,10932,Standard,Advance
10933,10933,Standard,Advance
10934,10934,Standard,Advance
10935,10935,Standard,Advance
10936,10936,Standard,Advance
10937,10937,Standard,Advance
10938,10938,Standard,Advance
10939,10939,Standard,Advance
10940,10940,Standard,Advance
10941,10941,Standard,Advance
10942,10942,Standard,Advance
10943,10943,Standard,Advance
10944,10944,Standard,Advance
10945,10945,Standard,Advance
10946,10946,Standard,Advance
10947,10947,Standard,Advance
10948,10948,Standard,Advance
10949,10949,Standard,Advance
10950,10950,Standard,Advance
10951,10951,Standard,Advance
10952,10952,Standard,Off-Peak
10953,10953,Standard,Advance
10954,10954,Standard,Off-Peak
10955,10955,Standard,Advance
10956,10956,Standard,Advance
10957,10957,Standard,Advance
10958,10958,Standard,Advance
10959,10959,Standard,Advance
10960,10960,Standard,Advance
10961,10961,Standard,Advance
10962,10962,Standard,Advance
10963,10963,Standard,Advance
10964,10964,Standard,Advance
10965,10965,Standard,Advance
10966,10966,Standard,Advance
10967,10967,Standard,Advance
10968,10968,Standard,Advance
10969,10969,Standard,Advance
10970,10970,Standard,Advance
10971,10971,Standard,Advance
10972,10972,Standard,Advance
10973,10973,Standard,Advance
10974,10974,Standard,Advance
10975,10975,Standard,Advance
10976,10976,Standard,Advance
10977,10977,Standard,Advance
10978,10978,Standard,Advance
10979,10979,Standard,Advance
10980,10980,Standard,Advance
10981,10981,Standard,Advance
10982,10982,Standard,Advance
10983,10983,Standard,Advance
10984,10984,Standard,Advance
10985,10985,Standard,Advance
10986,10986,Standard,Advance
10987,10987,Standard,Advance
10988,10988,Standard,Off-Peak
10989,10989,Standard,Off-Peak
10990,10990,Standard,Advance
10991,10991,Standard,Advance
10992,10992,Standard,Off-Peak
10993,10993,Standard,Advance
10994,10994,Standard,Advance
10995,10995,Standard,Off-Peak
10996,10996,Standard,Off-Peak
10997,10997,Standard,Advance
10998,10998,Standard,Advance
10999,10999,Standard,Advance
11000,11000,Standard,Advance
11001,11001,Standard,Advance
11002,11002,Standard,Advance
11003,11003,Standard,Advance
11004,11004,Standard,Off-Peak
11005,11005,Standard,Advance
11006,11006,Standard,Off-Peak
11007,11007,Standard,Off-Peak
11008,11008,Standard,Advance
11009,11009,Standard,Off-Peak
11010,11010,Standard,Advance
11011,11011,Standard,Advance
11012,11012,Standard,Advance
11013,11013,Standard,Advance
11014,11014,Standard,Advance
11015,11015,Standard,Advance
11016,11016,Standard,Advance
11017,11017,Standard,Advance
11018,11018,Standard,Advance
11019,11019,Standard,Off-Peak
11020,11020,Standard,Advance
11021,11021,Standard,Off-Peak
11022,11022,Standard,Anytime
11023,11023,Standard,Anytime
11024,11024,Standard,Anytime
11025,11025,Standard,Anytime
11026,11026,Standard,Anytime
11027,11027,Standard,Advance
11028,11028,Standard,Anytime
11029,11029,Standard,Anytime
11030,11030,Standard,Anytime
11031,11031,Standard,Anytime
11032,11032,Standard,Anytime
11033,11033,Standard,Anytime
11034,11034,Standard,Anytime
11035,11035,Standard,Anytime
11036,11036,Standard,Advance
11037,11037,Standard,Advance
11038,11038,Standard,Advance
11039,11039,Standard,Advance
11040,11040,Standard,Advance
11041,11041,Standard,Advance
11042,11042,Standard,Off-Peak
11043,11043,Standard,Advance
11044,11044,Standard,Advance
11045,11045,Standard,Advance
11046,11046,Standard,Advance
11047,11047,Standard,Advance
11048,11048,Standard,Anytime
11049,11049,Standard,Advance
11050,11050,Standard,Anytime
11051,11051,Standard,Advance
11052,11052,Standard,Advance
11053,11053,Standard,Advance
11054,11054,Standard,Anytime
11055,11055,Standard,Anytime
11056,11056,Standard,Anytime
11057,11057,Standard,Anytime
11058,11058,Standard,Advance
11059,11059,Standard,Anytime
11060,11060,Standard,Advance
11061,11061,Standard,Anytime
11062,11062,Standard,Anytime
11063,11063,Standard,Advance
11064,11064,Standard,Advance
11065,11065,Standard,Anytime
11066,11066,Standard,Advance
11067,11067,Standard,Anytime
11068,11068,Standard,Anytime
11069,11069,Standard,Advance
11070,11070,Standard,Anytime
11071,11071,Standard,Anytime
11072,11072,Standard,Anytime
11073,11073,Standard,Anytime
11074,11074,Standard,Off-Peak
11075,11075,Standard,Advance
11076,11076,Standard,Advance
11077,11077,Standard,Advance
11078,11078,Standard,Anytime
11079,11079,Standard,Advance
11080,11080,Standard,Advance
11081,11081,Standard,Advance
11082,11082,Standard,Advance
11083,11083,Standard,Advance
11084,11084,Standard,Advance
11085,11085,Standard,Advance
11086,11086,Standard,Advance
11087,11087,Standard,Advance
11088,11088,Standard,Advance
11089,11089,Standard,Advance
11090,11090,Standard,Advance
11091,11091,Standard,Advance
11092,11092,Standard,Advance
11093,11093,Standard,Advance
11094,11094,Standard,Advance
11095,11095,Standard,Advance
11096,11096,Standard,Advance
11097,11097,Standard,Advance
11098,11098,Standard,Advance
11099,11099,Standard,Advance
11100,11100,Standard,Advance
11101,11101,Standard,Advance
11102,11102,Standard,Advance
11103,11103,Standard,Advance
11104,11104,Standard,Advance
11105,11105,Standard,Advance
11106,11106,Standard,Advance
11107,11107,Standard,Advance
11108,11108,Standard,Advance
11109,11109,Standard,Advance
11110,11110,Standard,Advance
11111,11111,Standard,Advance
11112,11112,Standard,Advance
11113,11113,Standard,Advance
11114,11114,Standard,Advance
11115,11115,Standard,Advance
11116,11116,Standard,Advance
11117,11117,Standard,Advance
11118,11118,Standard,Advance
11119,11119,Standard,Advance
11120,11120,Standard,Advance
11121,11121,Standard,Advance
11122,11122,Standard,Advance
11123,11123,Standard,Advance
11124,11124,Standard,Advance
11125,11125,Standard,Advance
11126,11126,Standard,Advance
11127,11127,Standard,Advance
11128,11128,Standard,Advance
11129,11129,Standard,Advance
11130,11130,Standard,Advance
11131,11131,Standard,Advance
11132,11132,Standard,Advance
11133,11133,Standard,Advance
11134,11134,Standard,Advance
11135,11135,Standard,Advance
11136,11136,Standard,Off-Peak
11137,11137,Standard,Advance
11138,11138,Standard,Advance
11139,11139,Standard,Advance
11140,11140,Standard,Advance
11141,11141,Standard,Advance
11142,11142,Standard,Advance
11143,11143,Standard,Advance
11144,11144,Standard,Advance
11145,11145,Standard,Off-Peak
11146,11146,Standard,Advance
11147,11147,Standard,Advance
11148,11148,Standard,Off-Peak
11149,11149,Standard,Advance
11150,11150,Standard,Advance
11151,11151,Standard,Advance
11152,11152,Standard,Advance
11153,11153,Standard,Advance
11154,11154,Standard,Advance
11155,11155,Standard,Advance
11156,11156,Standard,Advance
11157,11157,Standard,Advance
11158,11158,Standard,Advance
11159,11159,Standard,Advance
11160,11160,Standard,Advance
11161,11161,Standard,Advance
11162,11162,Standard,Advance
11163,11163,Standard,Advance
11164,11164,Standard,Advance
11165,11165,Standard,Advance
11166,11166,Standard,Advance
11167,11167,Standard,Advance
11168,11168,Standard,Advance
11169,11169,Standard,Advance
11170,11170,Standard,Advance
11171,11171,Standard,Advance
11172,11172,Standard,Off-Peak
11173,11173,Standard,Advance
11174,11174,Standard,Advance
11175,11175,Standard,Advance
11176,11176,Standard,Advance
11177,11177,Standard,Off-Peak
11178,11178,Standard,Off-Peak
11179,11179,Standard,Advance
11180,11180,Standard,Advance
11181,11181,Standard,Advance
11182,11182,Standard,Advance
11183,11183,Standard,Advance
11184,11184,Standard,Advance
11185,11185,Standard,Advance
11186,11186,Standard,Advance
11187,11187,Standard,Advance
11188,11188,Standard,Advance
11189,11189,Standard,Advance
11190,11190,Standard,Advance
11191,11191,Standard,Off-Peak
11192,11192,Standard,Advance
11193,11193,Standard,Advance
11194,11194,Standard,Off-Peak
11195,11195,Standard,Off-Peak
11196,11196,Standard,Off-Peak
11197,11197,Standard,Advance
11198,11198,Standard,Off-Peak
11199,11199,Standard,Advance
11200,11200,Standard,Off-Peak
11201,11201,Standard,Advance
11202,11202,Standard,Off-Peak
11203,11203,Standard,Advance
11204,11204,Standard,Advance
11205,11205,Standard,Advance
11206,11206,Standard,Advance
11207,11207,Standard,Advance
11208,11208,Standard,Advance
11209,11209,Standard,Off-Peak
11210,11210,Standard,Advance
11211,11211,Standard,Advance
11212,11212,Standard,Advance
11213,11213,Standard,Advance
11214,11214,Standard,Off-Peak
11215,11215,Standard,Advance
11216,11216,Standard,Advance
11217,11217,Standard,Advance
11218,11218,Standard,Advance
11219,11219,Standard,Advance
11220,11220,Standard,Advance
11221,11221,Standard,Advance
11222,11222,Standard,Off-Peak
11223,11223,Standard,Advance
11224,11224,Standard,Off-Peak
11225,11225,Standard,Anytime
11226,11226,Standard,Advance
11227,11227,Standard,Anytime
11228,11228,Standard,Advance
11229,11229,Standard,Advance
11230,11230,Standard,Advance
11231,11231,Standard,Advance
11232,11232,Standard,Advance
11233,11233,Standard,Advance
11234,11234,Standard,Anytime
11235,11235,Standard,Anytime
11236,11236,Standard,Anytime
11237,11237,Standard,Anytime
11238,11238,Standard,Advance
11239,11239,Standard,Anytime
11240,11240,Standard,Advance
11241,11241,Standard,Anytime
11242,11242,Standard,Advance
11243,11243,Standard,Advance
11244,11244,Standard,Advance
11245,11245,Standard,Advance
11246,11246,Standard,Anytime
11247,11247,Standard,Advance
11248,11248,Standard,Advance
11249,11249,Standard,Anytime
11250,11250,Standard,Anytime
11251,11251,Standard,Advance
11252,11252,Standard,Advance
11253,11253,Standard,Advance
11254,11254,Standard,Anytime
11255,11255,Standard,Advance
11256,11256,Standard,Advance
11257,11257,Standard,Anytime
11258,11258,Standard,Advance
11259,11259,Standard,Anytime
11260,11260,Standard,Advance
11261,11261,Standard,Anytime
11262,11262,Standard,Advance
11263,11263,Standard,Advance
11264,11264,Standard,Anytime
11265,11265,Standard,Advance
11266,11266,Standard,Anytime
11267,11267,Standard,Advance
11268,11268,Standard,Anytime
11269,11269,Standard,Anytime
11270,11270,Standard,Anytime
11271,11271,Standard,Advance
11272,11272,Standard,Anytime
11273,11273,Standard,Anytime
11274,11274,Standard,Anytime
11275,11275,Standard,Advance
11276,11276,Standard,Advance
11277,11277,Standard,Advance
11278,11278,Standard,Advance
11279,11279,Standard,Advance
11280,11280,Standard,Advance
11281,11281,Standard,Advance
11282,11282,Standard,Off-Peak
11283,11283,Standard,Advance
11284,11284,Standard,Advance
11285,11285,Standard,Advance
11286,11286,Standard,Advance
11287,11287,Standard,Advance
11288,11288,Standard,Advance
11289,11289,Standard,Advance
11290,11290,Standard,Advance
11291,11291,Standard,Anytime
11292,11292,Standard,Anytime
11293,11293,Standard,Advance
11294,11294,Standard,Off-Peak
11295,11295,Standard,Anytime
11296,11296,Standard,Off-Peak
11297,11297,Standard,Advance
11298,11298,Standard,Off-Peak
11299,11299,Standard,Advance
11300,11300,Standard,Advance
11301,11301,Standard,Off-Peak
11302,11302,Standard,Advance
11303,11303,Standard,Advance
11304,11304,Standard,Advance
11305,11305,Standard,Advance
11306,11306,Standard,Off-Peak
11307,11307,Standard,Off-Peak
11308,11308,Standard,Advance
11309,11309,Standard,Advance
11310,11310,Standard,Advance
11311,11311,Standard,Advance
11312,11312,Standard,Advance
11313,11313,Standard,Advance
11314,11314,Standard,Advance
11315,11315,Standard,Advance
11316,11316,Standard,Advance
11317,11317,Standard,Advance
11318,11318,Standard,Advance
11319,11319,Standard,Advance
11320,11320,Standard,Advance
11321,11321,Standard,Advance
11322,11322,Standard,Advance
11323,11323,Standard,Advance
11324,11324,Standard,Advance
11325,11325,Standard,Advance
11326,11326,Standard,Advance
11327,11327,Standard,Advance
11328,11328,Standard,Advance
11329,11329,Standard,Advance
11330,11330,Standard,Advance
11331,11331,Standard,Advance
11332,11332,Standard,Advance
11333,11333,Standard,Advance
11334,11334,Standard,Advance
11335,11335,Standard,Advance
11336,11336,Standard,Advance
11337,11337,Standard,Off-Peak
11338,11338,Standard,Advance
11339,11339,Standard,Off-Peak
11340,11340,Standard,Advance
11341,11341,Standard,Advance
11342,11342,Standard,Advance
11343,11343,Standard,Advance
11344,11344,Standard,Advance
11345,11345,Standard,Advance
11346,11346,Standard,Advance
11347,11347,Standard,Advance
11348,11348,Standard,Advance
11349,11349,Standard,Advance
11350,11350,Standard,Advance
11351,11351,Standard,Advance
11352,11352,Standard,Advance
11353,11353,Standard,Advance
11354,11354,Standard,Advance
11355,11355,Standard,Advance
11356,11356,Standard,Advance
11357,11357,Standard,Advance
11358,11358,Standard,Advance
11359,11359,Standard,Advance
11360,11360,Standard,Advance
11361,11361,Standard,Advance
11362,11362,Standard,Advance
11363,11363,Standard,Advance
11364,11364,Standard,Advance
11365,11365,Standard,Advance
11366,11366,Standard,Advance
11367,11367,Standard,Advance
11368,11368,Standard,Advance
11369,11369,Standard,Advance
11370,11370,Standard,Advance
11371,11371,Standard,Advance
11372,11372,Standard,Advance
11373,11373,Standard,Advance
11374,11374,Standard,Off-Peak
11375,11375,Standard,Advance
11376,11376,Standard,Advance
11377,11377,Standard,Advance
11378,11378,Standard,Advance
11379,11379,Standard,Advance
11380,11380,Standard,Advance
11381,11381,Standard,Advance
11382,11382,Standard,Advance
11383,11383,Standard,Advance
11384,11384,Standard,Advance
11385,11385,Standard,Advance
11386,11386,Standard,Advance
11387,11387,Standard,Advance
11388,11388,Standard,Advance
11389,11389,Standard,Advance
11390,11390,Standard,Advance
11391,11391,Standard,Advance
11392,11392,Standard,Advance
11393,11393,Standard,Advance
11394,11394,Standard,Advance
11395,11395,Standard,Advance
11396,11396,Standard,Advance
11397,11397,Standard,Advance
11398,11398,Standard,Advance
11399,11399,Standard,Advance
11400,11400,Standard,Advance
11401,11401,Standard,Off-Peak
11402,11402,Standard,Advance
11403,11403,Standard,Off-Peak
11404,11404,Standard,Advance
11405,11405,Standard,Advance
11406,11406,Standard,Off-Peak
11407,11407,Standard,Advance
11408,11408,Standard,Off-Peak
11409,11409,Standard,Advance
11410,11410,Standard,Off-Peak
11411,11411,Standard,Off-Peak
11412,11412,Standard,Advance
11413,11413,Standard,Advance
11414,11414,Standard,Advance
11415,11415,Standard,Advance
11416,11416,Standard,Off-Peak
11417,11417,Standard,Advance
11418,11418,Standard,Advance
11419,11419,Standard,Advance
11420,11420,Standard,Off-Peak
11421,11421,Standard,Off-Peak
11422,11422,Standard,Off-Peak
11423,11423,Standard,Advance
11424,11424,Standard,Advance
11425,11425,Standard,Advance
11426,11426,Standard,Advance
11427,11427,Standard,Advance
11428,11428,Standard,Advance
11429,11429,Standard,Advance
11430,11430,Standard,Off-Peak
11431,11431,Standard,Advance
11432,11432,Standard,Advance
11433,11433,Standard,Anytime
11434,11434,Standard,Advance
11435,11435,Standard,Anytime
11436,11436,Standard,Anytime
11437,11437,Standard,Anytime
11438,11438,Standard,Anytime
11439,11439,Standard,Advance
11440,11440,Standard,Anytime
11441,11441,Standard,Advance
11442,11442,Standard,Advance
11443,11443,Standard,Advance
11444,11444,Standard,Advance
11445,11445,Standard,Anytime
11446,11446,Standard,Anytime
11447,11447,Standard,Advance
11448,11448,Standard,Anytime
11449,11449,Standard,Anytime
11450,11450,Standard,Advance
11451,11451,Standard,Advance
11452,11452,Standard,Anytime
11453,11453,Standard,Advance
11454,11454,Standard,Advance
11455,11455,Standard,Advance
11456,11456,Standard,Advance
11457,11457,Standard,Anytime
11458,11458,Standard,Advance
11459,11459,Standard,Anytime
11460,11460,Standard,Anytime
11461,11461,Standard,Anytime
11462,11462,Standard,Advance
11463,11463,Standard,Anytime
11464,11464,Standard,Anytime
11465,11465,Standard,Advance
11466,11466,Standard,Anytime
11467,11467,Standard,Advance
11468,11468,Standard,Advance
11469,11469,Standard,Anytime
11470,11470,Standard,Anytime
11471,11471,Standard,Anytime
11472,11472,Standard,Advance
11473,11473,Standard,Anytime
11474,11474,Standard,Anytime
11475,11475,Standard,Anytime
11476,11476,Standard,Off-Peak
11477,11477,Standard,Off-Peak
11478,11478,Standard,Advance
11479,11479,Standard,Advance
11480,11480,Standard,Anytime
11481,11481,Standard,Advance
11482,11482,Standard,Advance
11483,11483,Standard,Advance
11484,11484,Standard,Off-Peak
11485,11485,Standard,Advance
11486,11486,Standard,Advance
11487,11487,Standard,Advance
11488,11488,Standard,Advance
11489,11489,Standard,Advance
11490,11490,Standard,Advance
11491,11491,Standard,Advance
11492,11492,Standard,Advance
11493,11493,Standard,Advance
11494,11494,Standard,Advance
11495,11495,Standard,Advance
11496,11496,Standard,Advance
11497,11497,Standard,Advance
11498,11498,Standard,Advance
11499,11499,Standard,Advance
11500,11500,Standard,Advance
11501,11501,Standard,Advance
11502,11502,Standard,Advance
11503,11503,Standard,Advance
11504,11504,Standard,Advance
11505,11505,Standard,Advance
11506,11506,Standard,Advance
11507,11507,Standard,Advance
11508,11508,Standard,Advance
11509,11509,Standard,Advance
11510,11510,Standard,Advance
11511,11511,Standard,Advance
11512,11512,Standard,Advance
11513,11513,Standard,Advance
11514,11514,Standard,Advance
11515,11515,Standard,Advance
11516,11516,Standard,Advance
11517,11517,Standard,Advance
11518,11518,Standard,Advance
11519,11519,Standard,Off-Peak
11520,11520,Standard,Advance
11521,11521,Standard,Off-Peak
11522,11522,Standard,Advance
11523,11523,Standard,Off-Peak
11524,11524,Standard,Advance
11525,11525,Standard,Off-Peak
11526,11526,Standard,Advance
11527,11527,Standard,Advance
11528,11528,Standard,Advance
11529,11529,Standard,Advance
11530,11530,Standard,Off-Peak
11531,11531,Standard,Advance
11532,11532,Standard,Advance
11533,11533,Standard,Off-Peak
11534,11534,Standard,Advance
11535,11535,Standard,Off-Peak
11536,11536,Standard,Off-Peak
11537,11537,Standard,Advance
11538,11538,Standard,Advance
11539,11539,Standard,Advance
11540,11540,Standard,Advance
11541,11541,Standard,Advance
11542,11542,Standard,Advance
11543,11543,Standard,Off-Peak
11544,11544,Standard,Advance
11545,11545,Standard,Advance
11546,11546,Standard,Advance
11547,11547,Standard,Advance
11548,11548,Standard,Advance
11549,11549,Standard,Advance
11550,11550,Standard,Off-Peak
11551,11551,Standard,Advance
11552,11552,Standard,Advance
11553,11553,Standard,Advance
11554,11554,Standard,Off-Peak
11555,11555,Standard,Advance
11556,11556,Standard,Advance
11557,11557,Standard,Advance
11558,11558,Standard,Advance
11559,11559,Standard,Advance
11560,11560,Standard,Off-Peak
11561,11561,Standard,Advance
11562,11562,Standard,Advance
11563,11563,Standard,Off-Peak
11564,11564,Standard,Off-Peak
11565,11565,Standard,Off-Peak
11566,11566,Standard,Advance
11567,11567,Standard,Advance
11568,11568,Standard,Off-Peak
11569,11569,Standard,Advance
11570,11570,Standard,Advance
11571,11571,Standard,Advance
11572,11572,Standard,Advance
11573,11573,Standard,Advance
11574,11574,Standard,Advance
11575,11575,Standard,Off-Peak
11576,11576,Standard,Advance
11577,11577,Standard,Advance
11578,11578,Standard,Advance
11579,11579,Standard,Off-Peak
11580,11580,Standard,Advance
11581,11581,Standard,Off-Peak
11582,11582,Standard,Advance
11583,11583,Standard,Advance
11584,11584,Standard,Off-Peak
11585,11585,Standard,Off-Peak
11586,11586,Standard,Off-Peak
11587,11587,Standard,Advance
11588,11588,Standard,Advance
11589,11589,Standard,Advance
11590,11590,Standard,Advance
11591,11591,Standard,Off-Peak
11592,11592,Standard,Off-Peak
11593,11593,Standard,Advance
11594,11594,Standard,Off-Peak
11595,11595,Standard,Advance
11596,11596,Standard,Advance
11597,11597,Standard,Off-Peak
11598,11598,Standard,Advance
11599,11599,Standard,Off-Peak
11600,11600,Standard,Advance
11601,11601,Standard,Advance
11602,11602,Standard,Off-Peak
11603,11603,Standard,Off-Peak
11604,11604,Standard,Advance
11605,11605,Standard,Anytime
11606,11606,Standard,Advance
11607,11607,Standard,Anytime
11608,11608,Standard,Anytime
11609,11609,Standard,Advance
11610,11610,Standard,Anytime
11611,11611,Standard,Anytime
11612,11612,Standard,Advance
11613,11613,Standard,Advance
11614,11614,Standard,Anytime
11615,11615,Standard,Anytime
11616,11616,Standard,Anytime
11617,11617,Standard,Advance
11618,11618,Standard,Anytime
11619,11619,Standard,Anytime
11620,11620,Standard,Anytime
11621,11621,Standard,Advance
11622,11622,Standard,Anytime
11623,11623,Standard,Anytime
11624,11624,Standard,Advance
11625,11625,Standard,Anytime
11626,11626,Standard,Advance
11627,11627,Standard,Anytime
11628,11628,Standard,Anytime
11629,11629,Standard,Advance
11630,11630,Standard,Anytime
11631,11631,Standard,Anytime
11632,11632,Standard,Anytime
11633,11633,Standard,Advance
11634,11634,Standard,Advance
11635,11635,Standard,Advance
11636,11636,Standard,Advance
11637,11637,Standard,Anytime
11638,11638,Standard,Advance
11639,11639,Standard,Anytime
11640,11640,Standard,Advance
11641,11641,Standard,Advance
11642,11642,Standard,Advance
11643,11643,Standard,Anytime
11644,11644,Standard,Anytime
11645,11645,Standard,Advance
11646,11646,Standard,Anytime
11647,11647,Standard,Advance
11648,11648,Standard,Anytime
11649,11649,Standard,Advance
11650,11650,Standard,Anytime
11651,11651,Standard,Advance
11652,11652,Standard,Anytime
11653,11653,Standard,Anytime
11654,11654,Standard,Anytime
11655,11655,Standard,Advance
11656,11656,Standard,Advance
11657,11657,Standard,Advance
11658,11658,Standard,Advance
11659,11659,Standard,Advance
11660,11660,Standard,Advance
11661,11661,Standard,Advance
11662,11662,Standard,Advance
11663,11663,Standard,Advance
11664,11664,Standard,Advance
11665,11665,Standard,Advance
11666,11666,Standard,Advance
11667,11667,Standard,Advance
11668,11668,Standard,Advance
11669,11669,Standard,Advance
11670,11670,Standard,Advance
11671,11671,Standard,Advance
11672,11672,Standard,Advance
11673,11673,Standard,Advance
11674,11674,Standard,Advance
11675,11675,Standard,Advance
11676,11676,Standard,Advance
11677,11677,Standard,Advance
11678,11678,Standard,Advance
11679,11679,Standard,Advance
11680,11680,Standard,Advance
11681,11681,Standard,Advance
11682,11682,Standard,Advance
11683,11683,Standard,Advance
11684,11684,Standard,Off-Peak
11685,11685,Standard,Advance
11686,11686,Standard,Off-Peak
11687,11687,Standard,Off-Peak
11688,11688,Standard,Off-Peak
11689,11689,Standard,Advance
11690,11690,Standard,Off-Peak
11691,11691,Standard,Advance
11692,11692,Standard,Advance
11693,11693,Standard,Advance
11694,11694,Standard,Advance
11695,11695,Standard,Advance
11696,11696,Standard,Advance
11697,11697,Standard,Advance
11698,11698,Standard,Advance
11699,11699,Standard,Advance
11700,11700,Standard,Advance
11701,11701,Standard,Advance
11702,11702,Standard,Advance
11703,11703,Standard,Advance
11704,11704,Standard,Advance
11705,11705,Standard,Advance
11706,11706,Standard,Advance
11707,11707,Standard,Off-Peak
11708,11708,Standard,Advance
11709,11709,Standard,Advance
11710,11710,Standard,Advance
11711,11711,Standard,Advance
11712,11712,Standard,Advance
11713,11713,Standard,Advance
11714,11714,Standard,Advance
11715,11715,Standard,Advance
11716,11716,Standard,Advance
11717,11717,Standard,Advance
11718,11718,Standard,Advance
11719,11719,Standard,Advance
11720,11720,Standard,Advance
11721,11721,Standard,Advance
11722,11722,Standard,Advance
11723,11723,Standard,Advance
11724,11724,Standard,Advance
11725,11725,Standard,Advance
11726,11726,Standard,Advance
11727,11727,Standard,Advance
11728,11728,Standard,Advance
11729,11729,Standard,Advance
11730,11730,Standard,Advance
11731,11731,Standard,Advance
11732,11732,Standard,Advance
11733,11733,Standard,Advance
11734,11734,Standard,Advance
11735,11735,Standard,Advance
11736,11736,Standard,Advance
11737,11737,Standard,Advance
11738,11738,Standard,Advance
11739,11739,Standard,Off-Peak
11740,11740,Standard,Off-Peak
11741,11741,Standard,Advance
11742,11742,Standard,Advance
11743,11743,Standard,Advance
11744,11744,Standard,Advance
11745,11745,Standard,Advance
11746,11746,Standard,Advance
11747,11747,Standard,Advance
11748,11748,Standard,Advance
11749,11749,Standard,Advance
11750,11750,Standard,Advance
11751,11751,Standard,Advance
11752,11752,Standard,Advance
11753,11753,Standard,Advance
11754,11754,Standard,Advance
11755,11755,Standard,Advance
11756,11756,Standard,Advance
11757,11757,Standard,Advance
11758,11758,Standard,Advance
11759,11759,Standard,Advance
11760,11760,Standard,Advance
11761,11761,Standard,Advance
11762,11762,Standard,Advance
11763,11763,Standard,Advance
11764,11764,Standard,Advance
11765,11765,Standard,Advance
11766,11766,Standard,Advance
11767,11767,Standard,Advance
11768,11768,Standard,Advance
11769,11769,Standard,Advance
11770,11770,Standard,Advance
11771,11771,Standard,Advance
11772,11772,Standard,Advance
11773,11773,Standard,Advance
11774,11774,Standard,Advance
11775,11775,Standard,Off-Peak
11776,11776,Standard,Advance
11777,11777,Standard,Off-Peak
11778,11778,Standard,Off-Peak
11779,11779,Standard,Off-Peak
11780,11780,Standard,Off-Peak
11781,11781,Standard,Advance
11782,11782,Standard,Off-Peak
11783,11783,Standard,Advance
11784,11784,Standard,Advance
11785,11785,Standard,Off-Peak
11786,11786,Standard,Advance
11787,11787,Standard,Off-Peak
11788,11788,Standard,Advance
11789,11789,Standard,Advance
11790,11790,Standard,Advance
11791,11791,Standard,Advance
11792,11792,Standard,Advance
11793,11793,Standard,Advance
11794,11794,Standard,Advance
11795,11795,Standard,Advance
11796,11796,Standard,Advance
11797,11797,Standard,Off-Peak
11798,11798,Standard,Off-Peak
11799,11799,Standard,Off-Peak
11800,11800,Standard,Off-Peak
11801,11801,Standard,Off-Peak
11802,11802,Standard,Off-Peak
11803,11803,Standard,Off-Peak
11804,11804,Standard,Off-Peak
11805,11805,Standard,Off-Peak
11806,11806,Standard,Advance
11807,11807,Standard,Advance
11808,11808,Standard,Advance
11809,11809,Standard,Advance
11810,11810,Standard,Advance
11811,11811,Standard,Advance
11812,11812,Standard,Advance
11813,11813,Standard,Advance
11814,11814,Standard,Advance
11815,11815,Standard,Advance
11816,11816,Standard,Advance
11817,11817,Standard,Advance
11818,11818,Standard,Anytime
11819,11819,Standard,Anytime
11820,11820,Standard,Advance
11821,11821,Standard,Anytime
11822,11822,Standard,Anytime
11823,11823,Standard,Advance
11824,11824,Standard,Anytime
11825,11825,Standard,Anytime
11826,11826,Standard,Advance
11827,11827,Standard,Anytime
11828,11828,Standard,Advance
11829,11829,Standard,Anytime
11830,11830,Standard,Advance
11831,11831,Standard,Anytime
11832,11832,Standard,Anytime
11833,11833,Standard,Anytime
11834,11834,Standard,Anytime
11835,11835,Standard,Advance
11836,11836,Standard,Off-Peak
11837,11837,Standard,Advance
11838,11838,Standard,Anytime
11839,11839,Standard,Advance
11840,11840,Standard,Advance
11841,11841,Standard,Advance
11842,11842,Standard,Anytime
11843,11843,Standard,Anytime
11844,11844,Standard,Advance
11845,11845,Standard,Advance
11846,11846,Standard,Advance
11847,11847,Standard,Anytime
11848,11848,Standard,Advance
11849,11849,Standard,Advance
11850,11850,Standard,Advance
11851,11851,Standard,Anytime
11852,11852,Standard,Advance
11853,11853,Standard,Anytime
11854,11854,Standard,Anytime
11855,11855,Standard,Anytime
11856,11856,Standard,Advance
11857,11857,Standard,Anytime
11858,11858,Standard,Anytime
11859,11859,Standard,Anytime
11860,11860,Standard,Advance
11861,11861,Standard,Advance
11862,11862,Standard,Anytime
11863,11863,Standard,Advance
11864,11864,Standard,Advance
11865,11865,Standard,Off-Peak
11866,11866,Standard,Advance
11867,11867,Standard,Off-Peak
11868,11868,Standard,Advance
11869,11869,Standard,Off-Peak
11870,11870,Standard,Advance
11871,11871,Standard,Advance
11872,11872,Standard,Off-Peak
11873,11873,Standard,Advance
11874,11874,Standard,Advance
11875,11875,Standard,Off-Peak
11876,11876,Standard,Off-Peak
11877,11877,Standard,Advance
11878,11878,Standard,Advance
11879,11879,Standard,Advance
11880,11880,Standard,Advance
11881,11881,Standard,Advance
11882,11882,Standard,Advance
11883,11883,Standard,Advance
11884,11884,Standard,Advance
11885,11885,Standard,Advance
11886,11886,Standard,Advance
11887,11887,Standard,Advance
11888,11888,Standard,Advance
11889,11889,Standard,Advance
11890,11890,Standard,Advance
11891,11891,Standard,Advance
11892,11892,Standard,Advance
11893,11893,Standard,Advance
11894,11894,Standard,Advance
11895,11895,Standard,Advance
11896,11896,Standard,Advance
11897,11897,Standard,Advance
11898,11898,Standard,Advance
11899,11899,Standard,Advance
11900,11900,Standard,Advance
11901,11901,Standard,Advance
11902,11902,Standard,Advance
11903,11903,Standard,Advance
11904,11904,Standard,Advance
11905,11905,Standard,Advance
11906,11906,Standard,Advance
11907,11907,Standard,Advance
11908,11908,Standard,Advance
11909,11909,Standard,Advance
11910,11910,Standard,Advance
11911,11911,Standard,Advance
11912,11912,Standard,Advance
11913,11913,Standard,Advance
11914,11914,Standard,Advance
11915,11915,Standard,Advance
11916,11916,Standard,Advance
11917,11917,Standard,Advance
11918,11918,Standard,Advance
11919,11919,Standard,Advance
11920,11920,Standard,Advance
11921,11921,Standard,Advance
11922,11922,Standard,Advance
11923,11923,Standard,Advance
11924,11924,Standard,Advance
11925,11925,Standard,Advance
11926,11926,Standard,Advance
11927,11927,Standard,Advance
11928,11928,Standard,Advance
11929,11929,Standard,Advance
11930,11930,Standard,Advance
11931,11931,Standard,Off-Peak
11932,11932,Standard,Advance
11933,11933,Standard,Advance
11934,11934,Standard,Advance
11935,11935,Standard,Advance
11936,11936,Standard,Advance
11937,11937,Standard,Off-Peak
11938,11938,Standard,Advance
11939,11939,Standard,Advance
11940,11940,Standard,Advance
11941,11941,Standard,Advance
11942,11942,Standard,Advance
11943,11943,Standard,Advance
11944,11944,Standard,Advance
11945,11945,Standard,Advance
11946,11946,Standard,Advance
11947,11947,Standard,Advance
11948,11948,Standard,Off-Peak
11949,11949,Standard,Off-Peak
11950,11950,Standard,Advance
11951,11951,Standard,Advance
11952,11952,Standard,Advance
11953,11953,Standard,Off-Peak
11954,11954,Standard,Off-Peak
11955,11955,Standard,Advance
11956,11956,Standard,Off-Peak
11957,11957,Standard,Off-Peak
11958,11958,Standard,Advance
11959,11959,Standard,Advance
11960,11960,Standard,Advance
11961,11961,Standard,Advance
11962,11962,Standard,Advance
11963,11963,Standard,Advance
11964,11964,Standard,Advance
11965,11965,Standard,Advance
11966,11966,Standard,Off-Peak
11967,11967,Standard,Off-Peak
11968,11968,Standard,Advance
11969,11969,Standard,Advance
11970,11970,Standard,Advance
11971,11971,Standard,Advance
11972,11972,Standard,Advance
11973,11973,Standard,Off-Peak
11974,11974,Standard,Advance
11975,11975,Standard,Advance
11976,11976,Standard,Advance
11977,11977,Standard,Advance
11978,11978,Standard,Off-Peak
11979,11979,Standard,Off-Peak
11980,11980,Standard,Advance
11981,11981,Standard,Advance
11982,11982,Standard,Advance
11983,11983,Standard,Advance
11984,11984,Standard,Advance
11985,11985,Standard,Advance
11986,11986,Standard,Advance
11987,11987,Standard,Off-Peak
11988,11988,Standard,Off-Peak
11989,11989,Standard,Advance
11990,11990,Standard,Advance
11991,11991,Standard,Advance
11992,11992,Standard,Advance
11993,11993,Standard,Advance
11994,11994,Standard,Advance
11995,11995,Standard,Advance
11996,11996,Standard,Advance
11997,11997,Standard,Off-Peak
11998,11998,Standard,Advance
11999,11999,Standard,Advance
12000,12000,Standard,Off-Peak
12001,12001,Standard,Off-Peak
12002,12002,Standard,Advance
12003,12003,Standard,Advance
12004,12004,Standard,Advance
12005,12005,Standard,Off-Peak
12006,12006,Standard,Anytime
12007,12007,Standard,Advance
12008,12008,Standard,Anytime
12009,12009,Standard,Anytime
12010,12010,Standard,Advance
12011,12011,Standard,Advance
12012,12012,Standard,Advance
12013,12013,Standard,Anytime
12014,12014,Standard,Anytime
12015,12015,Standard,Advance
12016,12016,Standard,Advance
12017,12017,Standard,Advance
12018,12018,Standard,Advance
12019,12019,Standard,Advance
12020,12020,Standard,Advance
12021,12021,Standard,Anytime
12022,12022,Standard,Advance
12023,12023,Standard,Advance
12024,12024,Standard,Advance
12025,12025,Standard,Anytime
12026,12026,Standard,Advance
12027,12027,Standard,Anytime
12028,12028,Standard,Anytime
12029,12029,Standard,Advance
12030,12030,Standard,Advance
12031,12031,Standard,Anytime
12032,12032,Standard,Anytime
12033,12033,Standard,Anytime
12034,12034,Standard,Advance
12035,12035,Standard,Advance
12036,12036,Standard,Advance
12037,12037,Standard,Advance
12038,12038,Standard,Advance
12039,12039,Standard,Advance
12040,12040,Standard,Advance
12041,12041,Standard,Advance
12042,12042,Standard,Advance
12043,12043,Standard,Anytime
12044,12044,Standard,Anytime
12045,12045,Standard,Anytime
12046,12046,Standard,Anytime
12047,12047,Standard,Advance
12048,12048,Standard,Anytime
12049,12049,Standard,Anytime
12050,12050,Standard,Anytime
12051,12051,Standard,Advance
12052,12052,Standard,Advance
12053,12053,Standard,Advance
12054,12054,Standard,Advance
12055,12055,Standard,Advance
12056,12056,Standard,Advance
12057,12057,Standard,Off-Peak
12058,12058,Standard,Advance
12059,12059,Standard,Advance
12060,12060,Standard,Advance
12061,12061,Standard,Advance
12062,12062,Standard,Advance
12063,12063,Standard,Advance
12064,12064,Standard,Advance
12065,12065,Standard,Advance
12066,12066,Standard,Advance
12067,12067,Standard,Off-Peak
12068,12068,Standard,Advance
12069,12069,Standard,Advance
12070,12070,Standard,Off-Peak
12071,12071,Standard,Advance
12072,12072,Standard,Advance
12073,12073,Standard,Anytime
12074,12074,Standard,Anytime
12075,12075,Standard,Off-Peak
12076,12076,Standard,Off-Peak
12077,12077,Standard,Advance
12078,12078,Standard,Advance
12079,12079,Standard,Advance
12080,12080,Standard,Off-Peak
12081,12081,Standard,Advance
12082,12082,Standard,Advance
12083,12083,Standard,Off-Peak
12084,12084,Standard,Advance
12085,12085,Standard,Advance
12086,12086,Standard,Advance
12087,12087,Standard,Advance
12088,12088,Standard,Advance
12089,12089,Standard,Advance
12090,12090,Standard,Advance
12091,12091,Standard,Advance
12092,12092,Standard,Advance
12093,12093,Standard,Advance
12094,12094,Standard,Advance
12095,12095,Standard,Advance
12096,12096,Standard,Advance
12097,12097,Standard,Advance
12098,12098,Standard,Advance
12099,12099,Standard,Advance
12100,12100,Standard,Advance
12101,12101,Standard,Advance
12102,12102,Standard,Advance
12103,12103,Standard,Advance
12104,12104,Standard,Advance
12105,12105,Standard,Off-Peak
12106,12106,Standard,Advance
12107,12107,Standard,Advance
12108,12108,Standard,Off-Peak
12109,12109,Standard,Advance
12110,12110,Standard,Off-Peak
12111,12111,Standard,Advance
12112,12112,Standard,Off-Peak
12113,12113,Standard,Advance
12114,12114,Standard,Advance
12115,12115,Standard,Advance
12116,12116,Standard,Advance
12117,12117,Standard,Advance
12118,12118,Standard,Advance
12119,12119,Standard,Advance
12120,12120,Standard,Advance
12121,12121,Standard,Advance
12122,12122,Standard,Advance
12123,12123,Standard,Advance
12124,12124,Standard,Advance
12125,12125,Standard,Advance
12126,12126,Standard,Advance
12127,12127,Standard,Advance
12128,12128,Standard,Advance
12129,12129,Standard,Advance
12130,12130,Standard,Advance
12131,12131,Standard,Advance
12132,12132,Standard,Advance
12133,12133,Standard,Advance
12134,12134,Standard,Advance
12135,12135,Standard,Advance
12136,12136,Standard,Advance
12137,12137,Standard,Off-Peak
12138,12138,Standard,Advance
12139,12139,Standard,Off-Peak
12140,12140,Standard,Off-Peak
12141,12141,Standard,Advance
12142,12142,Standard,Advance
12143,12143,Standard,Advance
12144,12144,Standard,Advance
12145,12145,Standard,Advance
12146,12146,Standard,Advance
12147,12147,Standard,Advance
12148,12148,Standard,Advance
12149,12149,Standard,Advance
12150,12150,Standard,Advance
12151,12151,Standard,Advance
12152,12152,Standard,Advance
12153,12153,Standard,Advance
12154,12154,Standard,Advance
12155,12155,Standard,Advance
12156,12156,Standard,Advance
12157,12157,Standard,Advance
12158,12158,Standard,Advance
12159,12159,Standard,Advance
12160,12160,Standard,Advance
12161,12161,Standard,Advance
12162,12162,Standard,Advance
12163,12163,Standard,Advance
12164,12164,Standard,Advance
12165,12165,Standard,Advance
12166,12166,Standard,Advance
12167,12167,Standard,Advance
12168,12168,Standard,Advance
12169,12169,Standard,Off-Peak
12170,12170,Standard,Advance
12171,12171,Standard,Advance
12172,12172,Standard,Off-Peak
12173,12173,Standard,Advance
12174,12174,Standard,Advance
12175,12175,Standard,Off-Peak
12176,12176,Standard,Off-Peak
12177,12177,Standard,Advance
12178,12178,Standard,Off-Peak
12179,12179,Standard,Advance
12180,12180,Standard,Off-Peak
12181,12181,Standard,Off-Peak
12182,12182,Standard,Advance
12183,12183,Standard,Advance
12184,12184,Standard,Off-Peak
12185,12185,Standard,Off-Peak
12186,12186,Standard,Advance
12187,12187,Standard,Advance
12188,12188,Standard,Advance
12189,12189,Standard,Advance
12190,12190,Standard,Off-Peak
12191,12191,Standard,Off-Peak
12192,12192,Standard,Advance
12193,12193,Standard,Off-Peak
12194,12194,Standard,Off-Peak
12195,12195,Standard,Advance
12196,12196,Standard,Advance
12197,12197,Standard,Advance
12198,12198,Standard,Off-Peak
12199,12199,Standard,Advance
12200,12200,Standard,Advance
12201,12201,Standard,Advance
12202,12202,Standard,Advance
12203,12203,Standard,Advance
12204,12204,Standard,Advance
12205,12205,Standard,Advance
12206,12206,Standard,Off-Peak
12207,12207,Standard,Off-Peak
12208,12208,Standard,Advance
12209,12209,Standard,Off-Peak
12210,12210,Standard,Off-Peak
12211,12211,Standard,Off-Peak
12212,12212,Standard,Off-Peak
12213,12213,Standard,Off-Peak
12214,12214,Standard,Off-Peak
12215,12215,Standard,Off-Peak
12216,12216,Standard,Advance
12217,12217,Standard,Off-Peak
12218,12218,Standard,Advance
12219,12219,Standard,Advance
12220,12220,Standard,Advance
12221,12221,Standard,Advance
12222,12222,Standard,Advance
12223,12223,Standard,Advance
12224,12224,Standard,Advance
12225,12225,Standard,Advance
12226,12226,Standard,Advance
12227,12227,Standard,Off-Peak
12228,12228,Standard,Advance
12229,12229,Standard,Off-Peak
12230,12230,Standard,Off-Peak
12231,12231,Standard,Advance
12232,12232,Standard,Off-Peak
12233,12233,Standard,Advance
12234,12234,Standard,Advance
12235,12235,Standard,Advance
12236,12236,Standard,Off-Peak
12237,12237,Standard,Off-Peak
12238,12238,Standard,Advance
12239,12239,Standard,Advance
12240,12240,Standard,Off-Peak
12241,12241,Standard,Advance
12242,12242,Standard,Off-Peak
12243,12243,Standard,Advance
12244,12244,Standard,Off-Peak
12245,12245,Standard,Off-Peak
12246,12246,Standard,Off-Peak
12247,12247,Standard,Off-Peak
12248,12248,Standard,Off-Peak
12249,12249,Standard,Off-Peak
12250,12250,Standard,Advance
12251,12251,Standard,Off-Peak
12252,12252,Standard,Advance
12253,12253,Standard,Advance
12254,12254,Standard,Off-Peak
12255,12255,Standard,Advance
12256,12256,Standard,Advance
12257,12257,Standard,Advance
12258,12258,Standard,Advance
12259,12259,Standard,Advance
12260,12260,Standard,Advance
12261,12261,Standard,Advance
12262,12262,Standard,Advance
12263,12263,Standard,Advance
12264,12264,Standard,Advance
12265,12265,Standard,Advance
12266,12266,Standard,Advance
12267,12267,Standard,Advance
12268,12268,Standard,Advance
12269,12269,Standard,Advance
12270,12270,Standard,Advance
12271,12271,Standard,Advance
12272,12272,Standard,Advance
12273,12273,Standard,Advance
12274,12274,Standard,Advance
12275,12275,Standard,Advance
12276,12276,Standard,Advance
12277,12277,Standard,Advance
12278,12278,Standard,Advance
12279,12279,Standard,Advance
12280,12280,Standard,Advance
12281,12281,Standard,Advance
12282,12282,Standard,Advance
12283,12283,Standard,Advance
12284,12284,Standard,Advance
12285,12285,Standard,Advance
12286,12286,Standard,Advance
12287,12287,Standard,Advance
12288,12288,Standard,Advance
12289,12289,Standard,Advance
12290,12290,Standard,Advance
12291,12291,Standard,Advance
12292,12292,Standard,Advance
12293,12293,Standard,Advance
12294,12294,Standard,Advance
12295,12295,Standard,Advance
12296,12296,Standard,Advance
12297,12297,Standard,Advance
12298,12298,Standard,Off-Peak
12299,12299,Standard,Advance
12300,12300,Standard,Advance
12301,12301,Standard,Advance
12302,12302,Standard,Off-Peak
12303,12303,Standard,Off-Peak
12304,12304,Standard,Off-Peak
12305,12305,Standard,Advance
12306,12306,Standard,Advance
12307,12307,Standard,Advance
12308,12308,Standard,Advance
12309,12309,Standard,Advance
12310,12310,Standard,Advance
12311,12311,Standard,Advance
12312,12312,Standard,Advance
12313,12313,Standard,Advance
12314,12314,Standard,Advance
12315,12315,Standard,Advance
12316,12316,Standard,Advance
12317,12317,Standard,Advance
12318,12318,Standard,Advance
12319,12319,Standard,Advance
12320,12320,Standard,Advance
12321,12321,Standard,Advance
12322,12322,Standard,Off-Peak
12323,12323,Standard,Advance
12324,12324,Standard,Advance
12325,12325,Standard,Advance
12326,12326,Standard,Off-Peak
12327,12327,Standard,Advance
12328,12328,Standard,Advance
12329,12329,Standard,Advance
12330,12330,Standard,Advance
12331,12331,Standard,Advance
12332,12332,Standard,Advance
12333,12333,Standard,Advance
12334,12334,Standard,Off-Peak
12335,12335,Standard,Advance
12336,12336,Standard,Advance
12337,12337,Standard,Off-Peak
12338,12338,Standard,Off-Peak
12339,12339,Standard,Advance
12340,12340,Standard,Off-Peak
12341,12341,Standard,Off-Peak
12342,12342,Standard,Off-Peak
12343,12343,Standard,Off-Peak
12344,12344,Standard,Advance
12345,12345,Standard,Advance
12346,12346,Standard,Advance
12347,12347,Standard,Advance
12348,12348,Standard,Advance
12349,12349,Standard,Advance
12350,12350,Standard,Advance
12351,12351,Standard,Advance
12352,12352,Standard,Advance
12353,12353,Standard,Advance
12354,12354,Standard,Advance
12355,12355,Standard,Off-Peak
12356,12356,Standard,Advance
12357,12357,Standard,Advance
12358,12358,Standard,Off-Peak
12359,12359,Standard,Advance
12360,12360,Standard,Advance
12361,12361,Standard,Advance
12362,12362,Standard,Advance
12363,12363,Standard,Advance
12364,12364,Standard,Advance
12365,12365,Standard,Advance
12366,12366,Standard,Advance
12367,12367,Standard,Advance
12368,12368,Standard,Advance
12369,12369,Standard,Advance
12370,12370,Standard,Advance
12371,12371,Standard,Advance
12372,12372,Standard,Advance
12373,12373,Standard,Advance
12374,12374,Standard,Off-Peak
12375,12375,Standard,Off-Peak
12376,12376,Standard,Advance
12377,12377,Standard,Off-Peak
12378,12378,Standard,Off-Peak
12379,12379,Standard,Off-Peak
12380,12380,Standard,Off-Peak
12381,12381,Standard,Off-Peak
12382,12382,Standard,Off-Peak
12383,12383,Standard,Off-Peak
12384,12384,Standard,Off-Peak
12385,12385,Standard,Advance
12386,12386,Standard,Advance
12387,12387,Standard,Off-Peak
12388,12388,Standard,Advance
12389,12389,Standard,Advance
12390,12390,Standard,Advance
12391,12391,Standard,Off-Peak
12392,12392,Standard,Advance
12393,12393,Standard,Advance
12394,12394,Standard,Advance
12395,12395,Standard,Advance
12396,12396,Standard,Advance
12397,12397,Standard,Off-Peak
12398,12398,Standard,Off-Peak
12399,12399,Standard,Advance
12400,12400,Standard,Advance
12401,12401,Standard,Advance
12402,12402,Standard,Off-Peak
12403,12403,Standard,Off-Peak
12404,12404,Standard,Off-Peak
12405,12405,Standard,Off-Peak
12406,12406,Standard,Advance
12407,12407,Standard,Advance
12408,12408,Standard,Advance
12409,12409,Standard,Advance
12410,12410,Standard,Off-Peak
12411,12411,Standard,Off-Peak
12412,12412,Standard,Advance
12413,12413,Standard,Advance
12414,12414,Standard,Off-Peak
12415,12415,Standard,Off-Peak
12416,12416,Standard,Off-Peak
12417,12417,Standard,Off-Peak
12418,12418,Standard,Off-Peak
12419,12419,Standard,Off-Peak
12420,12420,Standard,Off-Peak
12421,12421,Standard,Advance
12422,12422,Standard,Off-Peak
12423,12423,Standard,Off-Peak
12424,12424,Standard,Off-Peak
12425,12425,Standard,Advance
12426,12426,Standard,Advance
12427,12427,Standard,Advance
12428,12428,Standard,Advance
12429,12429,Standard,Advance
12430,12430,Standard,Advance
12431,12431,Standard,Advance
12432,12432,Standard,Advance
12433,12433,Standard,Advance
12434,12434,Standard,Advance
12435,12435,Standard,Advance
12436,12436,Standard,Advance
12437,12437,Standard,Advance
12438,12438,Standard,Advance
12439,12439,Standard,Advance
12440,12440,Standard,Off-Peak
12441,12441,Standard,Advance
12442,12442,Standard,Advance
12443,12443,Standard,Advance
12444,12444,Standard,Advance
12445,12445,Standard,Advance
12446,12446,Standard,Advance
12447,12447,Standard,Advance
12448,12448,Standard,Advance
12449,12449,Standard,Advance
12450,12450,Standard,Advance
12451,12451,Standard,Advance
12452,12452,Standard,Advance
12453,12453,Standard,Off-Peak
12454,12454,Standard,Advance
12455,12455,Standard,Advance
12456,12456,Standard,Off-Peak
12457,12457,Standard,Advance
12458,12458,Standard,Advance
12459,12459,Standard,Advance
12460,12460,Standard,Advance
12461,12461,Standard,Advance
12462,12462,Standard,Advance
12463,12463,Standard,Advance
12464,12464,Standard,Advance
12465,12465,Standard,Advance
12466,12466,Standard,Advance
12467,12467,Standard,Advance
12468,12468,Standard,Off-Peak
12469,12469,Standard,Advance
12470,12470,Standard,Advance
12471,12471,Standard,Advance
12472,12472,Standard,Advance
12473,12473,Standard,Advance
12474,12474,Standard,Advance
12475,12475,Standard,Advance
12476,12476,Standard,Advance
12477,12477,Standard,Advance
12478,12478,Standard,Advance
12479,12479,Standard,Advance
12480,12480,Standard,Advance
12481,12481,Standard,Advance
12482,12482,Standard,Advance
12483,12483,Standard,Advance
12484,12484,Standard,Advance
12485,12485,Standard,Advance
12486,12486,Standard,Advance
12487,12487,Standard,Advance
12488,12488,Standard,Off-Peak
12489,12489,Standard,Advance
12490,12490,Standard,Advance
12491,12491,Standard,Advance
12492,12492,Standard,Advance
12493,12493,Standard,Advance
12494,12494,Standard,Advance
12495,12495,Standard,Advance
12496,12496,Standard,Advance
12497,12497,Standard,Advance
12498,12498,Standard,Advance
12499,12499,Standard,Advance
12500,12500,Standard,Advance
12501,12501,Standard,Advance
12502,12502,Standard,Advance
12503,12503,Standard,Advance
12504,12504,Standard,Advance
12505,12505,Standard,Advance
12506,12506,Standard,Advance
12507,12507,Standard,Advance
12508,12508,Standard,Advance
12509,12509,Standard,Advance
12510,12510,Standard,Advance
12511,12511,Standard,Off-Peak
12512,12512,Standard,Advance
12513,12513,Standard,Off-Peak
12514,12514,Standard,Advance
12515,12515,Standard,Off-Peak
12516,12516,Standard,Off-Peak
12517,12517,Standard,Off-Peak
12518,12518,Standard,Advance
12519,12519,Standard,Off-Peak
12520,12520,Standard,Advance
12521,12521,Standard,Off-Peak
12522,12522,Standard,Advance
12523,12523,Standard,Off-Peak
12524,12524,Standard,Advance
12525,12525,Standard,Advance
12526,12526,Standard,Advance
12527,12527,Standard,Advance
12528,12528,Standard,Advance
12529,12529,Standard,Advance
12530,12530,Standard,Off-Peak
12531,12531,Standard,Advance
12532,12532,Standard,Off-Peak
12533,12533,Standard,Off-Peak
12534,12534,Standard,Off-Peak
12535,12535,Standard,Advance
12536,12536,Standard,Advance
12537,12537,Standard,Advance
12538,12538,Standard,Advance
12539,12539,Standard,Advance
12540,12540,Standard,Advance
12541,12541,Standard,Advance
12542,12542,Standard,Off-Peak
12543,12543,Standard,Advance
12544,12544,Standard,Advance
12545,12545,Standard,Advance
12546,12546,Standard,Advance
12547,12547,Standard,Advance
12548,12548,Standard,Advance
12549,12549,Standard,Off-Peak
12550,12550,Standard,Advance
12551,12551,Standard,Off-Peak
12552,12552,Standard,Off-Peak
12553,12553,Standard,Advance
12554,12554,Standard,Off-Peak
12555,12555,Standard,Off-Peak
12556,12556,Standard,Off-Peak
12557,12557,Standard,Off-Peak
12558,12558,Standard,Off-Peak
12559,12559,Standard,Advance
12560,12560,Standard,Advance
12561,12561,Standard,Off-Peak
12562,12562,Standard,Off-Peak
12563,12563,Standard,Off-Peak
12564,12564,Standard,Advance
12565,12565,Standard,Off-Peak
12566,12566,Standard,Off-Peak
12567,12567,Standard,Off-Peak
12568,12568,Standard,Advance
12569,12569,Standard,Off-Peak
12570,12570,Standard,Advance
12571,12571,Standard,Off-Peak
12572,12572,Standard,Advance
12573,12573,Standard,Advance
12574,12574,Standard,Off-Peak
12575,12575,Standard,Off-Peak
12576,12576,Standard,Advance
12577,12577,Standard,Advance
12578,12578,Standard,Advance
12579,12579,Standard,Advance
12580,12580,Standard,Advance
12581,12581,Standard,Advance
12582,12582,Standard,Off-Peak
12583,12583,Standard,Off-Peak
12584,12584,Standard,Off-Peak
12585,12585,Standard,Off-Peak
12586,12586,Standard,Off-Peak
12587,12587,Standard,Off-Peak
12588,12588,Standard,Advance
12589,12589,Standard,Advance
12590,12590,Standard,Advance
12591,12591,Standard,Advance
12592,12592,Standard,Advance
12593,12593,Standard,Advance
12594,12594,Standard,Advance
12595,12595,Standard,Advance
12596,12596,Standard,Advance
12597,12597,Standard,Advance
12598,12598,Standard,Advance
12599,12599,Standard,Advance
12600,12600,Standard,Advance
12601,12601,Standard,Advance
12602,12602,Standard,Advance
12603,12603,Standard,Advance
12604,12604,Standard,Advance
12605,12605,Standard,Advance
12606,12606,Standard,Advance
12607,12607,Standard,Advance
12608,12608,Standard,Advance
12609,12609,Standard,Advance
12610,12610,Standard,Advance
12611,12611,Standard,Advance
12612,12612,Standard,Advance
12613,12613,Standard,Advance
12614,12614,Standard,Advance
12615,12615,Standard,Advance
12616,12616,Standard,Advance
12617,12617,Standard,Advance
12618,12618,Standard,Off-Peak
12619,12619,Standard,Advance
12620,12620,Standard,Advance
12621,12621,Standard,Advance
12622,12622,Standard,Advance
12623,12623,Standard,Advance
12624,12624,Standard,Advance
12625,12625,Standard,Advance
12626,12626,Standard,Advance
12627,12627,Standard,Advance
12628,12628,Standard,Advance
12629,12629,Standard,Advance
12630,12630,Standard,Advance
12631,12631,Standard,Off-Peak
12632,12632,Standard,Advance
12633,12633,Standard,Advance
12634,12634,Standard,Advance
12635,12635,Standard,Advance
12636,12636,Standard,Advance
12637,12637,Standard,Advance
12638,12638,Standard,Advance
12639,12639,Standard,Advance
12640,12640,Standard,Advance
12641,12641,Standard,Advance
12642,12642,Standard,Advance
12643,12643,Standard,Advance
12644,12644,Standard,Advance
12645,12645,Standard,Advance
12646,12646,Standard,Advance
12647,12647,Standard,Advance
12648,12648,Standard,Advance
12649,12649,Standard,Advance
12650,12650,Standard,Off-Peak
12651,12651,Standard,Advance
12652,12652,Standard,Advance
12653,12653,Standard,Advance
12654,12654,Standard,Advance
12655,12655,Standard,Advance
12656,12656,Standard,Advance
12657,12657,Standard,Advance
12658,12658,Standard,Advance
12659,12659,Standard,Advance
12660,12660,Standard,Off-Peak
12661,12661,Standard,Advance
12662,12662,Standard,Advance
12663,12663,Standard,Advance
12664,12664,Standard,Advance
12665,12665,Standard,Advance
12666,12666,Standard,Advance
12667,12667,Standard,Advance
12668,12668,Standard,Advance
12669,12669,Standard,Advance
12670,12670,Standard,Off-Peak
12671,12671,Standard,Advance
12672,12672,Standard,Advance
12673,12673,Standard,Advance
12674,12674,Standard,Advance
12675,12675,Standard,Advance
12676,12676,Standard,Advance
12677,12677,Standard,Advance
12678,12678,Standard,Advance
12679,12679,Standard,Off-Peak
12680,12680,Standard,Off-Peak
12681,12681,Standard,Advance
12682,12682,Standard,Advance
12683,12683,Standard,Advance
12684,12684,Standard,Off-Peak
12685,12685,Standard,Advance
12686,12686,Standard,Advance
12687,12687,Standard,Advance
12688,12688,Standard,Advance
12689,12689,Standard,Off-Peak
12690,12690,Standard,Off-Peak
12691,12691,Standard,Off-Peak
12692,12692,Standard,Off-Peak
12693,12693,Standard,Off-Peak
12694,12694,Standard,Off-Peak
12695,12695,Standard,Advance
12696,12696,Standard,Advance
12697,12697,Standard,Advance
12698,12698,Standard,Advance
12699,12699,Standard,Advance
12700,12700,Standard,Advance
12701,12701,Standard,Off-Peak
12702,12702,Standard,Advance
12703,12703,Standard,Advance
12704,12704,Standard,Off-Peak
12705,12705,Standard,Advance
12706,12706,Standard,Advance
12707,12707,Standard,Advance
12708,12708,Standard,Advance
12709,12709,Standard,Advance
12710,12710,Standard,Advance
12711,12711,Standard,Off-Peak
12712,12712,Standard,Advance
12713,12713,Standard,Advance
12714,12714,Standard,Advance
12715,12715,Standard,Off-Peak
12716,12716,Standard,Advance
12717,12717,Standard,Advance
12718,12718,Standard,Advance
12719,12719,Standard,Off-Peak
12720,12720,Standard,Advance
12721,12721,Standard,Off-Peak
12722,12722,Standard,Off-Peak
12723,12723,Standard,Advance
12724,12724,Standard,Advance
12725,12725,Standard,Advance
12726,12726,Standard,Advance
12727,12727,Standard,Advance
12728,12728,Standard,Advance
12729,12729,Standard,Advance
12730,12730,Standard,Off-Peak
12731,12731,Standard,Advance
12732,12732,Standard,Off-Peak
12733,12733,Standard,Advance
12734,12734,Standard,Off-Peak
12735,12735,Standard,Off-Peak
12736,12736,Standard,Advance
12737,12737,Standard,Off-Peak
12738,12738,Standard,Advance
12739,12739,Standard,Advance
12740,12740,Standard,Off-Peak
12741,12741,Standard,Advance
12742,12742,Standard,Off-Peak
12743,12743,Standard,Advance
12744,12744,Standard,Off-Peak
12745,12745,Standard,Advance
12746,12746,Standard,Off-Peak
12747,12747,Standard,Advance
12748,12748,Standard,Off-Peak
12749,12749,Standard,Off-Peak
12750,12750,Standard,Advance
12751,12751,Standard,Advance
12752,12752,Standard,Advance
12753,12753,Standard,Advance
12754,12754,Standard,Advance
12755,12755,Standard,Off-Peak
12756,12756,Standard,Off-Peak
12757,12757,Standard,Advance
12758,12758,Standard,Advance
12759,12759,Standard,Advance
12760,12760,Standard,Off-Peak
12761,12761,Standard,Off-Peak
12762,12762,Standard,Advance
12763,12763,Standard,Off-Peak
12764,12764,Standard,Off-Peak
12765,12765,Standard,Off-Peak
12766,12766,Standard,Advance
12767,12767,Standard,Advance
12768,12768,Standard,Advance
12769,12769,Standard,Off-Peak
12770,12770,Standard,Off-Peak
12771,12771,Standard,Advance
12772,12772,Standard,Advance
12773,12773,Standard,Advance
12774,12774,Standard,Advance
12775,12775,Standard,Advance
12776,12776,Standard,Advance
12777,12777,Standard,Advance
12778,12778,Standard,Advance
12779,12779,Standard,Advance
12780,12780,Standard,Advance
12781,12781,Standard,Advance
12782,12782,Standard,Advance
12783,12783,Standard,Advance
12784,12784,Standard,Off-Peak
12785,12785,Standard,Off-Peak
12786,12786,Standard,Advance
12787,12787,Standard,Off-Peak
12788,12788,Standard,Advance
12789,12789,Standard,Advance
12790,12790,Standard,Advance
12791,12791,Standard,Advance
12792,12792,Standard,Advance
12793,12793,Standard,Advance
12794,12794,Standard,Advance
12795,12795,Standard,Advance
12796,12796,Standard,Advance
12797,12797,Standard,Advance
12798,12798,Standard,Advance
12799,12799,Standard,Advance
12800,12800,Standard,Advance
12801,12801,Standard,Advance
12802,12802,Standard,Advance
12803,12803,Standard,Advance
12804,12804,Standard,Advance
12805,12805,Standard,Advance
12806,12806,Standard,Advance
12807,12807,Standard,Advance
12808,12808,Standard,Off-Peak
12809,12809,Standard,Advance
12810,12810,Standard,Advance
12811,12811,Standard,Advance
12812,12812,Standard,Off-Peak
12813,12813,Standard,Advance
12814,12814,Standard,Advance
12815,12815,Standard,Advance
12816,12816,Standard,Advance
12817,12817,Standard,Advance
12818,12818,Standard,Advance
12819,12819,Standard,Advance
12820,12820,Standard,Advance
12821,12821,Standard,Advance
12822,12822,Standard,Advance
12823,12823,Standard,Advance
12824,12824,Standard,Advance
12825,12825,Standard,Advance
12826,12826,Standard,Advance
12827,12827,Standard,Advance
12828,12828,Standard,Advance
12829,12829,Standard,Off-Peak
12830,12830,Standard,Advance
12831,12831,Standard,Advance
12832,12832,Standard,Advance
12833,12833,Standard,Advance
12834,12834,Standard,Advance
12835,12835,Standard,Advance
12836,12836,Standard,Advance
12837,12837,Standard,Advance
12838,12838,Standard,Advance
12839,12839,Standard,Advance
12840,12840,Standard,Advance
12841,12841,Standard,Advance
12842,12842,Standard,Advance
12843,12843,Standard,Advance
12844,12844,Standard,Advance
12845,12845,Standard,Advance
12846,12846,Standard,Off-Peak
12847,12847,Standard,Advance
12848,12848,Standard,Advance
12849,12849,Standard,Off-Peak
12850,12850,Standard,Advance
12851,12851,Standard,Advance
12852,12852,Standard,Advance
12853,12853,Standard,Off-Peak
12854,12854,Standard,Advance
12855,12855,Standard,Off-Peak
12856,12856,Standard,Off-Peak
12857,12857,Standard,Advance
12858,12858,Standard,Off-Peak
12859,12859,Standard,Off-Peak
12860,12860,Standard,Advance
12861,12861,Standard,Off-Peak
12862,12862,Standard,Off-Peak
12863,12863,Standard,Off-Peak
12864,12864,Standard,Advance
12865,12865,Standard,Advance
12866,12866,Standard,Off-Peak
12867,12867,Standard,Advance
12868,12868,Standard,Advance
12869,12869,Standard,Off-Peak
12870,12870,Standard,Advance
12871,12871,Standard,Advance
12872,12872,Standard,Advance
12873,12873,Standard,Advance
12874,12874,Standard,Off-Peak
12875,12875,Standard,Advance
12876,12876,Standard,Advance
12877,12877,Standard,Advance
12878,12878,Standard,Advance
12879,12879,Standard,Advance
12880,12880,Standard,Advance
12881,12881,Standard,Advance
12882,12882,Standard,Off-Peak
12883,12883,Standard,Off-Peak
12884,12884,Standard,Off-Peak
12885,12885,Standard,Anytime
12886,12886,Standard,Advance
12887,12887,Standard,Advance
12888,12888,Standard,Advance
12889,12889,Standard,Advance
12890,12890,Standard,Anytime
12891,12891,Standard,Advance
12892,12892,Standard,Advance
12893,12893,Standard,Anytime
12894,12894,Standard,Anytime
12895,12895,Standard,Advance
12896,12896,Standard,Anytime
12897,12897,Standard,Advance
12898,12898,Standard,Advance
12899,12899,Standard,Advance
12900,12900,Standard,Advance
12901,12901,Standard,Advance
12902,12902,Standard,Advance
12903,12903,Standard,Advance
12904,12904,Standard,Advance
12905,12905,Standard,Anytime
12906,12906,Standard,Advance
12907,12907,Standard,Anytime
12908,12908,Standard,Anytime
12909,12909,Standard,Advance
12910,12910,Standard,Advance
12911,12911,Standard,Anytime
12912,12912,Standard,Advance
12913,12913,Standard,Anytime
12914,12914,Standard,Anytime
12915,12915,Standard,Anytime
12916,12916,Standard,Anytime
12917,12917,Standard,Advance
12918,12918,Standard,Advance
12919,12919,Standard,Advance
12920,12920,Standard,Anytime
12921,12921,Standard,Advance
12922,12922,Standard,Anytime
12923,12923,Standard,Anytime
12924,12924,Standard,Anytime
12925,12925,Standard,Advance
12926,12926,Standard,Advance
12927,12927,Standard,Off-Peak
12928,12928,Standard,Off-Peak
12929,12929,Standard,Advance
12930,12930,Standard,Anytime
12931,12931,Standard,Advance
12932,12932,Standard,Advance
12933,12933,Standard,Advance
12934,12934,Standard,Advance
12935,12935,Standard,Advance
12936,12936,Standard,Advance
12937,12937,Standard,Advance
12938,12938,Standard,Advance
12939,12939,Standard,Advance
12940,12940,Standard,Advance
12941,12941,Standard,Advance
12942,12942,Standard,Advance
12943,12943,Standard,Advance
12944,12944,Standard,Advance
12945,12945,Standard,Advance
12946,12946,Standard,Advance
12947,12947,Standard,Advance
12948,12948,Standard,Advance
12949,12949,Standard,Advance
12950,12950,Standard,Advance
12951,12951,Standard,Advance
12952,12952,Standard,Advance
12953,12953,Standard,Advance
12954,12954,Standard,Advance
12955,12955,Standard,Off-Peak
12956,12956,Standard,Off-Peak
12957,12957,Standard,Advance
12958,12958,Standard,Advance
12959,12959,Standard,Advance
12960,12960,Standard,Advance
12961,12961,Standard,Advance
12962,12962,Standard,Advance
12963,12963,Standard,Advance
12964,12964,Standard,Advance
12965,12965,Standard,Advance
12966,12966,Standard,Advance
12967,12967,Standard,Advance
12968,12968,Standard,Advance
12969,12969,Standard,Advance
12970,12970,Standard,Advance
12971,12971,Standard,Advance
12972,12972,Standard,Advance
12973,12973,Standard,Advance
12974,12974,Standard,Advance
12975,12975,Standard,Advance
12976,12976,Standard,Off-Peak
12977,12977,Standard,Advance
12978,12978,Standard,Advance
12979,12979,Standard,Advance
12980,12980,Standard,Advance
12981,12981,Standard,Advance
12982,12982,Standard,Advance
12983,12983,Standard,Advance
12984,12984,Standard,Advance
12985,12985,Standard,Advance
12986,12986,Standard,Off-Peak
12987,12987,Standard,Advance
12988,12988,Standard,Advance
12989,12989,Standard,Advance
12990,12990,Standard,Advance
12991,12991,Standard,Advance
12992,12992,Standard,Advance
12993,12993,Standard,Advance
12994,12994,Standard,Advance
12995,12995,Standard,Advance
12996,12996,Standard,Advance
12997,12997,Standard,Off-Peak
12998,12998,Standard,Advance
12999,12999,Standard,Advance
13000,13000,Standard,Advance
13001,13001,Standard,Advance
13002,13002,Standard,Advance
13003,13003,Standard,Advance
13004,13004,Standard,Advance
13005,13005,Standard,Advance
13006,13006,Standard,Advance
13007,13007,Standard,Advance
13008,13008,Standard,Advance
13009,13009,Standard,Off-Peak
13010,13010,Standard,Off-Peak
13011,13011,Standard,Advance
13012,13012,Standard,Off-Peak
13013,13013,Standard,Advance
13014,13014,Standard,Advance
13015,13015,Standard,Advance
13016,13016,Standard,Off-Peak
13017,13017,Standard,Anytime
13018,13018,Standard,Advance
13019,13019,Standard,Advance
13020,13020,Standard,Advance
13021,13021,Standard,Advance
13022,13022,Standard,Advance
13023,13023,Standard,Anytime
13024,13024,Standard,Advance
13025,13025,Standard,Advance
13026,13026,Standard,Anytime
13027,13027,Standard,Advance
13028,13028,Standard,Advance
13029,13029,Standard,Advance
13030,13030,Standard,Advance
13031,13031,Standard,Advance
13032,13032,Standard,Advance
13033,13033,Standard,Anytime
13034,13034,Standard,Anytime
13035,13035,Standard,Anytime
13036,13036,Standard,Advance
13037,13037,Standard,Anytime
13038,13038,Standard,Anytime
13039,13039,Standard,Advance
13040,13040,Standard,Advance
13041,13041,Standard,Anytime
13042,13042,Standard,Advance
13043,13043,Standard,Advance
13044,13044,Standard,Advance
13045,13045,Standard,Advance
13046,13046,Standard,Advance
13047,13047,Standard,Advance
13048,13048,Standard,Anytime
13049,13049,Standard,Advance
13050,13050,Standard,Anytime
13051,13051,Standard,Anytime
13052,13052,Standard,Anytime
13053,13053,Standard,Advance
13054,13054,Standard,Advance
13055,13055,Standard,Anytime
13056,13056,Standard,Advance
13057,13057,Standard,Anytime
13058,13058,Standard,Advance
13059,13059,Standard,Advance
13060,13060,Standard,Advance
13061,13061,Standard,Advance
13062,13062,Standard,Advance
13063,13063,Standard,Advance
13064,13064,Standard,Advance
13065,13065,Standard,Advance
13066,13066,Standard,Advance
13067,13067,Standard,Advance
13068,13068,Standard,Advance
13069,13069,Standard,Advance
13070,13070,Standard,Advance
13071,13071,Standard,Advance
13072,13072,Standard,Advance
13073,13073,Standard,Anytime
13074,13074,Standard,Off-Peak
13075,13075,Standard,Anytime
13076,13076,Standard,Anytime
13077,13077,Standard,Anytime
13078,13078,Standard,Anytime
13079,13079,Standard,Advance
13080,13080,Standard,Advance
13081,13081,Standard,Advance
13082,13082,Standard,Advance
13083,13083,Standard,Advance
13084,13084,Standard,Advance
13085,13085,Standard,Off-Peak
13086,13086,Standard,Advance
13087,13087,Standard,Off-Peak
13088,13088,Standard,Advance
13089,13089,Standard,Off-Peak
13090,13090,Standard,Advance
13091,13091,Standard,Advance
13092,13092,Standard,Advance
13093,13093,Standard,Advance
13094,13094,Standard,Advance
13095,13095,Standard,Advance
13096,13096,Standard,Advance
13097,13097,Standard,Advance
13098,13098,Standard,Advance
13099,13099,Standard,Advance
13100,13100,Standard,Advance
13101,13101,Standard,Advance
13102,13102,Standard,Advance
13103,13103,Standard,Advance
13104,13104,Standard,Advance
13105,13105,Standard,Advance
13106,13106,Standard,Advance
13107,13107,Standard,Advance
13108,13108,Standard,Advance
13109,13109,Standard,Advance
13110,13110,Standard,Advance
13111,13111,Standard,Advance
13112,13112,Standard,Advance
13113,13113,Standard,Advance
13114,13114,Standard,Advance
13115,13115,Standard,Advance
13116,13116,Standard,Advance
13117,13117,Standard,Advance
13118,13118,Standard,Advance
13119,13119,Standard,Advance
13120,13120,Standard,Advance
13121,13121,Standard,Advance
13122,13122,Standard,Advance
13123,13123,Standard,Advance
13124,13124,Standard,Advance
13125,13125,Standard,Advance
13126,13126,Standard,Off-Peak
13127,13127,Standard,Advance
13128,13128,Standard,Off-Peak
13129,13129,Standard,Off-Peak
13130,13130,Standard,Off-Peak
13131,13131,Standard,Advance
13132,13132,Standard,Advance
13133,13133,Standard,Advance
13134,13134,Standard,Advance
13135,13135,Standard,Advance
13136,13136,Standard,Advance
13137,13137,Standard,Advance
13138,13138,Standard,Advance
13139,13139,Standard,Advance
13140,13140,Standard,Advance
13141,13141,Standard,Advance
13142,13142,Standard,Advance
13143,13143,Standard,Advance
13144,13144,Standard,Advance
13145,13145,Standard,Advance
13146,13146,Standard,Advance
13147,13147,Standard,Advance
13148,13148,Standard,Advance
13149,13149,Standard,Advance
13150,13150,Standard,Advance
13151,13151,Standard,Advance
13152,13152,Standard,Advance
13153,13153,Standard,Advance
13154,13154,Standard,Advance
13155,13155,Standard,Advance
13156,13156,Standard,Advance
13157,13157,Standard,Advance
13158,13158,Standard,Off-Peak
13159,13159,Standard,Off-Peak
13160,13160,Standard,Advance
13161,13161,Standard,Advance
13162,13162,Standard,Advance
13163,13163,Standard,Advance
13164,13164,Standard,Advance
13165,13165,Standard,Off-Peak
13166,13166,Standard,Advance
13167,13167,Standard,Advance
13168,13168,Standard,Advance
13169,13169,Standard,Advance
13170,13170,Standard,Advance
13171,13171,Standard,Off-Peak
13172,13172,Standard,Advance
13173,13173,Standard,Advance
13174,13174,Standard,Off-Peak
13175,13175,Standard,Off-Peak
13176,13176,Standard,Advance
13177,13177,Standard,Advance
13178,13178,Standard,Advance
13179,13179,Standard,Advance
13180,13180,Standard,Advance
13181,13181,Standard,Advance
13182,13182,Standard,Advance
13183,13183,Standard,Advance
13184,13184,Standard,Advance
13185,13185,Standard,Advance
13186,13186,Standard,Advance
13187,13187,Standard,Advance
13188,13188,Standard,Advance
13189,13189,Standard,Off-Peak
13190,13190,Standard,Advance
13191,13191,Standard,Advance
13192,13192,Standard,Advance
13193,13193,Standard,Off-Peak
13194,13194,Standard,Anytime
13195,13195,Standard,Advance
13196,13196,Standard,Anytime
13197,13197,Standard,Advance
13198,13198,Standard,Anytime
13199,13199,Standard,Anytime
13200,13200,Standard,Anytime
13201,13201,Standard,Advance
13202,13202,Standard,Advance
13203,13203,Standard,Advance
13204,13204,Standard,Anytime
13205,13205,Standard,Advance
13206,13206,Standard,Anytime
13207,13207,Standard,Advance
13208,13208,Standard,Anytime
13209,13209,Standard,Anytime
13210,13210,Standard,Anytime
13211,13211,Standard,Anytime
13212,13212,Standard,Anytime
13213,13213,Standard,Anytime
13214,13214,Standard,Advance
13215,13215,Standard,Advance
13216,13216,Standard,Advance
13217,13217,Standard,Anytime
13218,13218,Standard,Anytime
13219,13219,Standard,Anytime
13220,13220,Standard,Anytime
13221,13221,Standard,Anytime
13222,13222,Standard,Anytime
13223,13223,Standard,Advance
13224,13224,Standard,Anytime
13225,13225,Standard,Advance
13226,13226,Standard,Advance
13227,13227,Standard,Advance
13228,13228,Standard,Advance
13229,13229,Standard,Off-Peak
13230,13230,Standard,Advance
13231,13231,Standard,Advance
13232,13232,Standard,Advance
13233,13233,Standard,Advance
13234,13234,Standard,Advance
13235,13235,Standard,Advance
13236,13236,Standard,Advance
13237,13237,Standard,Advance
13238,13238,Standard,Advance
13239,13239,Standard,Advance
13240,13240,Standard,Advance
13241,13241,Standard,Advance
13242,13242,Standard,Advance
13243,13243,Standard,Advance
13244,13244,Standard,Advance
13245,13245,Standard,Advance
13246,13246,Standard,Advance
13247,13247,Standard,Advance
13248,13248,Standard,Advance
13249,13249,Standard,Advance
13250,13250,Standard,Advance
13251,13251,Standard,Advance
13252,13252,Standard,Advance
13253,13253,Standard,Advance
13254,13254,Standard,Advance
13255,13255,Standard,Advance
13256,13256,Standard,Advance
13257,13257,Standard,Advance
13258,13258,Standard,Advance
13259,13259,Standard,Advance
13260,13260,Standard,Advance
13261,13261,Standard,Advance
13262,13262,Standard,Advance
13263,13263,Standard,Advance
13264,13264,Standard,Off-Peak
13265,13265,Standard,Advance
13266,13266,Standard,Advance
13267,13267,Standard,Advance
13268,13268,Standard,Advance
13269,13269,Standard,Advance
13270,13270,Standard,Advance
13271,13271,Standard,Advance
13272,13272,Standard,Advance
13273,13273,Standard,Advance
13274,13274,Standard,Advance
13275,13275,Standard,Off-Peak
13276,13276,Standard,Advance
13277,13277,Standard,Off-Peak
13278,13278,Standard,Advance
13279,13279,Standard,Advance
13280,13280,Standard,Advance
13281,13281,Standard,Advance
13282,13282,Standard,Advance
13283,13283,Standard,Advance
13284,13284,Standard,Advance
13285,13285,Standard,Advance
13286,13286,Standard,Off-Peak
13287,13287,Standard,Advance
13288,13288,Standard,Advance
13289,13289,Standard,Advance
13290,13290,Standard,Off-Peak
13291,13291,Standard,Advance
13292,13292,Standard,Advance
13293,13293,Standard,Advance
13294,13294,Standard,Advance
13295,13295,Standard,Advance
13296,13296,Standard,Advance
13297,13297,Standard,Off-Peak
13298,13298,Standard,Advance
13299,13299,Standard,Advance
13300,13300,Standard,Off-Peak
13301,13301,Standard,Advance
13302,13302,Standard,Off-Peak
13303,13303,Standard,Advance
13304,13304,Standard,Advance
13305,13305,Standard,Off-Peak
13306,13306,Standard,Advance
13307,13307,Standard,Advance
13308,13308,Standard,Advance
13309,13309,Standard,Advance
13310,13310,Standard,Advance
13311,13311,Standard,Off-Peak
13312,13312,Standard,Advance
13313,13313,Standard,Advance
13314,13314,Standard,Advance
13315,13315,Standard,Advance
13316,13316,Standard,Advance
13317,13317,Standard,Advance
13318,13318,Standard,Off-Peak
13319,13319,Standard,Off-Peak
13320,13320,Standard,Advance
13321,13321,Standard,Advance
13322,13322,Standard,Off-Peak
13323,13323,Standard,Off-Peak
13324,13324,Standard,Off-Peak
13325,13325,Standard,Advance
13326,13326,Standard,Advance
13327,13327,Standard,Advance
13328,13328,Standard,Advance
13329,13329,Standard,Advance
13330,13330,Standard,Advance
13331,13331,Standard,Anytime
13332,13332,Standard,Advance
13333,13333,Standard,Advance
13334,13334,Standard,Advance
13335,13335,Standard,Anytime
13336,13336,Standard,Anytime
13337,13337,Standard,Anytime
13338,13338,Standard,Anytime
13339,13339,Standard,Advance
13340,13340,Standard,Anytime
13341,13341,Standard,Advance
13342,13342,Standard,Advance
13343,13343,Standard,Advance
13344,13344,Standard,Anytime
13345,13345,Standard,Advance
13346,13346,Standard,Anytime
13347,13347,Standard,Advance
13348,13348,Standard,Advance
13349,13349,Standard,Advance
13350,13350,Standard,Advance
13351,13351,Standard,Anytime
13352,13352,Standard,Anytime
13353,13353,Standard,Anytime
13354,13354,Standard,Advance
13355,13355,Standard,Advance
13356,13356,Standard,Anytime
13357,13357,Standard,Anytime
13358,13358,Standard,Advance
13359,13359,Standard,Advance
13360,13360,Standard,Advance
13361,13361,Standard,Anytime
13362,13362,Standard,Advance
13363,13363,Standard,Anytime
13364,13364,Standard,Anytime
13365,13365,Standard,Advance
13366,13366,Standard,Anytime
13367,13367,Standard,Advance
13368,13368,Standard,Advance
13369,13369,Standard,Anytime
13370,13370,Standard,Advance
13371,13371,Standard,Anytime
13372,13372,Standard,Advance
13373,13373,Standard,Anytime
13374,13374,Standard,Advance
13375,13375,Standard,Anytime
13376,13376,Standard,Anytime
13377,13377,Standard,Advance
13378,13378,Standard,Anytime
13379,13379,Standard,Anytime
13380,13380,Standard,Anytime
13381,13381,Standard,Anytime
13382,13382,Standard,Advance
13383,13383,Standard,Anytime
13384,13384,Standard,Anytime
13385,13385,Standard,Anytime
13386,13386,Standard,Advance
13387,13387,Standard,Anytime
13388,13388,Standard,Anytime
13389,13389,Standard,Advance
13390,13390,Standard,Advance
13391,13391,Standard,Advance
13392,13392,Standard,Advance
13393,13393,Standard,Advance
13394,13394,Standard,Advance
13395,13395,Standard,Advance
13396,13396,Standard,Advance
13397,13397,Standard,Advance
13398,13398,Standard,Advance
13399,13399,Standard,Advance
13400,13400,Standard,Advance
13401,13401,Standard,Advance
13402,13402,Standard,Advance
13403,13403,Standard,Anytime
13404,13404,Standard,Advance
13405,13405,Standard,Anytime
13406,13406,Standard,Advance
13407,13407,Standard,Advance
13408,13408,Standard,Off-Peak
13409,13409,Standard,Advance
13410,13410,Standard,Off-Peak
13411,13411,Standard,Advance
13412,13412,Standard,Advance
13413,13413,Standard,Off-Peak
13414,13414,Standard,Advance
13415,13415,Standard,Off-Peak
13416,13416,Standard,Advance
13417,13417,Standard,Advance
13418,13418,Standard,Advance
13419,13419,Standard,Advance
13420,13420,Standard,Advance
13421,13421,Standard,Advance
13422,13422,Standard,Advance
13423,13423,Standard,Advance
13424,13424,Standard,Advance
13425,13425,Standard,Advance
13426,13426,Standard,Advance
13427,13427,Standard,Advance
13428,13428,Standard,Advance
13429,13429,Standard,Advance
13430,13430,Standard,Advance
13431,13431,Standard,Advance
13432,13432,Standard,Advance
13433,13433,Standard,Advance
13434,13434,Standard,Advance
13435,13435,Standard,Advance
13436,13436,Standard,Advance
13437,13437,Standard,Advance
13438,13438,Standard,Advance
13439,13439,Standard,Advance
13440,13440,Standard,Advance
13441,13441,Standard,Advance
13442,13442,Standard,Advance
13443,13443,Standard,Advance
13444,13444,Standard,Advance
13445,13445,Standard,Advance
13446,13446,Standard,Off-Peak
13447,13447,Standard,Advance
13448,13448,Standard,Advance
13449,13449,Standard,Advance
13450,13450,Standard,Advance
13451,13451,Standard,Advance
13452,13452,Standard,Advance
13453,13453,Standard,Advance
13454,13454,Standard,Advance
13455,13455,Standard,Advance
13456,13456,Standard,Advance
13457,13457,Standard,Advance
13458,13458,Standard,Advance
13459,13459,Standard,Advance
13460,13460,Standard,Advance
13461,13461,Standard,Advance
13462,13462,Standard,Advance
13463,13463,Standard,Advance
13464,13464,Standard,Advance
13465,13465,Standard,Advance
13466,13466,Standard,Advance
13467,13467,Standard,Advance
13468,13468,Standard,Advance
13469,13469,Standard,Advance
13470,13470,Standard,Advance
13471,13471,Standard,Off-Peak
13472,13472,Standard,Advance
13473,13473,Standard,Advance
13474,13474,Standard,Advance
13475,13475,Standard,Off-Peak
13476,13476,Standard,Advance
13477,13477,Standard,Off-Peak
13478,13478,Standard,Advance
13479,13479,Standard,Advance
13480,13480,Standard,Off-Peak
13481,13481,Standard,Off-Peak
13482,13482,Standard,Off-Peak
13483,13483,Standard,Advance
13484,13484,Standard,Advance
13485,13485,Standard,Advance
13486,13486,Standard,Advance
13487,13487,Standard,Advance
13488,13488,Standard,Advance
13489,13489,Standard,Advance
13490,13490,Standard,Off-Peak
13491,13491,Standard,Advance
13492,13492,Standard,Advance
13493,13493,Standard,Advance
13494,13494,Standard,Advance
13495,13495,Standard,Off-Peak
13496,13496,Standard,Advance
13497,13497,Standard,Off-Peak
13498,13498,Standard,Advance
13499,13499,Standard,Off-Peak
13500,13500,Standard,Off-Peak
13501,13501,Standard,Off-Peak
13502,13502,Standard,Advance
13503,13503,Standard,Advance
13504,13504,Standard,Off-Peak
13505,13505,Standard,Advance
13506,13506,Standard,Advance
13507,13507,Standard,Advance
13508,13508,Standard,Advance
13509,13509,Standard,Advance
13510,13510,Standard,Off-Peak
13511,13511,Standard,Off-Peak
13512,13512,Standard,Advance
13513,13513,Standard,Advance
13514,13514,Standard,Anytime
13515,13515,Standard,Anytime
13516,13516,Standard,Anytime
13517,13517,Standard,Advance
13518,13518,Standard,Anytime
13519,13519,Standard,Anytime
13520,13520,Standard,Advance
13521,13521,Standard,Anytime
13522,13522,Standard,Advance
13523,13523,Standard,Advance
13524,13524,Standard,Advance
13525,13525,Standard,Advance
13526,13526,Standard,Anytime
13527,13527,Standard,Advance
13528,13528,Standard,Advance
13529,13529,Standard,Anytime
13530,13530,Standard,Advance
13531,13531,Standard,Advance
13532,13532,Standard,Advance
13533,13533,Standard,Advance
13534,13534,Standard,Anytime
13535,13535,Standard,Anytime
13536,13536,Standard,Anytime
13537,13537,Standard,Anytime
13538,13538,Standard,Anytime
13539,13539,Standard,Anytime
13540,13540,Standard,Anytime
13541,13541,Standard,Anytime
13542,13542,Standard,Anytime
13543,13543,Standard,Advance
13544,13544,Standard,Anytime
13545,13545,Standard,Anytime
13546,13546,Standard,Advance
13547,13547,Standard,Anytime
13548,13548,Standard,Anytime
13549,13549,Standard,Anytime
13550,13550,Standard,Advance
13551,13551,Standard,Off-Peak
13552,13552,Standard,Advance
13553,13553,Standard,Advance
13554,13554,Standard,Advance
13555,13555,Standard,Advance
13556,13556,Standard,Advance
13557,13557,Standard,Advance
13558,13558,Standard,Advance
13559,13559,Standard,Advance
13560,13560,Standard,Advance
13561,13561,Standard,Off-Peak
13562,13562,Standard,Advance
13563,13563,Standard,Advance
13564,13564,Standard,Advance
13565,13565,Standard,Advance
13566,13566,Standard,Advance
13567,13567,Standard,Advance
13568,13568,Standard,Advance
13569,13569,Standard,Advance
13570,13570,Standard,Advance
13571,13571,Standard,Advance
13572,13572,Standard,Advance
13573,13573,Standard,Advance
13574,13574,Standard,Advance
13575,13575,Standard,Advance
13576,13576,Standard,Advance
13577,13577,Standard,Advance
13578,13578,Standard,Advance
13579,13579,Standard,Advance
13580,13580,Standard,Advance
13581,13581,Standard,Advance
13582,13582,Standard,Advance
13583,13583,Standard,Advance
13584,13584,Standard,Advance
13585,13585,Standard,Advance
13586,13586,Standard,Advance
13587,13587,Standard,Advance
13588,13588,Standard,Advance
13589,13589,Standard,Advance
13590,13590,Standard,Advance
13591,13591,Standard,Advance
13592,13592,Standard,Advance
13593,13593,Standard,Advance
13594,13594,Standard,Advance
13595,13595,Standard,Advance
13596,13596,Standard,Advance
13597,13597,Standard,Advance
13598,13598,Standard,Advance
13599,13599,Standard,Advance
13600,13600,Standard,Off-Peak
13601,13601,Standard,Advance
13602,13602,Standard,Advance
13603,13603,Standard,Advance
13604,13604,Standard,Advance
13605,13605,Standard,Advance
13606,13606,Standard,Advance
13607,13607,Standard,Advance
13608,13608,Standard,Advance
13609,13609,Standard,Advance
13610,13610,Standard,Advance
13611,13611,Standard,Advance
13612,13612,Standard,Advance
13613,13613,Standard,Off-Peak
13614,13614,Standard,Advance
13615,13615,Standard,Off-Peak
13616,13616,Standard,Off-Peak
13617,13617,Standard,Advance
13618,13618,Standard,Off-Peak
13619,13619,Standard,Off-Peak
13620,13620,Standard,Advance
13621,13621,Standard,Off-Peak
13622,13622,Standard,Advance
13623,13623,Standard,Advance
13624,13624,Standard,Advance
13625,13625,Standard,Advance
13626,13626,Standard,Advance
13627,13627,Standard,Advance
13628,13628,Standard,Advance
13629,13629,Standard,Advance
13630,13630,Standard,Off-Peak
13631,13631,Standard,Advance
13632,13632,Standard,Off-Peak
13633,13633,Standard,Off-Peak
13634,13634,Standard,Advance
13635,13635,Standard,Off-Peak
13636,13636,Standard,Off-Peak
13637,13637,Standard,Advance
13638,13638,Standard,Advance
13639,13639,Standard,Advance
13640,13640,Standard,Advance
13641,13641,Standard,Advance
13642,13642,Standard,Advance
13643,13643,Standard,Off-Peak
13644,13644,Standard,Advance
13645,13645,Standard,Advance
13646,13646,Standard,Advance
13647,13647,Standard,Advance
13648,13648,Standard,Anytime
13649,13649,Standard,Anytime
13650,13650,Standard,Anytime
13651,13651,Standard,Advance
13652,13652,Standard,Advance
13653,13653,Standard,Anytime
13654,13654,Standard,Anytime
13655,13655,Standard,Anytime
13656,13656,Standard,Advance
13657,13657,Standard,Advance
13658,13658,Standard,Anytime
13659,13659,Standard,Advance
13660,13660,Standard,Anytime
13661,13661,Standard,Advance
13662,13662,Standard,Anytime
13663,13663,Standard,Advance
13664,13664,Standard,Advance
13665,13665,Standard,Anytime
13666,13666,Standard,Anytime
13667,13667,Standard,Advance
13668,13668,Standard,Anytime
13669,13669,Standard,Anytime
13670,13670,Standard,Advance
13671,13671,Standard,Anytime
13672,13672,Standard,Anytime
13673,13673,Standard,Advance
13674,13674,Standard,Anytime
13675,13675,Standard,Advance
13676,13676,Standard,Advance
13677,13677,Standard,Anytime
13678,13678,Standard,Advance
13679,13679,Standard,Advance
13680,13680,Standard,Advance
13681,13681,Standard,Advance
13682,13682,Standard,Anytime
13683,13683,Standard,Anytime
13684,13684,Standard,Advance
13685,13685,Standard,Advance
13686,13686,Standard,Anytime
13687,13687,Standard,Anytime
13688,13688,Standard,Anytime
13689,13689,Standard,Advance
13690,13690,Standard,Anytime
13691,13691,Standard,Anytime
13692,13692,Standard,Advance
13693,13693,Standard,Advance
13694,13694,Standard,Advance
13695,13695,Standard,Advance
13696,13696,Standard,Advance
13697,13697,Standard,Advance
13698,13698,Standard,Advance
13699,13699,Standard,Advance
13700,13700,Standard,Advance
13701,13701,Standard,Advance
13702,13702,Standard,Advance
13703,13703,Standard,Advance
13704,13704,Standard,Advance
13705,13705,Standard,Advance
13706,13706,Standard,Advance
13707,13707,Standard,Advance
13708,13708,Standard,Advance
13709,13709,Standard,Advance
13710,13710,Standard,Advance
13711,13711,Standard,Advance
13712,13712,Standard,Advance
13713,13713,Standard,Anytime
13714,13714,Standard,Off-Peak
13715,13715,Standard,Off-Peak
13716,13716,Standard,Advance
13717,13717,Standard,Advance
13718,13718,Standard,Off-Peak
13719,13719,Standard,Advance
13720,13720,Standard,Advance
13721,13721,Standard,Advance
13722,13722,Standard,Advance
13723,13723,Standard,Off-Peak
13724,13724,Standard,Advance
13725,13725,Standard,Advance
13726,13726,Standard,Advance
13727,13727,Standard,Advance
13728,13728,Standard,Advance
13729,13729,Standard,Advance
13730,13730,Standard,Advance
13731,13731,Standard,Off-Peak
13732,13732,Standard,Advance
13733,13733,Standard,Advance
13734,13734,Standard,Advance
13735,13735,Standard,Advance
13736,13736,Standard,Advance
13737,13737,Standard,Advance
13738,13738,Standard,Advance
13739,13739,Standard,Advance
13740,13740,Standard,Advance
13741,13741,Standard,Advance
13742,13742,Standard,Advance
13743,13743,Standard,Advance
13744,13744,Standard,Advance
13745,13745,Standard,Off-Peak
13746,13746,Standard,Off-Peak
13747,13747,Standard,Advance
13748,13748,Standard,Advance
13749,13749,Standard,Off-Peak
13750,13750,Standard,Advance
13751,13751,Standard,Advance
13752,13752,Standard,Advance
13753,13753,Standard,Advance
13754,13754,Standard,Advance
13755,13755,Standard,Advance
13756,13756,Standard,Advance
13757,13757,Standard,Advance
13758,13758,Standard,Advance
13759,13759,Standard,Advance
13760,13760,Standard,Advance
13761,13761,Standard,Advance
13762,13762,Standard,Advance
13763,13763,Standard,Advance
13764,13764,Standard,Advance
13765,13765,Standard,Advance
13766,13766,Standard,Advance
13767,13767,Standard,Advance
13768,13768,Standard,Off-Peak
13769,13769,Standard,Advance
13770,13770,Standard,Advance
13771,13771,Standard,Advance
13772,13772,Standard,Advance
13773,13773,Standard,Off-Peak
13774,13774,Standard,Advance
13775,13775,Standard,Off-Peak
13776,13776,Standard,Advance
13777,13777,Standard,Advance
13778,13778,Standard,Advance
13779,13779,Standard,Advance
13780,13780,Standard,Advance
13781,13781,Standard,Advance
13782,13782,Standard,Advance
13783,13783,Standard,Advance
13784,13784,Standard,Advance
13785,13785,Standard,Advance
13786,13786,Standard,Advance
13787,13787,Standard,Advance
13788,13788,Standard,Advance
13789,13789,Standard,Advance
13790,13790,Standard,Advance
13791,13791,Standard,Advance
13792,13792,Standard,Advance
13793,13793,Standard,Advance
13794,13794,Standard,Advance
13795,13795,Standard,Advance
13796,13796,Standard,Advance
13797,13797,Standard,Off-Peak
13798,13798,Standard,Off-Peak
13799,13799,Standard,Advance
13800,13800,Standard,Off-Peak
13801,13801,Standard,Advance
13802,13802,Standard,Advance
13803,13803,Standard,Advance
13804,13804,Standard,Advance
13805,13805,Standard,Advance
13806,13806,Standard,Advance
13807,13807,Standard,Advance
13808,13808,Standard,Off-Peak
13809,13809,Standard,Advance
13810,13810,Standard,Advance
13811,13811,Standard,Advance
13812,13812,Standard,Off-Peak
13813,13813,Standard,Anytime
13814,13814,Standard,Anytime
13815,13815,Standard,Anytime
13816,13816,Standard,Anytime
13817,13817,Standard,Advance
13818,13818,Standard,Advance
13819,13819,Standard,Anytime
13820,13820,Standard,Advance
13821,13821,Standard,Advance
13822,13822,Standard,Advance
13823,13823,Standard,Advance
13824,13824,Standard,Advance
13825,13825,Standard,Advance
13826,13826,Standard,Anytime
13827,13827,Standard,Advance
13828,13828,Standard,Advance
13829,13829,Standard,Anytime
13830,13830,Standard,Anytime
13831,13831,Standard,Anytime
13832,13832,Standard,Advance
13833,13833,Standard,Anytime
13834,13834,Standard,Anytime
13835,13835,Standard,Anytime
13836,13836,Standard,Anytime
13837,13837,Standard,Anytime
13838,13838,Standard,Advance
13839,13839,Standard,Anytime
13840,13840,Standard,Anytime
13841,13841,Standard,Anytime
13842,13842,Standard,Advance
13843,13843,Standard,Advance
13844,13844,Standard,Off-Peak
13845,13845,Standard,Advance
13846,13846,Standard,Advance
13847,13847,Standard,Anytime
13848,13848,Standard,Advance
13849,13849,Standard,Advance
13850,13850,Standard,Advance
13851,13851,Standard,Advance
13852,13852,Standard,Advance
13853,13853,Standard,Advance
13854,13854,Standard,Advance
13855,13855,Standard,Advance
13856,13856,Standard,Advance
13857,13857,Standard,Advance
13858,13858,Standard,Advance
13859,13859,Standard,Advance
13860,13860,Standard,Advance
13861,13861,Standard,Advance
13862,13862,Standard,Off-Peak
13863,13863,Standard,Advance
13864,13864,Standard,Advance
13865,13865,Standard,Advance
13866,13866,Standard,Advance
13867,13867,Standard,Advance
13868,13868,Standard,Advance
13869,13869,Standard,Advance
13870,13870,Standard,Advance
13871,13871,Standard,Advance
13872,13872,Standard,Advance
13873,13873,Standard,Advance
13874,13874,Standard,Advance
13875,13875,Standard,Off-Peak
13876,13876,Standard,Advance
13877,13877,Standard,Off-Peak
13878,13878,Standard,Advance
13879,13879,Standard,Off-Peak
13880,13880,Standard,Advance
13881,13881,Standard,Advance
13882,13882,Standard,Advance
13883,13883,Standard,Advance
13884,13884,Standard,Off-Peak
13885,13885,Standard,Advance
13886,13886,Standard,Advance
13887,13887,Standard,Advance
13888,13888,Standard,Advance
13889,13889,Standard,Off-Peak
13890,13890,Standard,Advance
13891,13891,Standard,Advance
13892,13892,Standard,Advance
13893,13893,Standard,Advance
13894,13894,Standard,Advance
13895,13895,Standard,Off-Peak
13896,13896,Standard,Advance
13897,13897,Standard,Advance
13898,13898,Standard,Advance
13899,13899,Standard,Advance
13900,13900,Standard,Advance
13901,13901,Standard,Advance
13902,13902,Standard,Advance
13903,13903,Standard,Off-Peak
13904,13904,Standard,Off-Peak
13905,13905,Standard,Advance
13906,13906,Standard,Advance
13907,13907,Standard,Off-Peak
13908,13908,Standard,Off-Peak
13909,13909,Standard,Advance
13910,13910,Standard,Advance
13911,13911,Standard,Off-Peak
13912,13912,Standard,Off-Peak
13913,13913,Standard,Advance
13914,13914,Standard,Advance
13915,13915,Standard,Off-Peak
13916,13916,Standard,Advance
13917,13917,Standard,Advance
13918,13918,Standard,Advance
13919,13919,Standard,Advance
13920,13920,Standard,Advance
13921,13921,Standard,Advance
13922,13922,Standard,Off-Peak
13923,13923,Standard,Advance
13924,13924,Standard,Advance
13925,13925,Standard,Advance
13926,13926,Standard,Advance
13927,13927,Standard,Anytime
13928,13928,Standard,Anytime
13929,13929,Standard,Advance
13930,13930,Standard,Anytime
13931,13931,Standard,Anytime
13932,13932,Standard,Anytime
13933,13933,Standard,Advance
13934,13934,Standard,Anytime
13935,13935,Standard,Anytime
13936,13936,Standard,Anytime
13937,13937,Standard,Off-Peak
13938,13938,Standard,Advance
13939,13939,Standard,Advance
13940,13940,Standard,Advance
13941,13941,Standard,Anytime
13942,13942,Standard,Advance
13943,13943,Standard,Anytime
13944,13944,Standard,Advance
13945,13945,Standard,Advance
13946,13946,Standard,Anytime
13947,13947,Standard,Advance
13948,13948,Standard,Anytime
13949,13949,Standard,Anytime
13950,13950,Standard,Advance
13951,13951,Standard,Advance
13952,13952,Standard,Advance
13953,13953,Standard,Advance
13954,13954,Standard,Advance
13955,13955,Standard,Anytime
13956,13956,Standard,Anytime
13957,13957,Standard,Anytime
13958,13958,Standard,Anytime
13959,13959,Standard,Advance
13960,13960,Standard,Advance
13961,13961,Standard,Advance
13962,13962,Standard,Advance
13963,13963,Standard,Advance
13964,13964,Standard,Advance
13965,13965,Standard,Anytime
13966,13966,Standard,Advance
13967,13967,Standard,Advance
13968,13968,Standard,Advance
13969,13969,Standard,Anytime
13970,13970,Standard,Advance
13971,13971,Standard,Advance
13972,13972,Standard,Anytime
13973,13973,Standard,Advance
13974,13974,Standard,Advance
13975,13975,Standard,Advance
13976,13976,Standard,Advance
13977,13977,Standard,Advance
13978,13978,Standard,Advance
13979,13979,Standard,Advance
13980,13980,Standard,Advance
13981,13981,Standard,Advance
13982,13982,Standard,Advance
13983,13983,Standard,Advance
13984,13984,Standard,Advance
13985,13985,Standard,Advance
13986,13986,Standard,Advance
13987,13987,Standard,Advance
13988,13988,Standard,Advance
13989,13989,Standard,Anytime
13990,13990,Standard,Anytime
13991,13991,Standard,Anytime
13992,13992,Standard,Off-Peak
13993,13993,Standard,Advance
13994,13994,Standard,Advance
13995,13995,Standard,Advance
13996,13996,Standard,Advance
13997,13997,Standard,Advance
13998,13998,Standard,Off-Peak
13999,13999,Standard,Advance
14000,14000,Standard,Advance
14001,14001,Standard,Advance
14002,14002,Standard,Advance
14003,14003,Standard,Advance
14004,14004,Standard,Advance
14005,14005,Standard,Advance
14006,14006,Standard,Advance
14007,14007,Standard,Advance
14008,14008,Standard,Advance
14009,14009,Standard,Advance
14010,14010,Standard,Advance
14011,14011,Standard,Advance
14012,14012,Standard,Advance
14013,14013,Standard,Advance
14014,14014,Standard,Advance
14015,14015,Standard,Advance
14016,14016,Standard,Advance
14017,14017,Standard,Advance
14018,14018,Standard,Advance
14019,14019,Standard,Advance
14020,14020,Standard,Advance
14021,14021,Standard,Advance
14022,14022,Standard,Advance
14023,14023,Standard,Advance
14024,14024,Standard,Advance
14025,14025,Standard,Advance
14026,14026,Standard,Off-Peak
14027,14027,Standard,Advance
14028,14028,Standard,Advance
14029,14029,Standard,Advance
14030,14030,Standard,Off-Peak
14031,14031,Standard,Advance
14032,14032,Standard,Advance
14033,14033,Standard,Advance
14034,14034,Standard,Advance
14035,14035,Standard,Advance
14036,14036,Standard,Advance
14037,14037,Standard,Advance
14038,14038,Standard,Advance
14039,14039,Standard,Advance
14040,14040,Standard,Advance
14041,14041,Standard,Advance
14042,14042,Standard,Advance
14043,14043,Standard,Advance
14044,14044,Standard,Advance
14045,14045,Standard,Advance
14046,14046,Standard,Advance
14047,14047,Standard,Advance
14048,14048,Standard,Advance
14049,14049,Standard,Advance
14050,14050,Standard,Off-Peak
14051,14051,Standard,Off-Peak
14052,14052,Standard,Off-Peak
14053,14053,Standard,Advance
14054,14054,Standard,Off-Peak
14055,14055,Standard,Advance
14056,14056,Standard,Off-Peak
14057,14057,Standard,Off-Peak
14058,14058,Standard,Advance
14059,14059,Standard,Advance
14060,14060,Standard,Advance
14061,14061,Standard,Off-Peak
14062,14062,Standard,Off-Peak
14063,14063,Standard,Advance
14064,14064,Standard,Advance
14065,14065,Standard,Advance
14066,14066,Standard,Off-Peak
14067,14067,Standard,Advance
14068,14068,Standard,Advance
14069,14069,Standard,Advance
14070,14070,Standard,Advance
14071,14071,Standard,Advance
14072,14072,Standard,Advance
14073,14073,Standard,Off-Peak
14074,14074,Standard,Advance
14075,14075,Standard,Advance
14076,14076,Standard,Off-Peak
14077,14077,Standard,Off-Peak
14078,14078,Standard,Anytime
14079,14079,Standard,Advance
14080,14080,Standard,Anytime
14081,14081,Standard,Anytime
14082,14082,Standard,Advance
14083,14083,Standard,Anytime
14084,14084,Standard,Advance
14085,14085,Standard,Advance
14086,14086,Standard,Advance
14087,14087,Standard,Advance
14088,14088,Standard,Anytime
14089,14089,Standard,Advance
14090,14090,Standard,Anytime
14091,14091,Standard,Anytime
14092,14092,Standard,Advance
14093,14093,Standard,Anytime
14094,14094,Standard,Anytime
14095,14095,Standard,Anytime
14096,14096,Standard,Anytime
14097,14097,Standard,Anytime
14098,14098,Standard,Anytime
14099,14099,Standard,Anytime
14100,14100,Standard,Anytime
14101,14101,Standard,Anytime
14102,14102,Standard,Anytime
14103,14103,Standard,Advance
14104,14104,Standard,Advance
14105,14105,Standard,Off-Peak
14106,14106,Standard,Off-Peak
14107,14107,Standard,Advance
14108,14108,Standard,Advance
14109,14109,Standard,Advance
14110,14110,Standard,Advance
14111,14111,Standard,Off-Peak
14112,14112,Standard,Advance
14113,14113,Standard,Advance
14114,14114,Standard,Advance
14115,14115,Standard,Advance
14116,14116,Standard,Advance
14117,14117,Standard,Advance
14118,14118,Standard,Advance
14119,14119,Standard,Advance
14120,14120,Standard,Advance
14121,14121,Standard,Advance
14122,14122,Standard,Advance
14123,14123,Standard,Advance
14124,14124,Standard,Advance
14125,14125,Standard,Advance
14126,14126,Standard,Advance
14127,14127,Standard,Advance
14128,14128,Standard,Advance
14129,14129,Standard,Advance
14130,14130,Standard,Advance
14131,14131,Standard,Advance
14132,14132,Standard,Advance
14133,14133,Standard,Advance
14134,14134,Standard,Advance
14135,14135,Standard,Advance
14136,14136,Standard,Advance
14137,14137,Standard,Advance
14138,14138,Standard,Advance
14139,14139,Standard,Off-Peak
14140,14140,Standard,Advance
14141,14141,Standard,Advance
14142,14142,Standard,Advance
14143,14143,Standard,Advance
14144,14144,Standard,Advance
14145,14145,Standard,Advance
14146,14146,Standard,Advance
14147,14147,Standard,Off-Peak
14148,14148,Standard,Advance
14149,14149,Standard,Advance
14150,14150,Standard,Off-Peak
14151,14151,Standard,Advance
14152,14152,Standard,Advance
14153,14153,Standard,Advance
14154,14154,Standard,Advance
14155,14155,Standard,Advance
14156,14156,Standard,Advance
14157,14157,Standard,Advance
14158,14158,Standard,Advance
14159,14159,Standard,Advance
14160,14160,Standard,Off-Peak
14161,14161,Standard,Advance
14162,14162,Standard,Advance
14163,14163,Standard,Advance
14164,14164,Standard,Off-Peak
14165,14165,Standard,Advance
14166,14166,Standard,Advance
14167,14167,Standard,Advance
14168,14168,Standard,Advance
14169,14169,Standard,Advance
14170,14170,Standard,Advance
14171,14171,Standard,Off-Peak
14172,14172,Standard,Advance
14173,14173,Standard,Advance
14174,14174,Standard,Advance
14175,14175,Standard,Advance
14176,14176,Standard,Advance
14177,14177,Standard,Advance
14178,14178,Standard,Off-Peak
14179,14179,Standard,Advance
14180,14180,Standard,Advance
14181,14181,Standard,Advance
14182,14182,Standard,Advance
14183,14183,Standard,Advance
14184,14184,Standard,Advance
14185,14185,Standard,Advance
14186,14186,Standard,Advance
14187,14187,Standard,Advance
14188,14188,Standard,Advance
14189,14189,Standard,Off-Peak
14190,14190,Standard,Off-Peak
14191,14191,Standard,Advance
14192,14192,Standard,Anytime
14193,14193,Standard,Advance
14194,14194,Standard,Anytime
14195,14195,Standard,Anytime
14196,14196,Standard,Anytime
14197,14197,Standard,Advance
14198,14198,Standard,Advance
14199,14199,Standard,Advance
14200,14200,Standard,Advance
14201,14201,Standard,Advance
14202,14202,Standard,Advance
14203,14203,Standard,Anytime
14204,14204,Standard,Advance
14205,14205,Standard,Anytime
14206,14206,Standard,Anytime
14207,14207,Standard,Anytime
14208,14208,Standard,Advance
14209,14209,Standard,Anytime
14210,14210,Standard,Advance
14211,14211,Standard,Anytime
14212,14212,Standard,Anytime
14213,14213,Standard,Advance
14214,14214,Standard,Advance
14215,14215,Standard,Advance
14216,14216,Standard,Advance
14217,14217,Standard,Advance
14218,14218,Standard,Advance
14219,14219,Standard,Advance
14220,14220,Standard,Advance
14221,14221,Standard,Advance
14222,14222,Standard,Advance
14223,14223,Standard,Anytime
14224,14224,Standard,Advance
14225,14225,Standard,Advance
14226,14226,Standard,Advance
14227,14227,Standard,Advance
14228,14228,Standard,Advance
14229,14229,Standard,Advance
14230,14230,Standard,Advance
14231,14231,Standard,Advance
14232,14232,Standard,Advance
14233,14233,Standard,Advance
14234,14234,Standard,Advance
14235,14235,Standard,Advance
14236,14236,Standard,Advance
14237,14237,Standard,Advance
14238,14238,Standard,Anytime
14239,14239,Standard,Advance
14240,14240,Standard,Advance
14241,14241,Standard,Off-Peak
14242,14242,Standard,Advance
14243,14243,Standard,Advance
14244,14244,Standard,Off-Peak
14245,14245,Standard,Advance
14246,14246,Standard,Advance
14247,14247,Standard,Advance
14248,14248,Standard,Off-Peak
14249,14249,Standard,Advance
14250,14250,Standard,Advance
14251,14251,Standard,Advance
14252,14252,Standard,Advance
14253,14253,Standard,Advance
14254,14254,Standard,Advance
14255,14255,Standard,Advance
14256,14256,Standard,Advance
14257,14257,Standard,Advance
14258,14258,Standard,Advance
14259,14259,Standard,Advance
14260,14260,Standard,Advance
14261,14261,Standard,Advance
14262,14262,Standard,Advance
14263,14263,Standard,Advance
14264,14264,Standard,Advance
14265,14265,Standard,Advance
14266,14266,Standard,Advance
14267,14267,Standard,Advance
14268,14268,Standard,Advance
14269,14269,Standard,Advance
14270,14270,Standard,Advance
14271,14271,Standard,Advance
14272,14272,Standard,Advance
14273,14273,Standard,Advance
14274,14274,Standard,Advance
14275,14275,Standard,Advance
14276,14276,Standard,Advance
14277,14277,Standard,Off-Peak
14278,14278,Standard,Advance
14279,14279,Standard,Off-Peak
14280,14280,Standard,Advance
14281,14281,Standard,Advance
14282,14282,Standard,Advance
14283,14283,Standard,Advance
14284,14284,Standard,Advance
14285,14285,Standard,Advance
14286,14286,Standard,Advance
14287,14287,Standard,Advance
14288,14288,Standard,Advance
14289,14289,Standard,Advance
14290,14290,Standard,Advance
14291,14291,Standard,Advance
14292,14292,Standard,Advance
14293,14293,Standard,Advance
14294,14294,Standard,Advance
14295,14295,Standard,Off-Peak
14296,14296,Standard,Advance
14297,14297,Standard,Off-Peak
14298,14298,Standard,Advance
14299,14299,Standard,Advance
14300,14300,Standard,Off-Peak
14301,14301,Standard,Off-Peak
14302,14302,Standard,Advance
14303,14303,Standard,Advance
14304,14304,Standard,Advance
14305,14305,Standard,Off-Peak
14306,14306,Standard,Off-Peak
14307,14307,Standard,Off-Peak
14308,14308,Standard,Off-Peak
14309,14309,Standard,Advance
14310,14310,Standard,Advance
14311,14311,Standard,Advance
14312,14312,Standard,Advance
14313,14313,Standard,Advance
14314,14314,Standard,Advance
14315,14315,Standard,Advance
14316,14316,Standard,Advance
14317,14317,Standard,Advance
14318,14318,Standard,Advance
14319,14319,Standard,Off-Peak
14320,14320,Standard,Off-Peak
14321,14321,Standard,Off-Peak
14322,14322,Standard,Advance
14323,14323,Standard,Off-Peak
14324,14324,Standard,Off-Peak
14325,14325,Standard,Off-Peak
14326,14326,Standard,Off-Peak
14327,14327,Standard,Off-Peak
14328,14328,Standard,Advance
14329,14329,Standard,Off-Peak
14330,14330,Standard,Advance
14331,14331,Standard,Advance
14332,14332,Standard,Off-Peak
14333,14333,Standard,Off-Peak
14334,14334,Standard,Off-Peak
14335,14335,Standard,Off-Peak
14336,14336,Standard,Off-Peak
14337,14337,Standard,Off-Peak
14338,14338,Standard,Off-Peak
14339,14339,Standard,Off-Peak
14340,14340,Standard,Off-Peak
14341,14341,Standard,Off-Peak
14342,14342,Standard,Advance
14343,14343,Standard,Advance
14344,14344,Standard,Advance
14345,14345,Standard,Advance
14346,14346,Standard,Off-Peak
14347,14347,Standard,Advance
14348,14348,Standard,Advance
14349,14349,Standard,Advance
14350,14350,Standard,Advance
14351,14351,Standard,Advance
14352,14352,Standard,Advance
14353,14353,Standard,Advance
14354,14354,Standard,Advance
14355,14355,Standard,Advance
14356,14356,Standard,Advance
14357,14357,Standard,Advance
14358,14358,Standard,Advance
14359,14359,Standard,Advance
14360,14360,Standard,Advance
14361,14361,Standard,Advance
14362,14362,Standard,Advance
14363,14363,Standard,Advance
14364,14364,Standard,Advance
14365,14365,Standard,Off-Peak
14366,14366,Standard,Off-Peak
14367,14367,Standard,Advance
14368,14368,Standard,Advance
14369,14369,Standard,Advance
14370,14370,Standard,Off-Peak
14371,14371,Standard,Advance
14372,14372,Standard,Advance
14373,14373,Standard,Advance
14374,14374,Standard,Advance
14375,14375,Standard,Off-Peak
14376,14376,Standard,Advance
14377,14377,Standard,Off-Peak
14378,14378,Standard,Advance
14379,14379,Standard,Advance
14380,14380,Standard,Advance
14381,14381,Standard,Advance
14382,14382,Standard,Off-Peak
14383,14383,Standard,Advance
14384,14384,Standard,Off-Peak
14385,14385,Standard,Advance
14386,14386,Standard,Advance
14387,14387,Standard,Off-Peak
14388,14388,Standard,Advance
14389,14389,Standard,Off-Peak
14390,14390,Standard,Advance
14391,14391,Standard,Advance
14392,14392,Standard,Off-Peak
14393,14393,Standard,Advance
14394,14394,Standard,Off-Peak
14395,14395,Standard,Off-Peak
14396,14396,Standard,Off-Peak
14397,14397,Standard,Off-Peak
14398,14398,Standard,Off-Peak
14399,14399,Standard,Advance
14400,14400,Standard,Advance
14401,14401,Standard,Advance
14402,14402,Standard,Advance
14403,14403,Standard,Off-Peak
14404,14404,Standard,Advance
14405,14405,Standard,Off-Peak
14406,14406,Standard,Off-Peak
14407,14407,Standard,Off-Peak
14408,14408,Standard,Advance
14409,14409,Standard,Advance
14410,14410,Standard,Advance
14411,14411,Standard,Advance
14412,14412,Standard,Advance
14413,14413,Standard,Off-Peak
14414,14414,Standard,Off-Peak
14415,14415,Standard,Advance
14416,14416,Standard,Off-Peak
14417,14417,Standard,Off-Peak
14418,14418,Standard,Advance
14419,14419,Standard,Advance
14420,14420,Standard,Advance
14421,14421,Standard,Off-Peak
14422,14422,Standard,Off-Peak
14423,14423,Standard,Advance
14424,14424,Standard,Advance
14425,14425,Standard,Advance
14426,14426,Standard,Advance
14427,14427,Standard,Advance
14428,14428,Standard,Advance
14429,14429,Standard,Off-Peak
14430,14430,Standard,Advance
14431,14431,Standard,Off-Peak
14432,14432,Standard,Advance
14433,14433,Standard,Off-Peak
14434,14434,Standard,Off-Peak
14435,14435,Standard,Off-Peak
14436,14436,Standard,Advance
14437,14437,Standard,Advance
14438,14438,Standard,Advance
14439,14439,Standard,Advance
14440,14440,Standard,Advance
14441,14441,Standard,Advance
14442,14442,Standard,Advance
14443,14443,Standard,Advance
14444,14444,Standard,Off-Peak
14445,14445,Standard,Off-Peak
14446,14446,Standard,Advance
14447,14447,Standard,Off-Peak
14448,14448,Standard,Advance
14449,14449,Standard,Advance
14450,14450,Standard,Advance
14451,14451,Standard,Off-Peak
14452,14452,Standard,Advance
14453,14453,Standard,Advance
14454,14454,Standard,Advance
14455,14455,Standard,Advance
14456,14456,Standard,Advance
14457,14457,Standard,Advance
14458,14458,Standard,Advance
14459,14459,Standard,Advance
14460,14460,Standard,Advance
14461,14461,Standard,Advance
14462,14462,Standard,Advance
14463,14463,Standard,Advance
14464,14464,Standard,Advance
14465,14465,Standard,Advance
14466,14466,Standard,Off-Peak
14467,14467,Standard,Off-Peak
14468,14468,Standard,Advance
14469,14469,Standard,Off-Peak
14470,14470,Standard,Advance
14471,14471,Standard,Off-Peak
14472,14472,Standard,Advance
14473,14473,Standard,Off-Peak
14474,14474,Standard,Advance
14475,14475,Standard,Advance
14476,14476,Standard,Advance
14477,14477,Standard,Advance
14478,14478,Standard,Advance
14479,14479,Standard,Advance
14480,14480,Standard,Advance
14481,14481,Standard,Advance
14482,14482,Standard,Advance
14483,14483,Standard,Advance
14484,14484,Standard,Advance
14485,14485,Standard,Advance
14486,14486,Standard,Advance
14487,14487,Standard,Advance
14488,14488,Standard,Advance
14489,14489,Standard,Advance
14490,14490,Standard,Advance
14491,14491,Standard,Advance
14492,14492,Standard,Advance
14493,14493,Standard,Advance
14494,14494,Standard,Advance
14495,14495,Standard,Advance
14496,14496,Standard,Advance
14497,14497,Standard,Advance
14498,14498,Standard,Advance
14499,14499,Standard,Advance
14500,14500,Standard,Off-Peak
14501,14501,Standard,Advance
14502,14502,Standard,Advance
14503,14503,Standard,Advance
14504,14504,Standard,Advance
14505,14505,Standard,Advance
14506,14506,Standard,Advance
14507,14507,Standard,Advance
14508,14508,Standard,Advance
14509,14509,Standard,Advance
14510,14510,Standard,Advance
14511,14511,Standard,Advance
14512,14512,Standard,Advance
14513,14513,Standard,Advance
14514,14514,Standard,Advance
14515,14515,Standard,Advance
14516,14516,Standard,Advance
14517,14517,Standard,Advance
14518,14518,Standard,Off-Peak
14519,14519,Standard,Off-Peak
14520,14520,Standard,Advance
14521,14521,Standard,Off-Peak
14522,14522,Standard,Off-Peak
14523,14523,Standard,Advance
14524,14524,Standard,Advance
14525,14525,Standard,Advance
14526,14526,Standard,Off-Peak
14527,14527,Standard,Advance
14528,14528,Standard,Advance
14529,14529,Standard,Advance
14530,14530,Standard,Off-Peak
14531,14531,Standard,Off-Peak
14532,14532,Standard,Off-Peak
14533,14533,Standard,Advance
14534,14534,Standard,Advance
14535,14535,Standard,Advance
14536,14536,Standard,Advance
14537,14537,Standard,Off-Peak
14538,14538,Standard,Advance
14539,14539,Standard,Advance
14540,14540,Standard,Off-Peak
14541,14541,Standard,Advance
14542,14542,Standard,Off-Peak
14543,14543,Standard,Off-Peak
14544,14544,Standard,Off-Peak
14545,14545,Standard,Off-Peak
14546,14546,Standard,Off-Peak
14547,14547,Standard,Off-Peak
14548,14548,Standard,Advance
14549,14549,Standard,Advance
14550,14550,Standard,Advance
14551,14551,Standard,Advance
14552,14552,Standard,Advance
14553,14553,Standard,Off-Peak
14554,14554,Standard,Advance
14555,14555,Standard,Off-Peak
14556,14556,Standard,Advance
14557,14557,Standard,Off-Peak
14558,14558,Standard,Off-Peak
14559,14559,Standard,Off-Peak
14560,14560,Standard,Advance
14561,14561,Standard,Advance
14562,14562,Standard,Off-Peak
14563,14563,Standard,Off-Peak
14564,14564,Standard,Off-Peak
14565,14565,Standard,Off-Peak
14566,14566,Standard,Off-Peak
14567,14567,Standard,Off-Peak
14568,14568,Standard,Off-Peak
14569,14569,Standard,Off-Peak
14570,14570,Standard,Off-Peak
14571,14571,Standard,Advance
14572,14572,Standard,Off-Peak
14573,14573,Standard,Advance
14574,14574,Standard,Off-Peak
14575,14575,Standard,Advance
14576,14576,Standard,Advance
14577,14577,Standard,Advance
14578,14578,Standard,Advance
14579,14579,Standard,Advance
14580,14580,Standard,Advance
14581,14581,Standard,Advance
14582,14582,Standard,Advance
14583,14583,Standard,Advance
14584,14584,Standard,Advance
14585,14585,Standard,Advance
14586,14586,Standard,Advance
14587,14587,Standard,Advance
14588,14588,Standard,Advance
14589,14589,Standard,Advance
14590,14590,Standard,Advance
14591,14591,Standard,Advance
14592,14592,Standard,Advance
14593,14593,Standard,Advance
14594,14594,Standard,Advance
14595,14595,Standard,Advance
14596,14596,Standard,Advance
14597,14597,Standard,Advance
14598,14598,Standard,Advance
14599,14599,Standard,Advance
14600,14600,Standard,Advance
14601,14601,Standard,Advance
14602,14602,Standard,Off-Peak
14603,14603,Standard,Off-Peak
14604,14604,Standard,Advance
14605,14605,Standard,Off-Peak
14606,14606,Standard,Advance
14607,14607,Standard,Advance
14608,14608,Standard,Advance
14609,14609,Standard,Advance
14610,14610,Standard,Advance
14611,14611,Standard,Advance
14612,14612,Standard,Advance
14613,14613,Standard,Advance
14614,14614,Standard,Off-Peak
14615,14615,Standard,Advance
14616,14616,Standard,Advance
14617,14617,Standard,Off-Peak
14618,14618,Standard,Advance
14619,14619,Standard,Advance
14620,14620,Standard,Advance
14621,14621,Standard,Advance
14622,14622,Standard,Off-Peak
14623,14623,Standard,Off-Peak
14624,14624,Standard,Advance
14625,14625,Standard,Advance
14626,14626,Standard,Advance
14627,14627,Standard,Advance
14628,14628,Standard,Advance
14629,14629,Standard,Advance
14630,14630,Standard,Advance
14631,14631,Standard,Advance
14632,14632,Standard,Off-Peak
14633,14633,Standard,Advance
14634,14634,Standard,Advance
14635,14635,Standard,Off-Peak
14636,14636,Standard,Off-Peak
14637,14637,Standard,Off-Peak
14638,14638,Standard,Advance
14639,14639,Standard,Advance
14640,14640,Standard,Advance
14641,14641,Standard,Advance
14642,14642,Standard,Advance
14643,14643,Standard,Off-Peak
14644,14644,Standard,Advance
14645,14645,Standard,Off-Peak
14646,14646,Standard,Advance
14647,14647,Standard,Advance
14648,14648,Standard,Off-Peak
14649,14649,Standard,Advance
14650,14650,Standard,Off-Peak
14651,14651,Standard,Advance
14652,14652,Standard,Advance
14653,14653,Standard,Advance
14654,14654,Standard,Advance
14655,14655,Standard,Advance
14656,14656,Standard,Off-Peak
14657,14657,Standard,Off-Peak
14658,14658,Standard,Advance
14659,14659,Standard,Off-Peak
14660,14660,Standard,Off-Peak
14661,14661,Standard,Advance
14662,14662,Standard,Advance
14663,14663,Standard,Off-Peak
14664,14664,Standard,Off-Peak
14665,14665,Standard,Advance
14666,14666,Standard,Off-Peak
14667,14667,Standard,Off-Peak
14668,14668,Standard,Advance
14669,14669,Standard,Advance
14670,14670,Standard,Advance
14671,14671,Standard,Advance
14672,14672,Standard,Advance
14673,14673,Standard,Advance
14674,14674,Standard,Advance
14675,14675,Standard,Off-Peak
14676,14676,Standard,Advance
14677,14677,Standard,Advance
14678,14678,Standard,Advance
14679,14679,Standard,Advance
14680,14680,Standard,Advance
14681,14681,Standard,Advance
14682,14682,Standard,Off-Peak
14683,14683,Standard,Advance
14684,14684,Standard,Advance
14685,14685,Standard,Advance
14686,14686,Standard,Advance
14687,14687,Standard,Advance
14688,14688,Standard,Advance
14689,14689,Standard,Advance
14690,14690,Standard,Advance
14691,14691,Standard,Advance
14692,14692,Standard,Off-Peak
14693,14693,Standard,Off-Peak
14694,14694,Standard,Off-Peak
14695,14695,Standard,Advance
14696,14696,Standard,Off-Peak
14697,14697,Standard,Off-Peak
14698,14698,Standard,Advance
14699,14699,Standard,Advance
14700,14700,Standard,Advance
14701,14701,Standard,Advance
14702,14702,Standard,Advance
14703,14703,Standard,Advance
14704,14704,Standard,Advance
14705,14705,Standard,Advance
14706,14706,Standard,Advance
14707,14707,Standard,Advance
14708,14708,Standard,Advance
14709,14709,Standard,Advance
14710,14710,Standard,Advance
14711,14711,Standard,Advance
14712,14712,Standard,Advance
14713,14713,Standard,Off-Peak
14714,14714,Standard,Off-Peak
14715,14715,Standard,Advance
14716,14716,Standard,Advance
14717,14717,Standard,Advance
14718,14718,Standard,Advance
14719,14719,Standard,Advance
14720,14720,Standard,Advance
14721,14721,Standard,Advance
14722,14722,Standard,Advance
14723,14723,Standard,Advance
14724,14724,Standard,Advance
14725,14725,Standard,Advance
14726,14726,Standard,Advance
14727,14727,Standard,Advance
14728,14728,Standard,Advance
14729,14729,Standard,Off-Peak
14730,14730,Standard,Off-Peak
14731,14731,Standard,Advance
14732,14732,Standard,Off-Peak
14733,14733,Standard,Advance
14734,14734,Standard,Off-Peak
14735,14735,Standard,Advance
14736,14736,Standard,Advance
14737,14737,Standard,Off-Peak
14738,14738,Standard,Advance
14739,14739,Standard,Advance
14740,14740,Standard,Off-Peak
14741,14741,Standard,Advance
14742,14742,Standard,Advance
14743,14743,Standard,Advance
14744,14744,Standard,Off-Peak
14745,14745,Standard,Advance
14746,14746,Standard,Advance
14747,14747,Standard,Off-Peak
14748,14748,Standard,Advance
14749,14749,Standard,Off-Peak
14750,14750,Standard,Advance
14751,14751,Standard,Anytime
14752,14752,Standard,Anytime
14753,14753,Standard,Advance
14754,14754,Standard,Anytime
14755,14755,Standard,Advance
14756,14756,Standard,Anytime
14757,14757,Standard,Advance
14758,14758,Standard,Advance
14759,14759,Standard,Advance
14760,14760,Standard,Advance
14761,14761,Standard,Advance
14762,14762,Standard,Anytime
14763,14763,Standard,Advance
14764,14764,Standard,Anytime
14765,14765,Standard,Anytime
14766,14766,Standard,Off-Peak
14767,14767,Standard,Advance
14768,14768,Standard,Off-Peak
14769,14769,Standard,Advance
14770,14770,Standard,Advance
14771,14771,Standard,Advance
14772,14772,Standard,Advance
14773,14773,Standard,Advance
14774,14774,Standard,Advance
14775,14775,Standard,Advance
14776,14776,Standard,Advance
14777,14777,Standard,Advance
14778,14778,Standard,Advance
14779,14779,Standard,Advance
14780,14780,Standard,Advance
14781,14781,Standard,Advance
14782,14782,Standard,Advance
14783,14783,Standard,Advance
14784,14784,Standard,Advance
14785,14785,Standard,Advance
14786,14786,Standard,Advance
14787,14787,Standard,Advance
14788,14788,Standard,Advance
14789,14789,Standard,Off-Peak
14790,14790,Standard,Advance
14791,14791,Standard,Advance
14792,14792,Standard,Advance
14793,14793,Standard,Advance
14794,14794,Standard,Advance
14795,14795,Standard,Advance
14796,14796,Standard,Advance
14797,14797,Standard,Advance
14798,14798,Standard,Advance
14799,14799,Standard,Advance
14800,14800,Standard,Off-Peak
14801,14801,Standard,Advance
14802,14802,Standard,Advance
14803,14803,Standard,Advance
14804,14804,Standard,Off-Peak
14805,14805,Standard,Advance
14806,14806,Standard,Advance
14807,14807,Standard,Advance
14808,14808,Standard,Advance
14809,14809,Standard,Advance
14810,14810,Standard,Off-Peak
14811,14811,Standard,Advance
14812,14812,Standard,Advance
14813,14813,Standard,Advance
14814,14814,Standard,Advance
14815,14815,Standard,Advance
14816,14816,Standard,Advance
14817,14817,Standard,Advance
14818,14818,Standard,Advance
14819,14819,Standard,Off-Peak
14820,14820,Standard,Advance
14821,14821,Standard,Off-Peak
14822,14822,Standard,Anytime
14823,14823,Standard,Anytime
14824,14824,Standard,Advance
14825,14825,Standard,Anytime
14826,14826,Standard,Anytime
14827,14827,Standard,Advance
14828,14828,Standard,Anytime
14829,14829,Standard,Anytime
14830,14830,Standard,Anytime
14831,14831,Standard,Advance
14832,14832,Standard,Anytime
14833,14833,Standard,Advance
14834,14834,Standard,Advance
14835,14835,Standard,Anytime
14836,14836,Standard,Advance
14837,14837,Standard,Advance
14838,14838,Standard,Advance
14839,14839,Standard,Advance
14840,14840,Standard,Advance
14841,14841,Standard,Advance
14842,14842,Standard,Anytime
14843,14843,Standard,Advance
14844,14844,Standard,Anytime
14845,14845,Standard,Anytime
14846,14846,Standard,Advance
14847,14847,Standard,Advance
14848,14848,Standard,Advance
14849,14849,Standard,Advance
14850,14850,Standard,Anytime
14851,14851,Standard,Anytime
14852,14852,Standard,Anytime
14853,14853,Standard,Anytime
14854,14854,Standard,Anytime
14855,14855,Standard,Advance
14856,14856,Standard,Off-Peak
14857,14857,Standard,Advance
14858,14858,Standard,Advance
14859,14859,Standard,Advance
14860,14860,Standard,Advance
14861,14861,Standard,Advance
14862,14862,Standard,Advance
14863,14863,Standard,Advance
14864,14864,Standard,Advance
14865,14865,Standard,Advance
14866,14866,Standard,Anytime
14867,14867,Standard,Anytime
14868,14868,Standard,Advance
14869,14869,Standard,Advance
14870,14870,Standard,Advance
14871,14871,Standard,Advance
14872,14872,Standard,Advance
14873,14873,Standard,Advance
14874,14874,Standard,Off-Peak
14875,14875,Standard,Advance
14876,14876,Standard,Off-Peak
14877,14877,Standard,Advance
14878,14878,Standard,Advance
14879,14879,Standard,Advance
14880,14880,Standard,Advance
14881,14881,Standard,Advance
14882,14882,Standard,Advance
14883,14883,Standard,Advance
14884,14884,Standard,Advance
14885,14885,Standard,Advance
14886,14886,Standard,Advance
14887,14887,Standard,Advance
14888,14888,Standard,Advance
14889,14889,Standard,Advance
14890,14890,Standard,Advance
14891,14891,Standard,Advance
14892,14892,Standard,Advance
14893,14893,Standard,Advance
14894,14894,Standard,Advance
14895,14895,Standard,Advance
14896,14896,Standard,Advance
14897,14897,Standard,Off-Peak
14898,14898,Standard,Advance
14899,14899,Standard,Advance
14900,14900,Standard,Advance
14901,14901,Standard,Advance
14902,14902,Standard,Advance
14903,14903,Standard,Advance
14904,14904,Standard,Advance
14905,14905,Standard,Advance
14906,14906,Standard,Advance
14907,14907,Standard,Advance
14908,14908,Standard,Advance
14909,14909,Standard,Advance
14910,14910,Standard,Off-Peak
14911,14911,Standard,Advance
14912,14912,Standard,Advance
14913,14913,Standard,Off-Peak
14914,14914,Standard,Advance
14915,14915,Standard,Advance
14916,14916,Standard,Advance
14917,14917,Standard,Anytime
14918,14918,Standard,Anytime
14919,14919,Standard,Anytime
14920,14920,Standard,Anytime
14921,14921,Standard,Anytime
14922,14922,Standard,Advance
14923,14923,Standard,Advance
14924,14924,Standard,Anytime
14925,14925,Standard,Anytime
14926,14926,Standard,Advance
14927,14927,Standard,Advance
14928,14928,Standard,Advance
14929,14929,Standard,Anytime
14930,14930,Standard,Advance
14931,14931,Standard,Advance
14932,14932,Standard,Advance
14933,14933,Standard,Anytime
14934,14934,Standard,Anytime
14935,14935,Standard,Anytime
14936,14936,Standard,Anytime
14937,14937,Standard,Advance
14938,14938,Standard,Anytime
14939,14939,Standard,Anytime
14940,14940,Standard,Advance
14941,14941,Standard,Anytime
14942,14942,Standard,Anytime
14943,14943,Standard,Advance
14944,14944,Standard,Anytime
14945,14945,Standard,Advance
14946,14946,Standard,Off-Peak
14947,14947,Standard,Advance
14948,14948,Standard,Advance
14949,14949,Standard,Advance
14950,14950,Standard,Advance
14951,14951,Standard,Advance
14952,14952,Standard,Advance
14953,14953,Standard,Advance
14954,14954,Standard,Advance
14955,14955,Standard,Advance
14956,14956,Standard,Advance
14957,14957,Standard,Advance
14958,14958,Standard,Advance
14959,14959,Standard,Advance
14960,14960,Standard,Advance
14961,14961,Standard,Advance
14962,14962,Standard,Advance
14963,14963,Standard,Advance
14964,14964,Standard,Advance
14965,14965,Standard,Advance
14966,14966,Standard,Advance
14967,14967,Standard,Advance
14968,14968,Standard,Advance
14969,14969,Standard,Advance
14970,14970,Standard,Advance
14971,14971,Standard,Advance
14972,14972,Standard,Advance
14973,14973,Standard,Advance
14974,14974,Standard,Advance
14975,14975,Standard,Off-Peak
14976,14976,Standard,Advance
14977,14977,Standard,Advance
14978,14978,Standard,Advance
14979,14979,Standard,Advance
14980,14980,Standard,Advance
14981,14981,Standard,Advance
14982,14982,Standard,Off-Peak
14983,14983,Standard,Off-Peak
14984,14984,Standard,Off-Peak
14985,14985,Standard,Advance
14986,14986,Standard,Off-Peak
14987,14987,Standard,Off-Peak
14988,14988,Standard,Advance
14989,14989,Standard,Off-Peak
14990,14990,Standard,Off-Peak
14991,14991,Standard,Advance
14992,14992,Standard,Anytime
14993,14993,Standard,Advance
14994,14994,Standard,Advance
14995,14995,Standard,Anytime
14996,14996,Standard,Advance
14997,14997,Standard,Advance
14998,14998,Standard,Advance
14999,14999,Standard,Advance
15000,15000,Standard,Anytime
15001,15001,Standard,Advance
15002,15002,Standard,Advance
15003,15003,Standard,Advance
15004,15004,Standard,Advance
15005,15005,Standard,Advance
15006,15006,Standard,Anytime
15007,15007,Standard,Advance
15008,15008,Standard,Advance
15009,15009,Standard,Advance
15010,15010,Standard,Advance
15011,15011,Standard,Advance
15012,15012,Standard,Anytime
15013,15013,Standard,Advance
15014,15014,Standard,Anytime
15015,15015,Standard,Advance
15016,15016,Standard,Advance
15017,15017,Standard,Advance
15018,15018,Standard,Advance
15019,15019,Standard,Advance
15020,15020,Standard,Advance
15021,15021,Standard,Advance
15022,15022,Standard,Advance
15023,15023,Standard,Advance
15024,15024,Standard,Anytime
15025,15025,Standard,Advance
15026,15026,Standard,Advance
15027,15027,Standard,Off-Peak
15028,15028,Standard,Advance
15029,15029,Standard,Advance
15030,15030,Standard,Off-Peak
15031,15031,Standard,Advance
15032,15032,Standard,Off-Peak
15033,15033,Standard,Advance
15034,15034,Standard,Advance
15035,15035,Standard,Advance
15036,15036,Standard,Advance
15037,15037,Standard,Advance
15038,15038,Standard,Advance
15039,15039,Standard,Advance
15040,15040,Standard,Advance
15041,15041,Standard,Advance
15042,15042,Standard,Advance
15043,15043,Standard,Advance
15044,15044,Standard,Advance
15045,15045,Standard,Advance
15046,15046,Standard,Advance
15047,15047,Standard,Advance
15048,15048,Standard,Advance
15049,15049,Standard,Advance
15050,15050,Standard,Advance
15051,15051,Standard,Advance
15052,15052,Standard,Advance
15053,15053,Standard,Advance
15054,15054,Standard,Off-Peak
15055,15055,Standard,Advance
15056,15056,Standard,Advance
15057,15057,Standard,Advance
15058,15058,Standard,Advance
15059,15059,Standard,Advance
15060,15060,Standard,Advance
15061,15061,Standard,Advance
15062,15062,Standard,Advance
15063,15063,Standard,Advance
15064,15064,Standard,Advance
15065,15065,Standard,Advance
15066,15066,Standard,Advance
15067,15067,Standard,Advance
15068,15068,Standard,Advance
15069,15069,Standard,Advance
15070,15070,Standard,Advance
15071,15071,Standard,Advance
15072,15072,Standard,Off-Peak
15073,15073,Standard,Off-Peak
15074,15074,Standard,Off-Peak
15075,15075,Standard,Advance
15076,15076,Standard,Advance
15077,15077,Standard,Advance
15078,15078,Standard,Off-Peak
15079,15079,Standard,Advance
15080,15080,Standard,Advance
15081,15081,Standard,Advance
15082,15082,Standard,Advance
15083,15083,Standard,Anytime
15084,15084,Standard,Anytime
15085,15085,Standard,Anytime
15086,15086,Standard,Anytime
15087,15087,Standard,Anytime
15088,15088,Standard,Advance
15089,15089,Standard,Anytime
15090,15090,Standard,Anytime
15091,15091,Standard,Anytime
15092,15092,Standard,Advance
15093,15093,Standard,Anytime
15094,15094,Standard,Anytime
15095,15095,Standard,Advance
15096,15096,Standard,Advance
15097,15097,Standard,Anytime
15098,15098,Standard,Anytime
15099,15099,Standard,Anytime
15100,15100,Standard,Anytime
15101,15101,Standard,Anytime
15102,15102,Standard,Anytime
15103,15103,Standard,Off-Peak
15104,15104,Standard,Off-Peak
15105,15105,Standard,Anytime
15106,15106,Standard,Advance
15107,15107,Standard,Advance
15108,15108,Standard,Advance
15109,15109,Standard,Advance
15110,15110,Standard,Advance
15111,15111,Standard,Advance
15112,15112,Standard,Advance
15113,15113,Standard,Advance
15114,15114,Standard,Advance
15115,15115,Standard,Advance
15116,15116,Standard,Advance
15117,15117,Standard,Advance
15118,15118,Standard,Advance
15119,15119,Standard,Advance
15120,15120,Standard,Advance
15121,15121,Standard,Advance
15122,15122,Standard,Advance
15123,15123,Standard,Advance
15124,15124,Standard,Advance
15125,15125,Standard,Advance
15126,15126,Standard,Off-Peak
15127,15127,Standard,Off-Peak
15128,15128,Standard,Off-Peak
15129,15129,Standard,Advance
15130,15130,Standard,Advance
15131,15131,Standard,Off-Peak
15132,15132,Standard,Off-Peak
15133,15133,Standard,Off-Peak
15134,15134,Standard,Advance
15135,15135,Standard,Off-Peak
15136,15136,Standard,Advance
15137,15137,Standard,Off-Peak
15138,15138,Standard,Advance
15139,15139,Standard,Advance
15140,15140,Standard,Advance
15141,15141,Standard,Off-Peak
15142,15142,Standard,Anytime
15143,15143,Standard,Anytime
15144,15144,Standard,Anytime
15145,15145,Standard,Advance
15146,15146,Standard,Advance
15147,15147,Standard,Advance
15148,15148,Standard,Advance
15149,15149,Standard,Advance
15150,15150,Standard,Advance
15151,15151,Standard,Anytime
15152,15152,Standard,Advance
15153,15153,Standard,Advance
15154,15154,Standard,Advance
15155,15155,Standard,Anytime
15156,15156,Standard,Advance
15157,15157,Standard,Advance
15158,15158,Standard,Advance
15159,15159,Standard,Advance
15160,15160,Standard,Anytime
15161,15161,Standard,Anytime
15162,15162,Standard,Anytime
15163,15163,Standard,Anytime
15164,15164,Standard,Anytime
15165,15165,Standard,Advance
15166,15166,Standard,Advance
15167,15167,Standard,Advance
15168,15168,Standard,Advance
15169,15169,Standard,Advance
15170,15170,Standard,Advance
15171,15171,Standard,Advance
15172,15172,Standard,Advance
15173,15173,Standard,Advance
15174,15174,Standard,Advance
15175,15175,Standard,Advance
15176,15176,Standard,Advance
15177,15177,Standard,Advance
15178,15178,Standard,Advance
15179,15179,Standard,Advance
15180,15180,Standard,Advance
15181,15181,Standard,Off-Peak
15182,15182,Standard,Off-Peak
15183,15183,Standard,Advance
15184,15184,Standard,Advance
15185,15185,Standard,Advance
15186,15186,Standard,Advance
15187,15187,Standard,Advance
15188,15188,Standard,Advance
15189,15189,Standard,Advance
15190,15190,Standard,Advance
15191,15191,Standard,Advance
15192,15192,Standard,Advance
15193,15193,Standard,Advance
15194,15194,Standard,Advance
15195,15195,Standard,Off-Peak
15196,15196,Standard,Off-Peak
15197,15197,Standard,Advance
15198,15198,Standard,Off-Peak
15199,15199,Standard,Advance
15200,15200,Standard,Advance
15201,15201,Standard,Advance
15202,15202,Standard,Advance
15203,15203,Standard,Advance
15204,15204,Standard,Advance
15205,15205,Standard,Advance
15206,15206,Standard,Advance
15207,15207,Standard,Advance
15208,15208,Standard,Advance
15209,15209,Standard,Off-Peak
15210,15210,Standard,Off-Peak
15211,15211,Standard,Off-Peak
15212,15212,Standard,Off-Peak
15213,15213,Standard,Off-Peak
15214,15214,Standard,Advance
15215,15215,Standard,Advance
15216,15216,Standard,Advance
15217,15217,Standard,Advance
15218,15218,Standard,Advance
15219,15219,Standard,Off-Peak
15220,15220,Standard,Advance
15221,15221,Standard,Advance
15222,15222,Standard,Advance
15223,15223,Standard,Advance
15224,15224,Standard,Advance
15225,15225,Standard,Off-Peak
15226,15226,Standard,Advance
15227,15227,Standard,Anytime
15228,15228,Standard,Anytime
15229,15229,Standard,Anytime
15230,15230,Standard,Anytime
15231,15231,Standard,Advance
15232,15232,Standard,Anytime
15233,15233,Standard,Advance
15234,15234,Standard,Anytime
15235,15235,Standard,Advance
15236,15236,Standard,Advance
15237,15237,Standard,Anytime
15238,15238,Standard,Anytime
15239,15239,Standard,Advance
15240,15240,Standard,Anytime
15241,15241,Standard,Anytime
15242,15242,Standard,Anytime
15243,15243,Standard,Advance
15244,15244,Standard,Anytime
15245,15245,Standard,Advance
15246,15246,Standard,Advance
15247,15247,Standard,Advance
15248,15248,Standard,Advance
15249,15249,Standard,Advance
15250,15250,Standard,Advance
15251,15251,Standard,Advance
15252,15252,Standard,Advance
15253,15253,Standard,Advance
15254,15254,Standard,Advance
15255,15255,Standard,Advance
15256,15256,Standard,Advance
15257,15257,Standard,Advance
15258,15258,Standard,Advance
15259,15259,Standard,Advance
15260,15260,Standard,Advance
15261,15261,Standard,Advance
15262,15262,Standard,Advance
15263,15263,Standard,Advance
15264,15264,Standard,Off-Peak
15265,15265,Standard,Off-Peak
15266,15266,Standard,Advance
15267,15267,Standard,Advance
15268,15268,Standard,Advance
15269,15269,Standard,Advance
15270,15270,Standard,Advance
15271,15271,Standard,Off-Peak
15272,15272,Standard,Advance
15273,15273,Standard,Advance
15274,15274,Standard,Off-Peak
15275,15275,Standard,Advance
15276,15276,Standard,Advance
15277,15277,Standard,Off-Peak
15278,15278,Standard,Advance
15279,15279,Standard,Off-Peak
15280,15280,Standard,Off-Peak
15281,15281,Standard,Advance
15282,15282,Standard,Off-Peak
15283,15283,Standard,Off-Peak
15284,15284,Standard,Advance
15285,15285,Standard,Advance
15286,15286,Standard,Advance
15287,15287,Standard,Advance
15288,15288,Standard,Advance
15289,15289,Standard,Advance
15290,15290,Standard,Off-Peak
15291,15291,Standard,Anytime
15292,15292,Standard,Anytime
15293,15293,Standard,Advance
15294,15294,Standard,Anytime
15295,15295,Standard,Advance
15296,15296,Standard,Advance
15297,15297,Standard,Advance
15298,15298,Standard,Anytime
15299,15299,Standard,Advance
15300,15300,Standard,Advance
15301,15301,Standard,Advance
15302,15302,Standard,Anytime
15303,15303,Standard,Advance
15304,15304,Standard,Anytime
15305,15305,Standard,Advance
15306,15306,Standard,Advance
15307,15307,Standard,Advance
15308,15308,Standard,Advance
15309,15309,Standard,Advance
15310,15310,Standard,Advance
15311,15311,Standard,Advance
15312,15312,Standard,Anytime
15313,15313,Standard,Anytime
15314,15314,Standard,Advance
15315,15315,Standard,Advance
15316,15316,Standard,Anytime
15317,15317,Standard,Advance
15318,15318,Standard,Advance
15319,15319,Standard,Advance
15320,15320,Standard,Advance
15321,15321,Standard,Advance
15322,15322,Standard,Advance
15323,15323,Standard,Advance
15324,15324,Standard,Advance
15325,15325,Standard,Off-Peak
15326,15326,Standard,Off-Peak
15327,15327,Standard,Advance
15328,15328,Standard,Advance
15329,15329,Standard,Advance
15330,15330,Standard,Advance
15331,15331,Standard,Advance
15332,15332,Standard,Advance
15333,15333,Standard,Advance
15334,15334,Standard,Advance
15335,15335,Standard,Advance
15336,15336,Standard,Advance
15337,15337,Standard,Advance
15338,15338,Standard,Advance
15339,15339,Standard,Advance
15340,15340,Standard,Advance
15341,15341,Standard,Advance
15342,15342,Standard,Advance
15343,15343,Standard,Advance
15344,15344,Standard,Advance
15345,15345,Standard,Advance
15346,15346,Standard,Advance
15347,15347,Standard,Advance
15348,15348,Standard,Advance
15349,15349,Standard,Advance
15350,15350,Standard,Advance
15351,15351,Standard,Advance
15352,15352,Standard,Advance
15353,15353,Standard,Advance
15354,15354,Standard,Advance
15355,15355,Standard,Advance
15356,15356,Standard,Advance
15357,15357,Standard,Off-Peak
15358,15358,Standard,Advance
15359,15359,Standard,Advance
15360,15360,Standard,Advance
15361,15361,Standard,Off-Peak
15362,15362,Standard,Advance
15363,15363,Standard,Off-Peak
15364,15364,Standard,Off-Peak
15365,15365,Standard,Off-Peak
15366,15366,Standard,Advance
15367,15367,Standard,Advance
15368,15368,Standard,Advance
15369,15369,Standard,Advance
15370,15370,Standard,Advance
15371,15371,Standard,Advance
15372,15372,Standard,Advance
15373,15373,Standard,Advance
15374,15374,Standard,Off-Peak
15375,15375,Standard,Anytime
15376,15376,Standard,Anytime
15377,15377,Standard,Advance
15378,15378,Standard,Advance
15379,15379,Standard,Off-Peak
15380,15380,Standard,Anytime
15381,15381,Standard,Advance
15382,15382,Standard,Anytime
15383,15383,Standard,Advance
15384,15384,Standard,Off-Peak
15385,15385,Standard,Advance
15386,15386,Standard,Advance
15387,15387,Standard,Advance
15388,15388,Standard,Advance
15389,15389,Standard,Advance
15390,15390,Standard,Advance
15391,15391,Standard,Advance
15392,15392,Standard,Advance
15393,15393,Standard,Advance
15394,15394,Standard,Advance
15395,15395,Standard,Off-Peak
15396,15396,Standard,Advance
15397,15397,Standard,Advance
15398,15398,Standard,Advance
15399,15399,Standard,Advance
15400,15400,Standard,Off-Peak
15401,15401,Standard,Off-Peak
15402,15402,Standard,Off-Peak
15403,15403,Standard,Advance
15404,15404,Standard,Advance
15405,15405,Standard,Advance
15406,15406,Standard,Advance
15407,15407,Standard,Off-Peak
15408,15408,Standard,Advance
15409,15409,Standard,Off-Peak
15410,15410,Standard,Advance
15411,15411,Standard,Off-Peak
15412,15412,Standard,Advance
15413,15413,Standard,Advance
15414,15414,Standard,Advance
15415,15415,Standard,Advance
15416,15416,Standard,Advance
15417,15417,Standard,Advance
15418,15418,Standard,Off-Peak
15419,15419,Standard,Off-Peak
15420,15420,Standard,Off-Peak
15421,15421,Standard,Advance
15422,15422,Standard,Advance
15423,15423,Standard,Advance
15424,15424,Standard,Anytime
15425,15425,Standard,Advance
15426,15426,Standard,Anytime
15427,15427,Standard,Advance
15428,15428,Standard,Advance
15429,15429,Standard,Advance
15430,15430,Standard,Advance
15431,15431,Standard,Advance
15432,15432,Standard,Advance
15433,15433,Standard,Advance
15434,15434,Standard,Advance
15435,15435,Standard,Anytime
15436,15436,Standard,Anytime
15437,15437,Standard,Advance
15438,15438,Standard,Advance
15439,15439,Standard,Advance
15440,15440,Standard,Advance
15441,15441,Standard,Advance
15442,15442,Standard,Advance
15443,15443,Standard,Advance
15444,15444,Standard,Anytime
15445,15445,Standard,Off-Peak
15446,15446,Standard,Advance
15447,15447,Standard,Off-Peak
15448,15448,Standard,Advance
15449,15449,Standard,Off-Peak
15450,15450,Standard,Advance
15451,15451,Standard,Advance
15452,15452,Standard,Advance
15453,15453,Standard,Advance
15454,15454,Standard,Advance
15455,15455,Standard,Advance
15456,15456,Standard,Advance
15457,15457,Standard,Advance
15458,15458,Standard,Advance
15459,15459,Standard,Advance
15460,15460,Standard,Advance
15461,15461,Standard,Advance
15462,15462,Standard,Advance
15463,15463,Standard,Advance
15464,15464,Standard,Advance
15465,15465,Standard,Advance
15466,15466,Standard,Advance
15467,15467,Standard,Advance
15468,15468,Standard,Advance
15469,15469,Standard,Advance
15470,15470,Standard,Advance
15471,15471,Standard,Off-Peak
15472,15472,Standard,Advance
15473,15473,Standard,Off-Peak
15474,15474,Standard,Off-Peak
15475,15475,Standard,Advance
15476,15476,Standard,Advance
15477,15477,Standard,Off-Peak
15478,15478,Standard,Off-Peak
15479,15479,Standard,Advance
15480,15480,Standard,Off-Peak
15481,15481,Standard,Off-Peak
15482,15482,Standard,Advance
15483,15483,Standard,Off-Peak
15484,15484,Standard,Advance
15485,15485,Standard,Off-Peak
15486,15486,Standard,Advance
15487,15487,Standard,Advance
15488,15488,Standard,Off-Peak
15489,15489,Standard,Advance
15490,15490,Standard,Advance
15491,15491,Standard,Off-Peak
15492,15492,Standard,Off-Peak
15493,15493,Standard,Off-Peak
15494,15494,Standard,Off-Peak
15495,15495,Standard,Advance
15496,15496,Standard,Advance
15497,15497,Standard,Advance
15498,15498,Standard,Advance
15499,15499,Standard,Advance
15500,15500,Standard,Advance
15501,15501,Standard,Advance
15502,15502,Standard,Advance
15503,15503,Standard,Advance
15504,15504,Standard,Off-Peak
15505,15505,Standard,Advance
15506,15506,Standard,Off-Peak
15507,15507,Standard,Advance
15508,15508,Standard,Advance
15509,15509,Standard,Advance
15510,15510,Standard,Advance
15511,15511,Standard,Advance
15512,15512,Standard,Advance
15513,15513,Standard,Advance
15514,15514,Standard,Advance
15515,15515,Standard,Advance
15516,15516,Standard,Advance
15517,15517,Standard,Off-Peak
15518,15518,Standard,Advance
15519,15519,Standard,Advance
15520,15520,Standard,Advance
15521,15521,Standard,Advance
15522,15522,Standard,Off-Peak
15523,15523,Standard,Off-Peak
15524,15524,Standard,Off-Peak
15525,15525,Standard,Advance
15526,15526,Standard,Off-Peak
15527,15527,Standard,Off-Peak
15528,15528,Standard,Advance
15529,15529,Standard,Advance
15530,15530,Standard,Off-Peak
15531,15531,Standard,Advance
15532,15532,Standard,Advance
15533,15533,Standard,Advance
15534,15534,Standard,Off-Peak
15535,15535,Standard,Off-Peak
15536,15536,Standard,Off-Peak
15537,15537,Standard,Advance
15538,15538,Standard,Off-Peak
15539,15539,Standard,Advance
15540,15540,Standard,Advance
15541,15541,Standard,Advance
15542,15542,Standard,Advance
15543,15543,Standard,Advance
15544,15544,Standard,Advance
15545,15545,Standard,Advance
15546,15546,Standard,Advance
15547,15547,Standard,Advance
15548,15548,Standard,Advance
15549,15549,Standard,Advance
15550,15550,Standard,Advance
15551,15551,Standard,Advance
15552,15552,Standard,Advance
15553,15553,Standard,Advance
15554,15554,Standard,Advance
15555,15555,Standard,Advance
15556,15556,Standard,Advance
15557,15557,Standard,Advance
15558,15558,Standard,Advance
15559,15559,Standard,Advance
15560,15560,Standard,Advance
15561,15561,Standard,Advance
15562,15562,Standard,Advance
15563,15563,Standard,Off-Peak
15564,15564,Standard,Advance
15565,15565,Standard,Off-Peak
15566,15566,Standard,Off-Peak
15567,15567,Standard,Advance
15568,15568,Standard,Advance
15569,15569,Standard,Advance
15570,15570,Standard,Advance
15571,15571,Standard,Advance
15572,15572,Standard,Off-Peak
15573,15573,Standard,Advance
15574,15574,Standard,Off-Peak
15575,15575,Standard,Off-Peak
15576,15576,Standard,Off-Peak
15577,15577,Standard,Off-Peak
15578,15578,Standard,Off-Peak
15579,15579,Standard,Advance
15580,15580,Standard,Off-Peak
15581,15581,Standard,Advance
15582,15582,Standard,Off-Peak
15583,15583,Standard,Off-Peak
15584,15584,Standard,Off-Peak
15585,15585,Standard,Advance
15586,15586,Standard,Advance
15587,15587,Standard,Advance
15588,15588,Standard,Advance
15589,15589,Standard,Advance
15590,15590,Standard,Advance
15591,15591,Standard,Advance
15592,15592,Standard,Advance
15593,15593,Standard,Advance
15594,15594,Standard,Advance
15595,15595,Standard,Advance
15596,15596,Standard,Off-Peak
15597,15597,Standard,Advance
15598,15598,Standard,Advance
15599,15599,Standard,Advance
15600,15600,Standard,Off-Peak
15601,15601,Standard,Advance
15602,15602,Standard,Advance
15603,15603,Standard,Off-Peak
15604,15604,Standard,Advance
15605,15605,Standard,Off-Peak
15606,15606,Standard,Advance
15607,15607,Standard,Advance
15608,15608,Standard,Advance
15609,15609,Standard,Advance
15610,15610,Standard,Off-Peak
15611,15611,Standard,Off-Peak
15612,15612,Standard,Off-Peak
15613,15613,Standard,Off-Peak
15614,15614,Standard,Advance
15615,15615,Standard,Off-Peak
15616,15616,Standard,Advance
15617,15617,Standard,Off-Peak
15618,15618,Standard,Off-Peak
15619,15619,Standard,Advance
15620,15620,Standard,Off-Peak
15621,15621,Standard,Advance
15622,15622,Standard,Advance
15623,15623,Standard,Advance
15624,15624,Standard,Advance
15625,15625,Standard,Advance
15626,15626,Standard,Off-Peak
15627,15627,Standard,Off-Peak
15628,15628,Standard,Advance
15629,15629,Standard,Advance
15630,15630,Standard,Advance
15631,15631,Standard,Off-Peak
15632,15632,Standard,Off-Peak
15633,15633,Standard,Off-Peak
15634,15634,Standard,Advance
15635,15635,Standard,Advance
15636,15636,Standard,Advance
15637,15637,Standard,Advance
15638,15638,Standard,Advance
15639,15639,Standard,Advance
15640,15640,Standard,Advance
15641,15641,Standard,Advance
15642,15642,Standard,Advance
15643,15643,Standard,Advance
15644,15644,Standard,Advance
15645,15645,Standard,Advance
15646,15646,Standard,Advance
15647,15647,Standard,Advance
15648,15648,Standard,Anytime
15649,15649,Standard,Anytime
15650,15650,Standard,Advance
15651,15651,Standard,Anytime
15652,15652,Standard,Anytime
15653,15653,Standard,Advance
15654,15654,Standard,Anytime
15655,15655,Standard,Anytime
15656,15656,Standard,Advance
15657,15657,Standard,Advance
15658,15658,Standard,Advance
15659,15659,Standard,Anytime
15660,15660,Standard,Off-Peak
15661,15661,Standard,Advance
15662,15662,Standard,Advance
15663,15663,Standard,Advance
15664,15664,Standard,Advance
15665,15665,Standard,Advance
15666,15666,Standard,Advance
15667,15667,Standard,Advance
15668,15668,Standard,Advance
15669,15669,Standard,Advance
15670,15670,Standard,Off-Peak
15671,15671,Standard,Advance
15672,15672,Standard,Advance
15673,15673,Standard,Advance
15674,15674,Standard,Advance
15675,15675,Standard,Advance
15676,15676,Standard,Off-Peak
15677,15677,Standard,Off-Peak
15678,15678,Standard,Off-Peak
15679,15679,Standard,Advance
15680,15680,Standard,Anytime
15681,15681,Standard,Advance
15682,15682,Standard,Advance
15683,15683,Standard,Anytime
15684,15684,Standard,Off-Peak
15685,15685,Standard,Anytime
15686,15686,Standard,Anytime
15687,15687,Standard,Anytime
15688,15688,Standard,Advance
15689,15689,Standard,Advance
15690,15690,Standard,Advance
15691,15691,Standard,Advance
15692,15692,Standard,Anytime
15693,15693,Standard,Advance
15694,15694,Standard,Advance
15695,15695,Standard,Off-Peak
15696,15696,Standard,Advance
15697,15697,Standard,Advance
15698,15698,Standard,Advance
15699,15699,Standard,Advance
15700,15700,Standard,Advance
15701,15701,Standard,Advance
15702,15702,Standard,Advance
15703,15703,Standard,Advance
15704,15704,Standard,Advance
15705,15705,Standard,Off-Peak
15706,15706,Standard,Off-Peak
15707,15707,Standard,Anytime
15708,15708,Standard,Anytime
15709,15709,Standard,Anytime
15710,15710,Standard,Anytime
15711,15711,Standard,Anytime
15712,15712,Standard,Anytime
15713,15713,Standard,Off-Peak
15714,15714,Standard,Advance
15715,15715,Standard,Advance
15716,15716,Standard,Advance
15717,15717,Standard,Off-Peak
15718,15718,Standard,Off-Peak
15719,15719,Standard,Off-Peak
15720,15720,Standard,Advance
15721,15721,Standard,Advance
15722,15722,Standard,Off-Peak
15723,15723,Standard,Advance
15724,15724,Standard,Advance
15725,15725,Standard,Off-Peak
15726,15726,Standard,Advance
15727,15727,Standard,Anytime
15728,15728,Standard,Advance
15729,15729,Standard,Anytime
15730,15730,Standard,Advance
15731,15731,Standard,Anytime
15732,15732,Standard,Anytime
15733,15733,Standard,Advance
15734,15734,Standard,Advance
15735,15735,Standard,Advance
15736,15736,Standard,Advance
15737,15737,Standard,Advance
15738,15738,Standard,Advance
15739,15739,Standard,Off-Peak
15740,15740,Standard,Off-Peak
15741,15741,Standard,Anytime
15742,15742,Standard,Anytime
15743,15743,Standard,Off-Peak
15744,15744,Standard,Anytime
15745,15745,Standard,Off-Peak
15746,15746,Standard,Advance
15747,15747,Standard,Advance
15748,15748,Standard,Advance
15749,15749,Standard,Off-Peak
15750,15750,Standard,Off-Peak
15751,15751,Standard,Off-Peak
15752,15752,Standard,Advance
15753,15753,Standard,Anytime
15754,15754,Standard,Anytime
15755,15755,Standard,Anytime
15756,15756,Standard,Anytime
15757,15757,Standard,Advance
15758,15758,Standard,Advance
15759,15759,Standard,Advance
15760,15760,Standard,Advance
15761,15761,Standard,Advance
15762,15762,Standard,Advance
15763,15763,Standard,Advance
15764,15764,Standard,Advance
15765,15765,Standard,Advance
15766,15766,Standard,Advance
15767,15767,Standard,Anytime
15768,15768,Standard,Anytime
15769,15769,Standard,Anytime
15770,15770,Standard,Anytime
15771,15771,Standard,Advance
15772,15772,Standard,Advance
15773,15773,Standard,Advance
15774,15774,Standard,Anytime
15775,15775,Standard,Advance
15776,15776,Standard,Advance
15777,15777,Standard,Advance
15778,15778,Standard,Advance
15779,15779,Standard,Advance
15780,15780,Standard,Advance
15781,15781,Standard,Advance
15782,15782,Standard,Advance
15783,15783,Standard,Off-Peak
15784,15784,Standard,Off-Peak
15785,15785,Standard,Advance
15786,15786,Standard,Advance
15787,15787,Standard,Advance
15788,15788,Standard,Advance
15789,15789,Standard,Advance
15790,15790,Standard,Off-Peak
15791,15791,Standard,Advance
15792,15792,Standard,Anytime
15793,15793,Standard,Advance
15794,15794,Standard,Advance
15795,15795,Standard,Anytime
15796,15796,Standard,Advance
15797,15797,Standard,Advance
15798,15798,Standard,Advance
15799,15799,Standard,Advance
15800,15800,Standard,Off-Peak
15801,15801,Standard,Off-Peak
15802,15802,Standard,Advance
15803,15803,Standard,Advance
15804,15804,Standard,Advance
15805,15805,Standard,Advance
15806,15806,Standard,Advance
15807,15807,Standard,Advance
15808,15808,Standard,Off-Peak
15809,15809,Standard,Off-Peak
15810,15810,Standard,Advance
15811,15811,Standard,Advance
15812,15812,Standard,Off-Peak
15813,15813,Standard,Advance
15814,15814,Standard,Anytime
15815,15815,Standard,Anytime
15816,15816,Standard,Anytime
15817,15817,Standard,Advance
15818,15818,Standard,Anytime
15819,15819,Standard,Anytime
15820,15820,Standard,Anytime
15821,15821,Standard,Anytime
15822,15822,Standard,Anytime
15823,15823,Standard,Advance
15824,15824,Standard,Advance
15825,15825,Standard,Advance
15826,15826,Standard,Advance
15827,15827,Standard,Off-Peak
15828,15828,Standard,Off-Peak
15829,15829,Standard,Off-Peak
15830,15830,Standard,Advance
15831,15831,Standard,Advance
15832,15832,Standard,Advance
15833,15833,Standard,Anytime
15834,15834,Standard,Anytime
15835,15835,Standard,Anytime
15836,15836,Standard,Anytime
15837,15837,Standard,Anytime
15838,15838,Standard,Advance
15839,15839,Standard,Anytime
15840,15840,Standard,Advance
15841,15841,Standard,Anytime
15842,15842,Standard,Advance
15843,15843,Standard,Anytime
15844,15844,Standard,Anytime
15845,15845,Standard,Advance
15846,15846,Standard,Anytime
15847,15847,Standard,Anytime
15848,15848,Standard,Advance
15849,15849,Standard,Off-Peak
15850,15850,Standard,Advance
15851,15851,Standard,Advance
15852,15852,Standard,Off-Peak
15853,15853,Standard,Advance
15854,15854,Standard,Off-Peak
15855,15855,Standard,Off-Peak
15856,15856,Standard,Off-Peak
15857,15857,Standard,Advance
15858,15858,Standard,Advance
15859,15859,Standard,Advance
15860,15860,Standard,Advance
15861,15861,Standard,Advance
15862,15862,Standard,Advance
15863,15863,Standard,Advance
15864,15864,Standard,Advance
15865,15865,Standard,Off-Peak
15866,15866,Standard,Off-Peak
15867,15867,Standard,Off-Peak
15868,15868,Standard,Advance
15869,15869,Standard,Advance
15870,15870,Standard,Off-Peak
15871,15871,Standard,Off-Peak
15872,15872,Standard,Off-Peak
15873,15873,Standard,Off-Peak
15874,15874,Standard,Advance
15875,15875,Standard,Advance
15876,15876,Standard,Off-Peak
15877,15877,Standard,Advance
15878,15878,Standard,Advance
15879,15879,Standard,Advance
15880,15880,Standard,Off-Peak
15881,15881,Standard,Off-Peak
15882,15882,Standard,Off-Peak
15883,15883,Standard,Off-Peak
15884,15884,Standard,Advance
15885,15885,Standard,Off-Peak
15886,15886,Standard,Off-Peak
15887,15887,Standard,Off-Peak
15888,15888,Standard,Off-Peak
15889,15889,Standard,Off-Peak
15890,15890,Standard,Off-Peak
15891,15891,Standard,Off-Peak
15892,15892,Standard,Off-Peak
15893,15893,Standard,Advance
15894,15894,Standard,Advance
15895,15895,Standard,Off-Peak
15896,15896,Standard,Advance
15897,15897,Standard,Off-Peak
15898,15898,Standard,Advance
15899,15899,Standard,Advance
15900,15900,Standard,Advance
15901,15901,Standard,Advance
15902,15902,Standard,Advance
15903,15903,Standard,Off-Peak
15904,15904,Standard,Advance
15905,15905,Standard,Off-Peak
15906,15906,Standard,Advance
15907,15907,Standard,Advance
15908,15908,Standard,Off-Peak
15909,15909,Standard,Off-Peak
15910,15910,Standard,Off-Peak
15911,15911,Standard,Off-Peak
15912,15912,Standard,Off-Peak
15913,15913,Standard,Off-Peak
15914,15914,Standard,Off-Peak
15915,15915,Standard,Off-Peak
15916,15916,Standard,Off-Peak
15917,15917,Standard,Advance
15918,15918,Standard,Off-Peak
15919,15919,Standard,Off-Peak
15920,15920,Standard,Off-Peak
15921,15921,Standard,Advance
15922,15922,Standard,Advance
15923,15923,Standard,Off-Peak
15924,15924,Standard,Off-Peak
15925,15925,Standard,Off-Peak
15926,15926,Standard,Advance
15927,15927,Standard,Off-Peak
15928,15928,Standard,Off-Peak
15929,15929,Standard,Off-Peak
15930,15930,Standard,Advance
15931,15931,Standard,Off-Peak
15932,15932,Standard,Off-Peak
15933,15933,Standard,Off-Peak
15934,15934,Standard,Off-Peak
15935,15935,Standard,Off-Peak
15936,15936,Standard,Off-Peak
15937,15937,Standard,Off-Peak
15938,15938,Standard,Off-Peak
15939,15939,Standard,Off-Peak
15940,15940,Standard,Off-Peak
15941,15941,Standard,Off-Peak
15942,15942,Standard,Off-Peak
15943,15943,Standard,Off-Peak
15944,15944,Standard,Advance
15945,15945,Standard,Off-Peak
15946,15946,Standard,Off-Peak
15947,15947,Standard,Off-Peak
15948,15948,Standard,Advance
15949,15949,Standard,Advance
15950,15950,Standard,Off-Peak
15951,15951,Standard,Advance
15952,15952,Standard,Advance
15953,15953,Standard,Advance
15954,15954,Standard,Advance
15955,15955,Standard,Advance
15956,15956,Standard,Advance
15957,15957,Standard,Advance
15958,15958,Standard,Advance
15959,15959,Standard,Advance
15960,15960,Standard,Advance
15961,15961,Standard,Off-Peak
15962,15962,Standard,Advance
15963,15963,Standard,Advance
15964,15964,Standard,Advance
15965,15965,Standard,Advance
15966,15966,Standard,Advance
15967,15967,Standard,Advance
15968,15968,Standard,Advance
15969,15969,Standard,Advance
15970,15970,Standard,Off-Peak
15971,15971,Standard,Advance
15972,15972,Standard,Advance
15973,15973,Standard,Off-Peak
15974,15974,Standard,Advance
15975,15975,Standard,Advance
15976,15976,Standard,Advance
15977,15977,Standard,Off-Peak
15978,15978,Standard,Advance
15979,15979,Standard,Advance
15980,15980,Standard,Advance
15981,15981,Standard,Off-Peak
15982,15982,Standard,Advance
15983,15983,Standard,Off-Peak
15984,15984,Standard,Advance
15985,15985,Standard,Advance
15986,15986,Standard,Advance
15987,15987,Standard,Off-Peak
15988,15988,Standard,Advance
15989,15989,Standard,Advance
15990,15990,Standard,Advance
15991,15991,Standard,Advance
15992,15992,Standard,Advance
15993,15993,Standard,Off-Peak
15994,15994,Standard,Off-Peak
15995,15995,Standard,Advance
15996,15996,Standard,Advance
15997,15997,Standard,Advance
15998,15998,Standard,Off-Peak
15999,15999,Standard,Advance
16000,16000,Standard,Advance
16001,16001,Standard,Advance
16002,16002,Standard,Off-Peak
16003,16003,Standard,Off-Peak
16004,16004,Standard,Advance
16005,16005,Standard,Advance
16006,16006,Standard,Off-Peak
16007,16007,Standard,Advance
16008,16008,Standard,Advance
16009,16009,Standard,Advance
16010,16010,Standard,Advance
16011,16011,Standard,Off-Peak
16012,16012,Standard,Off-Peak
16013,16013,Standard,Off-Peak
16014,16014,Standard,Off-Peak
16015,16015,Standard,Advance
16016,16016,Standard,Off-Peak
16017,16017,Standard,Advance
16018,16018,Standard,Off-Peak
16019,16019,Standard,Off-Peak
16020,16020,Standard,Advance
16021,16021,Standard,Off-Peak
16022,16022,Standard,Off-Peak
16023,16023,Standard,Off-Peak
16024,16024,Standard,Advance
16025,16025,Standard,Advance
16026,16026,Standard,Advance
16027,16027,Standard,Advance
16028,16028,Standard,Off-Peak
16029,16029,Standard,Off-Peak
16030,16030,Standard,Advance
16031,16031,Standard,Advance
16032,16032,Standard,Off-Peak
16033,16033,Standard,Off-Peak
16034,16034,Standard,Off-Peak
16035,16035,Standard,Advance
16036,16036,Standard,Off-Peak
16037,16037,Standard,Off-Peak
16038,16038,Standard,Off-Peak
16039,16039,Standard,Advance
16040,16040,Standard,Advance
16041,16041,Standard,Off-Peak
16042,16042,Standard,Off-Peak
16043,16043,Standard,Advance
16044,16044,Standard,Advance
16045,16045,Standard,Off-Peak
16046,16046,Standard,Off-Peak
16047,16047,Standard,Off-Peak
16048,16048,Standard,Off-Peak
16049,16049,Standard,Off-Peak
16050,16050,Standard,Off-Peak
16051,16051,Standard,Off-Peak
16052,16052,Standard,Off-Peak
16053,16053,Standard,Off-Peak
16054,16054,Standard,Advance
16055,16055,Standard,Advance
16056,16056,Standard,Advance
16057,16057,Standard,Off-Peak
16058,16058,Standard,Advance
16059,16059,Standard,Advance
16060,16060,Standard,Off-Peak
16061,16061,Standard,Off-Peak
16062,16062,Standard,Off-Peak
16063,16063,Standard,Advance
16064,16064,Standard,Off-Peak
16065,16065,Standard,Advance
16066,16066,Standard,Off-Peak
16067,16067,Standard,Off-Peak
16068,16068,Standard,Off-Peak
16069,16069,Standard,Advance
16070,16070,Standard,Advance
16071,16071,Standard,Advance
16072,16072,Standard,Off-Peak
16073,16073,Standard,Advance
16074,16074,Standard,Advance
16075,16075,Standard,Off-Peak
16076,16076,Standard,Off-Peak
16077,16077,Standard,Advance
16078,16078,Standard,Off-Peak
16079,16079,Standard,Advance
16080,16080,Standard,Off-Peak
16081,16081,Standard,Off-Peak
16082,16082,Standard,Advance
16083,16083,Standard,Off-Peak
16084,16084,Standard,Off-Peak
16085,16085,Standard,Advance
16086,16086,Standard,Advance
16087,16087,Standard,Advance
16088,16088,Standard,Advance
16089,16089,Standard,Advance
16090,16090,Standard,Advance
16091,16091,Standard,Advance
16092,16092,Standard,Advance
16093,16093,Standard,Advance
16094,16094,Standard,Advance
16095,16095,Standard,Off-Peak
16096,16096,Standard,Off-Peak
16097,16097,Standard,Off-Peak
16098,16098,Standard,Advance
16099,16099,Standard,Advance
16100,16100,Standard,Advance
16101,16101,Standard,Advance
16102,16102,Standard,Advance
16103,16103,Standard,Advance
16104,16104,Standard,Advance
16105,16105,Standard,Advance
16106,16106,Standard,Advance
16107,16107,Standard,Advance
16108,16108,Standard,Advance
16109,16109,Standard,Advance
16110,16110,Standard,Advance
16111,16111,Standard,Advance
16112,16112,Standard,Advance
16113,16113,Standard,Advance
16114,16114,Standard,Advance
16115,16115,Standard,Off-Peak
16116,16116,Standard,Off-Peak
16117,16117,Standard,Off-Peak
16118,16118,Standard,Off-Peak
16119,16119,Standard,Advance
16120,16120,Standard,Advance
16121,16121,Standard,Advance
16122,16122,Standard,Advance
16123,16123,Standard,Advance
16124,16124,Standard,Advance
16125,16125,Standard,Advance
16126,16126,Standard,Advance
16127,16127,Standard,Advance
16128,16128,Standard,Advance
16129,16129,Standard,Advance
16130,16130,Standard,Advance
16131,16131,Standard,Advance
16132,16132,Standard,Off-Peak
16133,16133,Standard,Advance
16134,16134,Standard,Off-Peak
16135,16135,Standard,Off-Peak
16136,16136,Standard,Off-Peak
16137,16137,Standard,Off-Peak
16138,16138,Standard,Off-Peak
16139,16139,Standard,Off-Peak
16140,16140,Standard,Advance
16141,16141,Standard,Advance
16142,16142,Standard,Off-Peak
16143,16143,Standard,Off-Peak
16144,16144,Standard,Advance
16145,16145,Standard,Off-Peak
16146,16146,Standard,Advance
16147,16147,Standard,Off-Peak
16148,16148,Standard,Off-Peak
16149,16149,Standard,Advance
16150,16150,Standard,Advance
16151,16151,Standard,Advance
16152,16152,Standard,Advance
16153,16153,Standard,Off-Peak
16154,16154,Standard,Off-Peak
16155,16155,Standard,Off-Peak
16156,16156,Standard,Off-Peak
16157,16157,Standard,Off-Peak
16158,16158,Standard,Off-Peak
16159,16159,Standard,Advance
16160,16160,Standard,Off-Peak
16161,16161,Standard,Off-Peak
16162,16162,Standard,Advance
16163,16163,Standard,Advance
16164,16164,Standard,Advance
16165,16165,Standard,Off-Peak
16166,16166,Standard,Off-Peak
16167,16167,Standard,Off-Peak
16168,16168,Standard,Off-Peak
16169,16169,Standard,Off-Peak
16170,16170,Standard,Off-Peak
16171,16171,Standard,Off-Peak
16172,16172,Standard,Off-Peak
16173,16173,Standard,Off-Peak
16174,16174,Standard,Off-Peak
16175,16175,Standard,Off-Peak
16176,16176,Standard,Off-Peak
16177,16177,Standard,Off-Peak
16178,16178,Standard,Off-Peak
16179,16179,Standard,Off-Peak
16180,16180,Standard,Off-Peak
16181,16181,Standard,Off-Peak
16182,16182,Standard,Off-Peak
16183,16183,Standard,Off-Peak
16184,16184,Standard,Off-Peak
16185,16185,Standard,Off-Peak
16186,16186,Standard,Off-Peak
16187,16187,Standard,Off-Peak
16188,16188,Standard,Off-Peak
16189,16189,Standard,Advance
16190,16190,Standard,Off-Peak
16191,16191,Standard,Advance
16192,16192,Standard,Off-Peak
16193,16193,Standard,Off-Peak
16194,16194,Standard,Off-Peak
16195,16195,Standard,Off-Peak
16196,16196,Standard,Off-Peak
16197,16197,Standard,Off-Peak
16198,16198,Standard,Off-Peak
16199,16199,Standard,Off-Peak
16200,16200,Standard,Off-Peak
16201,16201,Standard,Off-Peak
16202,16202,Standard,Advance
16203,16203,Standard,Advance
16204,16204,Standard,Off-Peak
16205,16205,Standard,Advance
16206,16206,Standard,Off-Peak
16207,16207,Standard,Off-Peak
16208,16208,Standard,Advance
16209,16209,Standard,Off-Peak
16210,16210,Standard,Off-Peak
16211,16211,Standard,Advance
16212,16212,Standard,Advance
16213,16213,Standard,Advance
16214,16214,Standard,Off-Peak
16215,16215,Standard,Advance
16216,16216,Standard,Off-Peak
16217,16217,Standard,Off-Peak
16218,16218,Standard,Off-Peak
16219,16219,Standard,Off-Peak
16220,16220,Standard,Off-Peak
16221,16221,Standard,Off-Peak
16222,16222,Standard,Off-Peak
16223,16223,Standard,Off-Peak
16224,16224,Standard,Off-Peak
16225,16225,Standard,Off-Peak
16226,16226,Standard,Advance
16227,16227,Standard,Off-Peak
16228,16228,Standard,Off-Peak
16229,16229,Standard,Off-Peak
16230,16230,Standard,Off-Peak
16231,16231,Standard,Advance
16232,16232,Standard,Advance
16233,16233,Standard,Advance
16234,16234,Standard,Advance
16235,16235,Standard,Advance
16236,16236,Standard,Advance
16237,16237,Standard,Advance
16238,16238,Standard,Advance
16239,16239,Standard,Advance
16240,16240,Standard,Advance
16241,16241,Standard,Advance
16242,16242,Standard,Advance
16243,16243,Standard,Advance
16244,16244,Standard,Advance
16245,16245,Standard,Advance
16246,16246,Standard,Advance
16247,16247,Standard,Advance
16248,16248,Standard,Advance
16249,16249,Standard,Advance
16250,16250,Standard,Advance
16251,16251,Standard,Advance
16252,16252,Standard,Advance
16253,16253,Standard,Off-Peak
16254,16254,Standard,Advance
16255,16255,Standard,Off-Peak
16256,16256,Standard,Advance
16257,16257,Standard,Advance
16258,16258,Standard,Advance
16259,16259,Standard,Advance
16260,16260,Standard,Advance
16261,16261,Standard,Advance
16262,16262,Standard,Advance
16263,16263,Standard,Advance
16264,16264,Standard,Advance
16265,16265,Standard,Advance
16266,16266,Standard,Advance
16267,16267,Standard,Off-Peak
16268,16268,Standard,Advance
16269,16269,Standard,Advance
16270,16270,Standard,Advance
16271,16271,Standard,Off-Peak
16272,16272,Standard,Off-Peak
16273,16273,Standard,Advance
16274,16274,Standard,Off-Peak
16275,16275,Standard,Off-Peak
16276,16276,Standard,Advance
16277,16277,Standard,Advance
16278,16278,Standard,Advance
16279,16279,Standard,Off-Peak
16280,16280,Standard,Off-Peak
16281,16281,Standard,Advance
16282,16282,Standard,Off-Peak
16283,16283,Standard,Off-Peak
16284,16284,Standard,Off-Peak
16285,16285,Standard,Off-Peak
16286,16286,Standard,Advance
16287,16287,Standard,Off-Peak
16288,16288,Standard,Advance
16289,16289,Standard,Advance
16290,16290,Standard,Advance
16291,16291,Standard,Off-Peak
16292,16292,Standard,Off-Peak
16293,16293,Standard,Advance
16294,16294,Standard,Off-Peak
16295,16295,Standard,Advance
16296,16296,Standard,Advance
16297,16297,Standard,Advance
16298,16298,Standard,Off-Peak
16299,16299,Standard,Advance
16300,16300,Standard,Off-Peak
16301,16301,Standard,Off-Peak
16302,16302,Standard,Advance
16303,16303,Standard,Off-Peak
16304,16304,Standard,Off-Peak
16305,16305,Standard,Off-Peak
16306,16306,Standard,Off-Peak
16307,16307,Standard,Advance
16308,16308,Standard,Advance
16309,16309,Standard,Advance
16310,16310,Standard,Off-Peak
16311,16311,Standard,Off-Peak
16312,16312,Standard,Off-Peak
16313,16313,Standard,Off-Peak
16314,16314,Standard,Off-Peak
16315,16315,Standard,Off-Peak
16316,16316,Standard,Off-Peak
16317,16317,Standard,Off-Peak
16318,16318,Standard,Off-Peak
16319,16319,Standard,Advance
16320,16320,Standard,Off-Peak
16321,16321,Standard,Off-Peak
16322,16322,Standard,Advance
16323,16323,Standard,Off-Peak
16324,16324,Standard,Off-Peak
16325,16325,Standard,Advance
16326,16326,Standard,Advance
16327,16327,Standard,Off-Peak
16328,16328,Standard,Off-Peak
16329,16329,Standard,Off-Peak
16330,16330,Standard,Off-Peak
16331,16331,Standard,Off-Peak
16332,16332,Standard,Off-Peak
16333,16333,Standard,Off-Peak
16334,16334,Standard,Off-Peak
16335,16335,Standard,Off-Peak
16336,16336,Standard,Advance
16337,16337,Standard,Off-Peak
16338,16338,Standard,Advance
16339,16339,Standard,Off-Peak
16340,16340,Standard,Off-Peak
16341,16341,Standard,Advance
16342,16342,Standard,Off-Peak
16343,16343,Standard,Advance
16344,16344,Standard,Off-Peak
16345,16345,Standard,Advance
16346,16346,Standard,Off-Peak
16347,16347,Standard,Off-Peak
16348,16348,Standard,Off-Peak
16349,16349,Standard,Advance
16350,16350,Standard,Off-Peak
16351,16351,Standard,Off-Peak
16352,16352,Standard,Off-Peak
16353,16353,Standard,Advance
16354,16354,Standard,Advance
16355,16355,Standard,Advance
16356,16356,Standard,Advance
16357,16357,Standard,Advance
16358,16358,Standard,Advance
16359,16359,Standard,Off-Peak
16360,16360,Standard,Advance
16361,16361,Standard,Advance
16362,16362,Standard,Off-Peak
16363,16363,Standard,Advance
16364,16364,Standard,Off-Peak
16365,16365,Standard,Off-Peak
16366,16366,Standard,Off-Peak
16367,16367,Standard,Off-Peak
16368,16368,Standard,Off-Peak
16369,16369,Standard,Off-Peak
16370,16370,Standard,Off-Peak
16371,16371,Standard,Off-Peak
16372,16372,Standard,Off-Peak
16373,16373,Standard,Advance
16374,16374,Standard,Advance
16375,16375,Standard,Advance
16376,16376,Standard,Advance
16377,16377,Standard,Advance
16378,16378,Standard,Advance
16379,16379,Standard,Advance
16380,16380,Standard,Off-Peak
16381,16381,Standard,Advance
16382,16382,Standard,Advance
16383,16383,Standard,Off-Peak
16384,16384,Standard,Advance
16385,16385,Standard,Advance
16386,16386,Standard,Advance
16387,16387,Standard,Off-Peak
16388,16388,Standard,Advance
16389,16389,Standard,Advance
16390,16390,Standard,Advance
16391,16391,Standard,Advance
16392,16392,Standard,Advance
16393,16393,Standard,Advance
16394,16394,Standard,Off-Peak
16395,16395,Standard,Off-Peak
16396,16396,Standard,Advance
16397,16397,Standard,Advance
16398,16398,Standard,Advance
16399,16399,Standard,Advance
16400,16400,Standard,Advance
16401,16401,Standard,Advance
16402,16402,Standard,Advance
16403,16403,Standard,Advance
16404,16404,Standard,Advance
16405,16405,Standard,Advance
16406,16406,Standard,Advance
16407,16407,Standard,Advance
16408,16408,Standard,Advance
16409,16409,Standard,Advance
16410,16410,Standard,Advance
16411,16411,Standard,Off-Peak
16412,16412,Standard,Off-Peak
16413,16413,Standard,Off-Peak
16414,16414,Standard,Advance
16415,16415,Standard,Off-Peak
16416,16416,Standard,Off-Peak
16417,16417,Standard,Off-Peak
16418,16418,Standard,Off-Peak
16419,16419,Standard,Advance
16420,16420,Standard,Advance
16421,16421,Standard,Advance
16422,16422,Standard,Off-Peak
16423,16423,Standard,Off-Peak
16424,16424,Standard,Off-Peak
16425,16425,Standard,Off-Peak
16426,16426,Standard,Off-Peak
16427,16427,Standard,Advance
16428,16428,Standard,Advance
16429,16429,Standard,Off-Peak
16430,16430,Standard,Advance
16431,16431,Standard,Advance
16432,16432,Standard,Advance
16433,16433,Standard,Advance
16434,16434,Standard,Anytime
16435,16435,Standard,Anytime
16436,16436,Standard,Anytime
16437,16437,Standard,Anytime
16438,16438,Standard,Anytime
16439,16439,Standard,Anytime
16440,16440,Standard,Anytime
16441,16441,Standard,Anytime
16442,16442,Standard,Anytime
16443,16443,Standard,Anytime
16444,16444,Standard,Anytime
16445,16445,Standard,Anytime
16446,16446,Standard,Anytime
16447,16447,Standard,Advance
16448,16448,Standard,Anytime
16449,16449,Standard,Anytime
16450,16450,Standard,Anytime
16451,16451,Standard,Advance
16452,16452,Standard,Anytime
16453,16453,Standard,Anytime
16454,16454,Standard,Anytime
16455,16455,Standard,Anytime
16456,16456,Standard,Anytime
16457,16457,Standard,Anytime
16458,16458,Standard,Advance
16459,16459,Standard,Advance
16460,16460,Standard,Advance
16461,16461,Standard,Anytime
16462,16462,Standard,Anytime
16463,16463,Standard,Anytime
16464,16464,Standard,Anytime
16465,16465,Standard,Anytime
16466,16466,Standard,Anytime
16467,16467,Standard,Advance
16468,16468,Standard,Advance
16469,16469,Standard,Anytime
16470,16470,Standard,Advance
16471,16471,Standard,Advance
16472,16472,Standard,Anytime
16473,16473,Standard,Anytime
16474,16474,Standard,Anytime
16475,16475,Standard,Advance
16476,16476,Standard,Anytime
16477,16477,Standard,Anytime
16478,16478,Standard,Anytime
16479,16479,Standard,Anytime
16480,16480,Standard,Anytime
16481,16481,Standard,Anytime
16482,16482,Standard,Advance
16483,16483,Standard,Anytime
16484,16484,Standard,Off-Peak
16485,16485,Standard,Off-Peak
16486,16486,Standard,Anytime
16487,16487,Standard,Off-Peak
16488,16488,Standard,Advance
16489,16489,Standard,Advance
16490,16490,Standard,Advance
16491,16491,Standard,Advance
16492,16492,Standard,Off-Peak
16493,16493,Standard,Advance
16494,16494,Standard,Advance
16495,16495,Standard,Advance
16496,16496,Standard,Advance
16497,16497,Standard,Advance
16498,16498,Standard,Advance
16499,16499,Standard,Advance
16500,16500,Standard,Advance
16501,16501,Standard,Advance
16502,16502,Standard,Advance
16503,16503,Standard,Advance
16504,16504,Standard,Advance
16505,16505,Standard,Advance
16506,16506,Standard,Advance
16507,16507,Standard,Advance
16508,16508,Standard,Advance
16509,16509,Standard,Advance
16510,16510,Standard,Off-Peak
16511,16511,Standard,Advance
16512,16512,Standard,Off-Peak
16513,16513,Standard,Advance
16514,16514,Standard,Advance
16515,16515,Standard,Advance
16516,16516,Standard,Advance
16517,16517,Standard,Off-Peak
16518,16518,Standard,Off-Peak
16519,16519,Standard,Advance
16520,16520,Standard,Off-Peak
16521,16521,Standard,Off-Peak
16522,16522,Standard,Advance
16523,16523,Standard,Off-Peak
16524,16524,Standard,Advance
16525,16525,Standard,Off-Peak
16526,16526,Standard,Advance
16527,16527,Standard,Advance
16528,16528,Standard,Advance
16529,16529,Standard,Advance
16530,16530,Standard,Advance
16531,16531,Standard,Advance
16532,16532,Standard,Advance
16533,16533,Standard,Off-Peak
16534,16534,Standard,Advance
16535,16535,Standard,Advance
16536,16536,Standard,Advance
16537,16537,Standard,Off-Peak
16538,16538,Standard,Off-Peak
16539,16539,Standard,Off-Peak
16540,16540,Standard,Advance
16541,16541,Standard,Advance
16542,16542,Standard,Advance
16543,16543,Standard,Advance
16544,16544,Standard,Advance
16545,16545,Standard,Advance
16546,16546,Standard,Off-Peak
16547,16547,Standard,Off-Peak
16548,16548,Standard,Off-Peak
16549,16549,Standard,Off-Peak
16550,16550,Standard,Off-Peak
16551,16551,Standard,Advance
16552,16552,Standard,Off-Peak
16553,16553,Standard,Off-Peak
16554,16554,Standard,Off-Peak
16555,16555,Standard,Advance
16556,16556,Standard,Advance
16557,16557,Standard,Off-Peak
16558,16558,Standard,Advance
16559,16559,Standard,Off-Peak
16560,16560,Standard,Off-Peak
16561,16561,Standard,Anytime
16562,16562,Standard,Anytime
16563,16563,Standard,Anytime
16564,16564,Standard,Advance
16565,16565,Standard,Anytime
16566,16566,Standard,Anytime
16567,16567,Standard,Advance
16568,16568,Standard,Anytime
16569,16569,Standard,Anytime
16570,16570,Standard,Anytime
16571,16571,Standard,Advance
16572,16572,Standard,Advance
16573,16573,Standard,Off-Peak
16574,16574,Standard,Advance
16575,16575,Standard,Anytime
16576,16576,Standard,Anytime
16577,16577,Standard,Anytime
16578,16578,Standard,Anytime
16579,16579,Standard,Advance
16580,16580,Standard,Anytime
16581,16581,Standard,Anytime
16582,16582,Standard,Anytime
16583,16583,Standard,Anytime
16584,16584,Standard,Advance
16585,16585,Standard,Anytime
16586,16586,Standard,Advance
16587,16587,Standard,Advance
16588,16588,Standard,Anytime
16589,16589,Standard,Anytime
16590,16590,Standard,Advance
16591,16591,Standard,Advance
16592,16592,Standard,Advance
16593,16593,Standard,Advance
16594,16594,Standard,Advance
16595,16595,Standard,Advance
16596,16596,Standard,Anytime
16597,16597,Standard,Anytime
16598,16598,Standard,Advance
16599,16599,Standard,Anytime
16600,16600,Standard,Advance
16601,16601,Standard,Advance
16602,16602,Standard,Advance
16603,16603,Standard,Advance
16604,16604,Standard,Advance
16605,16605,Standard,Off-Peak
16606,16606,Standard,Advance
16607,16607,Standard,Advance
16608,16608,Standard,Advance
16609,16609,Standard,Advance
16610,16610,Standard,Advance
16611,16611,Standard,Advance
16612,16612,Standard,Advance
16613,16613,Standard,Advance
16614,16614,Standard,Advance
16615,16615,Standard,Advance
16616,16616,Standard,Advance
16617,16617,Standard,Advance
16618,16618,Standard,Anytime
16619,16619,Standard,Off-Peak
16620,16620,Standard,Anytime
16621,16621,Standard,Advance
16622,16622,Standard,Off-Peak
16623,16623,Standard,Advance
16624,16624,Standard,Advance
16625,16625,Standard,Advance
16626,16626,Standard,Advance
16627,16627,Standard,Advance
16628,16628,Standard,Advance
16629,16629,Standard,Advance
16630,16630,Standard,Advance
16631,16631,Standard,Advance
16632,16632,Standard,Advance
16633,16633,Standard,Advance
16634,16634,Standard,Advance
16635,16635,Standard,Advance
16636,16636,Standard,Advance
16637,16637,Standard,Advance
16638,16638,Standard,Advance
16639,16639,Standard,Advance
16640,16640,Standard,Off-Peak
16641,16641,Standard,Advance
16642,16642,Standard,Advance
16643,16643,Standard,Advance
16644,16644,Standard,Advance
16645,16645,Standard,Advance
16646,16646,Standard,Advance
16647,16647,Standard,Advance
16648,16648,Standard,Advance
16649,16649,Standard,Advance
16650,16650,Standard,Advance
16651,16651,Standard,Advance
16652,16652,Standard,Advance
16653,16653,Standard,Advance
16654,16654,Standard,Advance
16655,16655,Standard,Advance
16656,16656,Standard,Advance
16657,16657,Standard,Off-Peak
16658,16658,Standard,Advance
16659,16659,Standard,Off-Peak
16660,16660,Standard,Off-Peak
16661,16661,Standard,Advance
16662,16662,Standard,Advance
16663,16663,Standard,Advance
16664,16664,Standard,Advance
16665,16665,Standard,Advance
16666,16666,Standard,Advance
16667,16667,Standard,Advance
16668,16668,Standard,Advance
16669,16669,Standard,Advance
16670,16670,Standard,Advance
16671,16671,Standard,Advance
16672,16672,Standard,Advance
16673,16673,Standard,Advance
16674,16674,Standard,Advance
16675,16675,Standard,Advance
16676,16676,Standard,Off-Peak
16677,16677,Standard,Advance
16678,16678,Standard,Off-Peak
16679,16679,Standard,Off-Peak
16680,16680,Standard,Off-Peak
16681,16681,Standard,Advance
16682,16682,Standard,Off-Peak
16683,16683,Standard,Off-Peak
16684,16684,Standard,Advance
16685,16685,Standard,Advance
16686,16686,Standard,Off-Peak
16687,16687,Standard,Off-Peak
16688,16688,Standard,Off-Peak
16689,16689,Standard,Advance
16690,16690,Standard,Off-Peak
16691,16691,Standard,Advance
16692,16692,Standard,Off-Peak
16693,16693,Standard,Off-Peak
16694,16694,Standard,Off-Peak
16695,16695,Standard,Advance
16696,16696,Standard,Advance
16697,16697,Standard,Advance
16698,16698,Standard,Off-Peak
16699,16699,Standard,Advance
16700,16700,Standard,Advance
16701,16701,Standard,Off-Peak
16702,16702,Standard,Off-Peak
16703,16703,Standard,Advance
16704,16704,Standard,Advance
16705,16705,Standard,Advance
16706,16706,Standard,Advance
16707,16707,Standard,Off-Peak
16708,16708,Standard,Advance
16709,16709,Standard,Advance
16710,16710,Standard,Off-Peak
16711,16711,Standard,Advance
16712,16712,Standard,Anytime
16713,16713,Standard,Advance
16714,16714,Standard,Advance
16715,16715,Standard,Anytime
16716,16716,Standard,Anytime
16717,16717,Standard,Anytime
16718,16718,Standard,Anytime
16719,16719,Standard,Anytime
16720,16720,Standard,Anytime
16721,16721,Standard,Advance
16722,16722,Standard,Anytime
16723,16723,Standard,Anytime
16724,16724,Standard,Anytime
16725,16725,Standard,Anytime
16726,16726,Standard,Anytime
16727,16727,Standard,Advance
16728,16728,Standard,Anytime
16729,16729,Standard,Anytime
16730,16730,Standard,Advance
16731,16731,Standard,Advance
16732,16732,Standard,Anytime
16733,16733,Standard,Anytime
16734,16734,Standard,Advance
16735,16735,Standard,Anytime
16736,16736,Standard,Anytime
16737,16737,Standard,Anytime
16738,16738,Standard,Anytime
16739,16739,Standard,Anytime
16740,16740,Standard,Anytime
16741,16741,Standard,Anytime
16742,16742,Standard,Advance
16743,16743,Standard,Anytime
16744,16744,Standard,Anytime
16745,16745,Standard,Anytime
16746,16746,Standard,Anytime
16747,16747,Standard,Anytime
16748,16748,Standard,Anytime
16749,16749,Standard,Anytime
16750,16750,Standard,Anytime
16751,16751,Standard,Anytime
16752,16752,Standard,Anytime
16753,16753,Standard,Anytime
16754,16754,Standard,Anytime
16755,16755,Standard,Off-Peak
16756,16756,Standard,Advance
16757,16757,Standard,Advance
16758,16758,Standard,Anytime
16759,16759,Standard,Advance
16760,16760,Standard,Advance
16761,16761,Standard,Advance
16762,16762,Standard,Advance
16763,16763,Standard,Advance
16764,16764,Standard,Advance
16765,16765,Standard,Advance
16766,16766,Standard,Advance
16767,16767,Standard,Advance
16768,16768,Standard,Advance
16769,16769,Standard,Advance
16770,16770,Standard,Advance
16771,16771,Standard,Advance
16772,16772,Standard,Advance
16773,16773,Standard,Advance
16774,16774,Standard,Advance
16775,16775,Standard,Advance
16776,16776,Standard,Advance
16777,16777,Standard,Advance
16778,16778,Standard,Advance
16779,16779,Standard,Off-Peak
16780,16780,Standard,Advance
16781,16781,Standard,Advance
16782,16782,Standard,Advance
16783,16783,Standard,Off-Peak
16784,16784,Standard,Advance
16785,16785,Standard,Advance
16786,16786,Standard,Off-Peak
16787,16787,Standard,Advance
16788,16788,Standard,Off-Peak
16789,16789,Standard,Advance
16790,16790,Standard,Off-Peak
16791,16791,Standard,Off-Peak
16792,16792,Standard,Advance
16793,16793,Standard,Advance
16794,16794,Standard,Advance
16795,16795,Standard,Advance
16796,16796,Standard,Off-Peak
16797,16797,Standard,Advance
16798,16798,Standard,Advance
16799,16799,Standard,Advance
16800,16800,Standard,Off-Peak
16801,16801,Standard,Off-Peak
16802,16802,Standard,Off-Peak
16803,16803,Standard,Off-Peak
16804,16804,Standard,Advance
16805,16805,Standard,Off-Peak
16806,16806,Standard,Advance
16807,16807,Standard,Off-Peak
16808,16808,Standard,Advance
16809,16809,Standard,Off-Peak
16810,16810,Standard,Advance
16811,16811,Standard,Advance
16812,16812,Standard,Advance
16813,16813,Standard,Off-Peak
16814,16814,Standard,Advance
16815,16815,Standard,Advance
16816,16816,Standard,Off-Peak
16817,16817,Standard,Off-Peak
16818,16818,Standard,Off-Peak
16819,16819,Standard,Off-Peak
16820,16820,Standard,Advance
16821,16821,Standard,Off-Peak
16822,16822,Standard,Off-Peak
16823,16823,Standard,Off-Peak
16824,16824,Standard,Advance
16825,16825,Standard,Off-Peak
16826,16826,Standard,Off-Peak
16827,16827,Standard,Advance
16828,16828,Standard,Off-Peak
16829,16829,Standard,Off-Peak
16830,16830,Standard,Off-Peak
16831,16831,Standard,Off-Peak
16832,16832,Standard,Off-Peak
16833,16833,Standard,Advance
16834,16834,Standard,Off-Peak
16835,16835,Standard,Advance
16836,16836,Standard,Off-Peak
16837,16837,Standard,Off-Peak
16838,16838,Standard,Off-Peak
16839,16839,Standard,Off-Peak
16840,16840,Standard,Anytime
16841,16841,Standard,Advance
16842,16842,Standard,Advance
16843,16843,Standard,Advance
16844,16844,Standard,Anytime
16845,16845,Standard,Anytime
16846,16846,Standard,Anytime
16847,16847,Standard,Anytime
16848,16848,Standard,Advance
16849,16849,Standard,Anytime
16850,16850,Standard,Anytime
16851,16851,Standard,Advance
16852,16852,Standard,Anytime
16853,16853,Standard,Anytime
16854,16854,Standard,Anytime
16855,16855,Standard,Anytime
16856,16856,Standard,Advance
16857,16857,Standard,Advance
16858,16858,Standard,Anytime
16859,16859,Standard,Anytime
16860,16860,Standard,Advance
16861,16861,Standard,Anytime
16862,16862,Standard,Anytime
16863,16863,Standard,Anytime
16864,16864,Standard,Anytime
16865,16865,Standard,Anytime
16866,16866,Standard,Anytime
16867,16867,Standard,Anytime
16868,16868,Standard,Anytime
16869,16869,Standard,Anytime
16870,16870,Standard,Anytime
16871,16871,Standard,Advance
16872,16872,Standard,Anytime
16873,16873,Standard,Anytime
16874,16874,Standard,Anytime
16875,16875,Standard,Advance
16876,16876,Standard,Advance
16877,16877,Standard,Anytime
16878,16878,Standard,Anytime
16879,16879,Standard,Advance
16880,16880,Standard,Anytime
16881,16881,Standard,Anytime
16882,16882,Standard,Advance
16883,16883,Standard,Anytime
16884,16884,Standard,Anytime
16885,16885,Standard,Advance
16886,16886,Standard,Anytime
16887,16887,Standard,Anytime
16888,16888,Standard,Anytime
16889,16889,Standard,Anytime
16890,16890,Standard,Anytime
16891,16891,Standard,Anytime
16892,16892,Standard,Anytime
16893,16893,Standard,Advance
16894,16894,Standard,Anytime
16895,16895,Standard,Anytime
16896,16896,Standard,Anytime
16897,16897,Standard,Advance
16898,16898,Standard,Off-Peak
16899,16899,Standard,Advance
16900,16900,Standard,Advance
16901,16901,Standard,Advance
16902,16902,Standard,Advance
16903,16903,Standard,Advance
16904,16904,Standard,Anytime
16905,16905,Standard,Anytime
16906,16906,Standard,Off-Peak
16907,16907,Standard,Advance
16908,16908,Standard,Off-Peak
16909,16909,Standard,Advance
16910,16910,Standard,Advance
16911,16911,Standard,Off-Peak
16912,16912,Standard,Advance
16913,16913,Standard,Off-Peak
16914,16914,Standard,Off-Peak
16915,16915,Standard,Advance
16916,16916,Standard,Off-Peak
16917,16917,Standard,Advance
16918,16918,Standard,Advance
16919,16919,Standard,Advance
16920,16920,Standard,Advance
16921,16921,Standard,Advance
16922,16922,Standard,Advance
16923,16923,Standard,Advance
16924,16924,Standard,Advance
16925,16925,Standard,Advance
16926,16926,Standard,Advance
16927,16927,Standard,Advance
16928,16928,Standard,Advance
16929,16929,Standard,Advance
16930,16930,Standard,Advance
16931,16931,Standard,Advance
16932,16932,Standard,Advance
16933,16933,Standard,Advance
16934,16934,Standard,Advance
16935,16935,Standard,Advance
16936,16936,Standard,Advance
16937,16937,Standard,Advance
16938,16938,Standard,Advance
16939,16939,Standard,Advance
16940,16940,Standard,Advance
16941,16941,Standard,Advance
16942,16942,Standard,Advance
16943,16943,Standard,Advance
16944,16944,Standard,Advance
16945,16945,Standard,Advance
16946,16946,Standard,Advance
16947,16947,Standard,Off-Peak
16948,16948,Standard,Advance
16949,16949,Standard,Advance
16950,16950,Standard,Advance
16951,16951,Standard,Advance
16952,16952,Standard,Advance
16953,16953,Standard,Off-Peak
16954,16954,Standard,Off-Peak
16955,16955,Standard,Advance
16956,16956,Standard,Advance
16957,16957,Standard,Advance
16958,16958,Standard,Advance
16959,16959,Standard,Advance
16960,16960,Standard,Advance
16961,16961,Standard,Advance
16962,16962,Standard,Advance
16963,16963,Standard,Advance
16964,16964,Standard,Advance
16965,16965,Standard,Advance
16966,16966,Standard,Advance
16967,16967,Standard,Off-Peak
16968,16968,Standard,Advance
16969,16969,Standard,Advance
16970,16970,Standard,Advance
16971,16971,Standard,Off-Peak
16972,16972,Standard,Off-Peak
16973,16973,Standard,Off-Peak
16974,16974,Standard,Advance
16975,16975,Standard,Advance
16976,16976,Standard,Off-Peak
16977,16977,Standard,Advance
16978,16978,Standard,Advance
16979,16979,Standard,Advance
16980,16980,Standard,Advance
16981,16981,Standard,Advance
16982,16982,Standard,Off-Peak
16983,16983,Standard,Advance
16984,16984,Standard,Off-Peak
16985,16985,Standard,Off-Peak
16986,16986,Standard,Off-Peak
16987,16987,Standard,Off-Peak
16988,16988,Standard,Off-Peak
16989,16989,Standard,Advance
16990,16990,Standard,Advance
16991,16991,Standard,Off-Peak
16992,16992,Standard,Off-Peak
16993,16993,Standard,Advance
16994,16994,Standard,Off-Peak
16995,16995,Standard,Anytime
16996,16996,Standard,Anytime
16997,16997,Standard,Anytime
16998,16998,Standard,Anytime
16999,16999,Standard,Advance
17000,17000,Standard,Anytime
17001,17001,Standard,Anytime
17002,17002,Standard,Advance
17003,17003,Standard,Anytime
17004,17004,Standard,Anytime
17005,17005,Standard,Anytime
17006,17006,Standard,Anytime
17007,17007,Standard,Anytime
17008,17008,Standard,Anytime
17009,17009,Standard,Anytime
17010,17010,Standard,Anytime
17011,17011,Standard,Anytime
17012,17012,Standard,Anytime
17013,17013,Standard,Anytime
17014,17014,Standard,Advance
17015,17015,Standard,Anytime
17016,17016,Standard,Advance
17017,17017,Standard,Anytime
17018,17018,Standard,Advance
17019,17019,Standard,Anytime
17020,17020,Standard,Anytime
17021,17021,Standard,Anytime
17022,17022,Standard,Anytime
17023,17023,Standard,Anytime
17024,17024,Standard,Anytime
17025,17025,Standard,Advance
17026,17026,Standard,Anytime
17027,17027,Standard,Anytime
17028,17028,Standard,Anytime
17029,17029,Standard,Anytime
17030,17030,Standard,Anytime
17031,17031,Standard,Advance
17032,17032,Standard,Anytime
17033,17033,Standard,Advance
17034,17034,Standard,Advance
17035,17035,Standard,Anytime
17036,17036,Standard,Anytime
17037,17037,Standard,Anytime
17038,17038,Standard,Anytime
17039,17039,Standard,Anytime
17040,17040,Standard,Anytime
17041,17041,Standard,Anytime
17042,17042,Standard,Advance
17043,17043,Standard,Anytime
17044,17044,Standard,Advance
17045,17045,Standard,Off-Peak
17046,17046,Standard,Off-Peak
17047,17047,Standard,Advance
17048,17048,Standard,Advance
17049,17049,Standard,Advance
17050,17050,Standard,Advance
17051,17051,Standard,Advance
17052,17052,Standard,Off-Peak
17053,17053,Standard,Advance
17054,17054,Standard,Advance
17055,17055,Standard,Advance
17056,17056,Standard,Advance
17057,17057,Standard,Advance
17058,17058,Standard,Advance
17059,17059,Standard,Advance
17060,17060,Standard,Advance
17061,17061,Standard,Advance
17062,17062,Standard,Advance
17063,17063,Standard,Off-Peak
17064,17064,Standard,Advance
17065,17065,Standard,Advance
17066,17066,Standard,Advance
17067,17067,Standard,Advance
17068,17068,Standard,Advance
17069,17069,Standard,Off-Peak
17070,17070,Standard,Off-Peak
17071,17071,Standard,Advance
17072,17072,Standard,Advance
17073,17073,Standard,Advance
17074,17074,Standard,Advance
17075,17075,Standard,Advance
17076,17076,Standard,Off-Peak
17077,17077,Standard,Off-Peak
17078,17078,Standard,Advance
17079,17079,Standard,Advance
17080,17080,Standard,Advance
17081,17081,Standard,Off-Peak
17082,17082,Standard,Advance
17083,17083,Standard,Advance
17084,17084,Standard,Off-Peak
17085,17085,Standard,Advance
17086,17086,Standard,Advance
17087,17087,Standard,Advance
17088,17088,Standard,Advance
17089,17089,Standard,Off-Peak
17090,17090,Standard,Advance
17091,17091,Standard,Advance
17092,17092,Standard,Advance
17093,17093,Standard,Advance
17094,17094,Standard,Advance
17095,17095,Standard,Advance
17096,17096,Standard,Advance
17097,17097,Standard,Off-Peak
17098,17098,Standard,Advance
17099,17099,Standard,Off-Peak
17100,17100,Standard,Off-Peak
17101,17101,Standard,Advance
17102,17102,Standard,Advance
17103,17103,Standard,Off-Peak
17104,17104,Standard,Advance
17105,17105,Standard,Off-Peak
17106,17106,Standard,Off-Peak
17107,17107,Standard,Off-Peak
17108,17108,Standard,Advance
17109,17109,Standard,Advance
17110,17110,Standard,Off-Peak
17111,17111,Standard,Advance
17112,17112,Standard,Off-Peak
17113,17113,Standard,Off-Peak
17114,17114,Standard,Off-Peak
17115,17115,Standard,Off-Peak
17116,17116,Standard,Advance
17117,17117,Standard,Off-Peak
17118,17118,Standard,Off-Peak
17119,17119,Standard,Advance
17120,17120,Standard,Advance
17121,17121,Standard,Anytime
17122,17122,Standard,Anytime
17123,17123,Standard,Advance
17124,17124,Standard,Advance
17125,17125,Standard,Off-Peak
17126,17126,Standard,Advance
17127,17127,Standard,Advance
17128,17128,Standard,Anytime
17129,17129,Standard,Advance
17130,17130,Standard,Anytime
17131,17131,Standard,Advance
17132,17132,Standard,Anytime
17133,17133,Standard,Advance
17134,17134,Standard,Anytime
17135,17135,Standard,Anytime
17136,17136,Standard,Anytime
17137,17137,Standard,Anytime
17138,17138,Standard,Anytime
17139,17139,Standard,Anytime
17140,17140,Standard,Anytime
17141,17141,Standard,Anytime
17142,17142,Standard,Advance
17143,17143,Standard,Off-Peak
17144,17144,Standard,Anytime
17145,17145,Standard,Advance
17146,17146,Standard,Anytime
17147,17147,Standard,Anytime
17148,17148,Standard,Anytime
17149,17149,Standard,Anytime
17150,17150,Standard,Anytime
17151,17151,Standard,Advance
17152,17152,Standard,Anytime
17153,17153,Standard,Advance
17154,17154,Standard,Advance
17155,17155,Standard,Anytime
17156,17156,Standard,Advance
17157,17157,Standard,Anytime
17158,17158,Standard,Advance
17159,17159,Standard,Advance
17160,17160,Standard,Anytime
17161,17161,Standard,Advance
17162,17162,Standard,Anytime
17163,17163,Standard,Anytime
17164,17164,Standard,Advance
17165,17165,Standard,Anytime
17166,17166,Standard,Anytime
17167,17167,Standard,Anytime
17168,17168,Standard,Anytime
17169,17169,Standard,Anytime
17170,17170,Standard,Anytime
17171,17171,Standard,Anytime
17172,17172,Standard,Anytime
17173,17173,Standard,Anytime
17174,17174,Standard,Anytime
17175,17175,Standard,Anytime
17176,17176,Standard,Anytime
17177,17177,Standard,Anytime
17178,17178,Standard,Advance
17179,17179,Standard,Advance
17180,17180,Standard,Advance
17181,17181,Standard,Advance
17182,17182,Standard,Advance
17183,17183,Standard,Advance
17184,17184,Standard,Off-Peak
17185,17185,Standard,Off-Peak
17186,17186,Standard,Advance
17187,17187,Standard,Anytime
17188,17188,Standard,Anytime
17189,17189,Standard,Anytime
17190,17190,Standard,Advance
17191,17191,Standard,Advance
17192,17192,Standard,Advance
17193,17193,Standard,Off-Peak
17194,17194,Standard,Off-Peak
17195,17195,Standard,Advance
17196,17196,Standard,Advance
17197,17197,Standard,Off-Peak
17198,17198,Standard,Advance
17199,17199,Standard,Advance
17200,17200,Standard,Advance
17201,17201,Standard,Advance
17202,17202,Standard,Advance
17203,17203,Standard,Off-Peak
17204,17204,Standard,Advance
17205,17205,Standard,Advance
17206,17206,Standard,Advance
17207,17207,Standard,Off-Peak
17208,17208,Standard,Advance
17209,17209,Standard,Off-Peak
17210,17210,Standard,Off-Peak
17211,17211,Standard,Advance
17212,17212,Standard,Off-Peak
17213,17213,Standard,Advance
17214,17214,Standard,Advance
17215,17215,Standard,Advance
17216,17216,Standard,Advance
17217,17217,Standard,Advance
17218,17218,Standard,Advance
17219,17219,Standard,Advance
17220,17220,Standard,Advance
17221,17221,Standard,Advance
17222,17222,Standard,Advance
17223,17223,Standard,Advance
17224,17224,Standard,Advance
17225,17225,Standard,Advance
17226,17226,Standard,Advance
17227,17227,Standard,Off-Peak
17228,17228,Standard,Off-Peak
17229,17229,Standard,Off-Peak
17230,17230,Standard,Advance
17231,17231,Standard,Off-Peak
17232,17232,Standard,Advance
17233,17233,Standard,Advance
17234,17234,Standard,Advance
17235,17235,Standard,Advance
17236,17236,Standard,Advance
17237,17237,Standard,Advance
17238,17238,Standard,Advance
17239,17239,Standard,Advance
17240,17240,Standard,Advance
17241,17241,Standard,Advance
17242,17242,Standard,Advance
17243,17243,Standard,Off-Peak
17244,17244,Standard,Off-Peak
17245,17245,Standard,Off-Peak
17246,17246,Standard,Off-Peak
17247,17247,Standard,Off-Peak
17248,17248,Standard,Advance
17249,17249,Standard,Off-Peak
17250,17250,Standard,Advance
17251,17251,Standard,Off-Peak
17252,17252,Standard,Advance
17253,17253,Standard,Off-Peak
17254,17254,Standard,Advance
17255,17255,Standard,Advance
17256,17256,Standard,Advance
17257,17257,Standard,Advance
17258,17258,Standard,Advance
17259,17259,Standard,Off-Peak
17260,17260,Standard,Off-Peak
17261,17261,Standard,Advance
17262,17262,Standard,Off-Peak
17263,17263,Standard,Off-Peak
17264,17264,Standard,Off-Peak
17265,17265,Standard,Off-Peak
17266,17266,Standard,Off-Peak
17267,17267,Standard,Off-Peak
17268,17268,Standard,Off-Peak
17269,17269,Standard,Advance
17270,17270,Standard,Advance
17271,17271,Standard,Advance
17272,17272,Standard,Advance
17273,17273,Standard,Off-Peak
17274,17274,Standard,Off-Peak
17275,17275,Standard,Off-Peak
17276,17276,Standard,Off-Peak
17277,17277,Standard,Advance
17278,17278,Standard,Advance
17279,17279,Standard,Advance
17280,17280,Standard,Advance
17281,17281,Standard,Anytime
17282,17282,Standard,Anytime
17283,17283,Standard,Anytime
17284,17284,Standard,Anytime
17285,17285,Standard,Anytime
17286,17286,Standard,Anytime
17287,17287,Standard,Anytime
17288,17288,Standard,Anytime
17289,17289,Standard,Anytime
17290,17290,Standard,Anytime
17291,17291,Standard,Anytime
17292,17292,Standard,Anytime
17293,17293,Standard,Anytime
17294,17294,Standard,Anytime
17295,17295,Standard,Advance
17296,17296,Standard,Advance
17297,17297,Standard,Anytime
17298,17298,Standard,Advance
17299,17299,Standard,Advance
17300,17300,Standard,Advance
17301,17301,Standard,Anytime
17302,17302,Standard,Anytime
17303,17303,Standard,Advance
17304,17304,Standard,Anytime
17305,17305,Standard,Anytime
17306,17306,Standard,Anytime
17307,17307,Standard,Anytime
17308,17308,Standard,Advance
17309,17309,Standard,Anytime
17310,17310,Standard,Anytime
17311,17311,Standard,Anytime
17312,17312,Standard,Advance
17313,17313,Standard,Anytime
17314,17314,Standard,Anytime
17315,17315,Standard,Anytime
17316,17316,Standard,Advance
17317,17317,Standard,Anytime
17318,17318,Standard,Anytime
17319,17319,Standard,Anytime
17320,17320,Standard,Anytime
17321,17321,Standard,Anytime
17322,17322,Standard,Anytime
17323,17323,Standard,Advance
17324,17324,Standard,Off-Peak
17325,17325,Standard,Off-Peak
17326,17326,Standard,Off-Peak
17327,17327,Standard,Advance
17328,17328,Standard,Advance
17329,17329,Standard,Advance
17330,17330,Standard,Advance
17331,17331,Standard,Advance
17332,17332,Standard,Advance
17333,17333,Standard,Advance
17334,17334,Standard,Off-Peak
17335,17335,Standard,Advance
17336,17336,Standard,Advance
17337,17337,Standard,Advance
17338,17338,Standard,Advance
17339,17339,Standard,Off-Peak
17340,17340,Standard,Advance
17341,17341,Standard,Advance
17342,17342,Standard,Advance
17343,17343,Standard,Advance
17344,17344,Standard,Advance
17345,17345,Standard,Advance
17346,17346,Standard,Off-Peak
17347,17347,Standard,Off-Peak
17348,17348,Standard,Off-Peak
17349,17349,Standard,Advance
17350,17350,Standard,Advance
17351,17351,Standard,Advance
17352,17352,Standard,Off-Peak
17353,17353,Standard,Advance
17354,17354,Standard,Advance
17355,17355,Standard,Advance
17356,17356,Standard,Off-Peak
17357,17357,Standard,Advance
17358,17358,Standard,Advance
17359,17359,Standard,Advance
17360,17360,Standard,Advance
17361,17361,Standard,Advance
17362,17362,Standard,Advance
17363,17363,Standard,Off-Peak
17364,17364,Standard,Advance
17365,17365,Standard,Advance
17366,17366,Standard,Off-Peak
17367,17367,Standard,Off-Peak
17368,17368,Standard,Off-Peak
17369,17369,Standard,Advance
17370,17370,Standard,Advance
17371,17371,Standard,Advance
17372,17372,Standard,Off-Peak
17373,17373,Standard,Off-Peak
17374,17374,Standard,Advance
17375,17375,Standard,Advance
17376,17376,Standard,Off-Peak
17377,17377,Standard,Advance
17378,17378,Standard,Off-Peak
17379,17379,Standard,Off-Peak
17380,17380,Standard,Advance
17381,17381,Standard,Off-Peak
17382,17382,Standard,Off-Peak
17383,17383,Standard,Advance
17384,17384,Standard,Off-Peak
17385,17385,Standard,Advance
17386,17386,Standard,Off-Peak
17387,17387,Standard,Off-Peak
17388,17388,Standard,Off-Peak
17389,17389,Standard,Advance
17390,17390,Standard,Off-Peak
17391,17391,Standard,Advance
17392,17392,Standard,Advance
17393,17393,Standard,Off-Peak
17394,17394,Standard,Off-Peak
17395,17395,Standard,Off-Peak
17396,17396,Standard,Off-Peak
17397,17397,Standard,Off-Peak
17398,17398,Standard,Off-Peak
17399,17399,Standard,Advance
17400,17400,Standard,Anytime
17401,17401,Standard,Advance
17402,17402,Standard,Advance
17403,17403,Standard,Anytime
17404,17404,Standard,Advance
17405,17405,Standard,Advance
17406,17406,Standard,Anytime
17407,17407,Standard,Advance
17408,17408,Standard,Anytime
17409,17409,Standard,Anytime
17410,17410,Standard,Anytime
17411,17411,Standard,Advance
17412,17412,Standard,Advance
17413,17413,Standard,Advance
17414,17414,Standard,Anytime
17415,17415,Standard,Anytime
17416,17416,Standard,Anytime
17417,17417,Standard,Advance
17418,17418,Standard,Anytime
17419,17419,Standard,Anytime
17420,17420,Standard,Anytime
17421,17421,Standard,Anytime
17422,17422,Standard,Anytime
17423,17423,Standard,Anytime
17424,17424,Standard,Advance
17425,17425,Standard,Advance
17426,17426,Standard,Anytime
17427,17427,Standard,Advance
17428,17428,Standard,Advance
17429,17429,Standard,Advance
17430,17430,Standard,Advance
17431,17431,Standard,Advance
17432,17432,Standard,Advance
17433,17433,Standard,Anytime
17434,17434,Standard,Anytime
17435,17435,Standard,Anytime
17436,17436,Standard,Advance
17437,17437,Standard,Anytime
17438,17438,Standard,Anytime
17439,17439,Standard,Advance
17440,17440,Standard,Anytime
17441,17441,Standard,Anytime
17442,17442,Standard,Advance
17443,17443,Standard,Advance
17444,17444,Standard,Advance
17445,17445,Standard,Advance
17446,17446,Standard,Advance
17447,17447,Standard,Advance
17448,17448,Standard,Advance
17449,17449,Standard,Advance
17450,17450,Standard,Advance
17451,17451,Standard,Advance
17452,17452,Standard,Anytime
17453,17453,Standard,Anytime
17454,17454,Standard,Anytime
17455,17455,Standard,Anytime
17456,17456,Standard,Anytime
17457,17457,Standard,Off-Peak
17458,17458,Standard,Off-Peak
17459,17459,Standard,Advance
17460,17460,Standard,Off-Peak
17461,17461,Standard,Advance
17462,17462,Standard,Advance
17463,17463,Standard,Advance
17464,17464,Standard,Advance
17465,17465,Standard,Advance
17466,17466,Standard,Advance
17467,17467,Standard,Advance
17468,17468,Standard,Advance
17469,17469,Standard,Off-Peak
17470,17470,Standard,Advance
17471,17471,Standard,Advance
17472,17472,Standard,Advance
17473,17473,Standard,Advance
17474,17474,Standard,Advance
17475,17475,Standard,Advance
17476,17476,Standard,Off-Peak
17477,17477,Standard,Advance
17478,17478,Standard,Advance
17479,17479,Standard,Advance
17480,17480,Standard,Advance
17481,17481,Standard,Advance
17482,17482,Standard,Advance
17483,17483,Standard,Advance
17484,17484,Standard,Advance
17485,17485,Standard,Advance
17486,17486,Standard,Advance
17487,17487,Standard,Advance
17488,17488,Standard,Advance
17489,17489,Standard,Advance
17490,17490,Standard,Off-Peak
17491,17491,Standard,Advance
17492,17492,Standard,Off-Peak
17493,17493,Standard,Off-Peak
17494,17494,Standard,Off-Peak
17495,17495,Standard,Advance
17496,17496,Standard,Off-Peak
17497,17497,Standard,Advance
17498,17498,Standard,Off-Peak
17499,17499,Standard,Off-Peak
17500,17500,Standard,Off-Peak
17501,17501,Standard,Off-Peak
17502,17502,Standard,Advance
17503,17503,Standard,Off-Peak
17504,17504,Standard,Advance
17505,17505,Standard,Off-Peak
17506,17506,Standard,Advance
17507,17507,Standard,Off-Peak
17508,17508,Standard,Advance
17509,17509,Standard,Advance
17510,17510,Standard,Advance
17511,17511,Standard,Advance
17512,17512,Standard,Off-Peak
17513,17513,Standard,Advance
17514,17514,Standard,Off-Peak
17515,17515,Standard,Off-Peak
17516,17516,Standard,Off-Peak
17517,17517,Standard,Advance
17518,17518,Standard,Off-Peak
17519,17519,Standard,Off-Peak
17520,17520,Standard,Off-Peak
17521,17521,Standard,Off-Peak
17522,17522,Standard,Off-Peak
17523,17523,Standard,Off-Peak
17524,17524,Standard,Advance
17525,17525,Standard,Advance
17526,17526,Standard,Advance
17527,17527,Standard,Advance
17528,17528,Standard,Advance
17529,17529,Standard,Advance
17530,17530,Standard,Advance
17531,17531,Standard,Off-Peak
17532,17532,Standard,Advance
17533,17533,Standard,Anytime
17534,17534,Standard,Advance
17535,17535,Standard,Anytime
17536,17536,Standard,Anytime
17537,17537,Standard,Anytime
17538,17538,Standard,Anytime
17539,17539,Standard,Anytime
17540,17540,Standard,Anytime
17541,17541,Standard,Anytime
17542,17542,Standard,Anytime
17543,17543,Standard,Advance
17544,17544,Standard,Anytime
17545,17545,Standard,Advance
17546,17546,Standard,Advance
17547,17547,Standard,Anytime
17548,17548,Standard,Advance
17549,17549,Standard,Advance
17550,17550,Standard,Anytime
17551,17551,Standard,Advance
17552,17552,Standard,Anytime
17553,17553,Standard,Anytime
17554,17554,Standard,Advance
17555,17555,Standard,Advance
17556,17556,Standard,Advance
17557,17557,Standard,Anytime
17558,17558,Standard,Anytime
17559,17559,Standard,Anytime
17560,17560,Standard,Advance
17561,17561,Standard,Anytime
17562,17562,Standard,Anytime
17563,17563,Standard,Anytime
17564,17564,Standard,Anytime
17565,17565,Standard,Advance
17566,17566,Standard,Anytime
17567,17567,Standard,Anytime
17568,17568,Standard,Anytime
17569,17569,Standard,Anytime
17570,17570,Standard,Anytime
17571,17571,Standard,Anytime
17572,17572,Standard,Anytime
17573,17573,Standard,Anytime
17574,17574,Standard,Anytime
17575,17575,Standard,Anytime
17576,17576,Standard,Anytime
17577,17577,Standard,Anytime
17578,17578,Standard,Advance
17579,17579,Standard,Anytime
17580,17580,Standard,Anytime
17581,17581,Standard,Advance
17582,17582,Standard,Off-Peak
17583,17583,Standard,Off-Peak
17584,17584,Standard,Anytime
17585,17585,Standard,Advance
17586,17586,Standard,Advance
17587,17587,Standard,Advance
17588,17588,Standard,Advance
17589,17589,Standard,Advance
17590,17590,Standard,Advance
17591,17591,Standard,Advance
17592,17592,Standard,Advance
17593,17593,Standard,Advance
17594,17594,Standard,Advance
17595,17595,Standard,Advance
17596,17596,Standard,Advance
17597,17597,Standard,Advance
17598,17598,Standard,Advance
17599,17599,Standard,Advance
17600,17600,Standard,Advance
17601,17601,Standard,Advance
17602,17602,Standard,Advance
17603,17603,Standard,Advance
17604,17604,Standard,Advance
17605,17605,Standard,Advance
17606,17606,Standard,Advance
17607,17607,Standard,Advance
17608,17608,Standard,Advance
17609,17609,Standard,Advance
17610,17610,Standard,Advance
17611,17611,Standard,Advance
17612,17612,Standard,Advance
17613,17613,Standard,Advance
17614,17614,Standard,Advance
17615,17615,Standard,Advance
17616,17616,Standard,Advance
17617,17617,Standard,Advance
17618,17618,Standard,Advance
17619,17619,Standard,Off-Peak
17620,17620,Standard,Advance
17621,17621,Standard,Advance
17622,17622,Standard,Off-Peak
17623,17623,Standard,Advance
17624,17624,Standard,Advance
17625,17625,Standard,Advance
17626,17626,Standard,Advance
17627,17627,Standard,Advance
17628,17628,Standard,Advance
17629,17629,Standard,Off-Peak
17630,17630,Standard,Off-Peak
17631,17631,Standard,Off-Peak
17632,17632,Standard,Advance
17633,17633,Standard,Advance
17634,17634,Standard,Advance
17635,17635,Standard,Advance
17636,17636,Standard,Off-Peak
17637,17637,Standard,Off-Peak
17638,17638,Standard,Off-Peak
17639,17639,Standard,Advance
17640,17640,Standard,Advance
17641,17641,Standard,Off-Peak
17642,17642,Standard,Advance
17643,17643,Standard,Advance
17644,17644,Standard,Off-Peak
17645,17645,Standard,Off-Peak
17646,17646,Standard,Off-Peak
17647,17647,Standard,Off-Peak
17648,17648,Standard,Advance
17649,17649,Standard,Advance
17650,17650,Standard,Advance
17651,17651,Standard,Off-Peak
17652,17652,Standard,Off-Peak
17653,17653,Standard,Advance
17654,17654,Standard,Advance
17655,17655,Standard,Off-Peak
17656,17656,Standard,Off-Peak
17657,17657,Standard,Off-Peak
17658,17658,Standard,Off-Peak
17659,17659,Standard,Advance
17660,17660,Standard,Advance
17661,17661,Standard,Off-Peak
17662,17662,Standard,Off-Peak
17663,17663,Standard,Anytime
17664,17664,Standard,Anytime
17665,17665,Standard,Anytime
17666,17666,Standard,Anytime
17667,17667,Standard,Advance
17668,17668,Standard,Anytime
17669,17669,Standard,Advance
17670,17670,Standard,Advance
17671,17671,Standard,Anytime
17672,17672,Standard,Anytime
17673,17673,Standard,Advance
17674,17674,Standard,Advance
17675,17675,Standard,Anytime
17676,17676,Standard,Advance
17677,17677,Standard,Anytime
17678,17678,Standard,Anytime
17679,17679,Standard,Anytime
17680,17680,Standard,Advance
17681,17681,Standard,Anytime
17682,17682,Standard,Anytime
17683,17683,Standard,Anytime
17684,17684,Standard,Anytime
17685,17685,Standard,Anytime
17686,17686,Standard,Anytime
17687,17687,Standard,Advance
17688,17688,Standard,Anytime
17689,17689,Standard,Anytime
17690,17690,Standard,Advance
17691,17691,Standard,Anytime
17692,17692,Standard,Advance
17693,17693,Standard,Advance
17694,17694,Standard,Advance
17695,17695,Standard,Anytime
17696,17696,Standard,Anytime
17697,17697,Standard,Advance
17698,17698,Standard,Anytime
17699,17699,Standard,Anytime
17700,17700,Standard,Anytime
17701,17701,Standard,Anytime
17702,17702,Standard,Anytime
17703,17703,Standard,Anytime
17704,17704,Standard,Anytime
17705,17705,Standard,Off-Peak
17706,17706,Standard,Advance
17707,17707,Standard,Advance
17708,17708,Standard,Advance
17709,17709,Standard,Advance
17710,17710,Standard,Advance
17711,17711,Standard,Advance
17712,17712,Standard,Advance
17713,17713,Standard,Advance
17714,17714,Standard,Advance
17715,17715,Standard,Advance
17716,17716,Standard,Advance
17717,17717,Standard,Advance
17718,17718,Standard,Advance
17719,17719,Standard,Anytime
17720,17720,Standard,Anytime
17721,17721,Standard,Off-Peak
17722,17722,Standard,Advance
17723,17723,Standard,Advance
17724,17724,Standard,Off-Peak
17725,17725,Standard,Advance
17726,17726,Standard,Advance
17727,17727,Standard,Advance
17728,17728,Standard,Advance
17729,17729,Standard,Off-Peak
17730,17730,Standard,Advance
17731,17731,Standard,Advance
17732,17732,Standard,Advance
17733,17733,Standard,Advance
17734,17734,Standard,Off-Peak
17735,17735,Standard,Advance
17736,17736,Standard,Advance
17737,17737,Standard,Off-Peak
17738,17738,Standard,Advance
17739,17739,Standard,Advance
17740,17740,Standard,Advance
17741,17741,Standard,Advance
17742,17742,Standard,Advance
17743,17743,Standard,Advance
17744,17744,Standard,Advance
17745,17745,Standard,Advance
17746,17746,Standard,Advance
17747,17747,Standard,Advance
17748,17748,Standard,Advance
17749,17749,Standard,Advance
17750,17750,Standard,Advance
17751,17751,Standard,Advance
17752,17752,Standard,Advance
17753,17753,Standard,Advance
17754,17754,Standard,Advance
17755,17755,Standard,Advance
17756,17756,Standard,Advance
17757,17757,Standard,Advance
17758,17758,Standard,Advance
17759,17759,Standard,Advance
17760,17760,Standard,Off-Peak
17761,17761,Standard,Advance
17762,17762,Standard,Advance
17763,17763,Standard,Off-Peak
17764,17764,Standard,Advance
17765,17765,Standard,Advance
17766,17766,Standard,Advance
17767,17767,Standard,Advance
17768,17768,Standard,Advance
17769,17769,Standard,Advance
17770,17770,Standard,Advance
17771,17771,Standard,Advance
17772,17772,Standard,Advance
17773,17773,Standard,Advance
17774,17774,Standard,Advance
17775,17775,Standard,Advance
17776,17776,Standard,Advance
17777,17777,Standard,Advance
17778,17778,Standard,Advance
17779,17779,Standard,Advance
17780,17780,Standard,Advance
17781,17781,Standard,Advance
17782,17782,Standard,Advance
17783,17783,Standard,Off-Peak
17784,17784,Standard,Off-Peak
17785,17785,Standard,Off-Peak
17786,17786,Standard,Off-Peak
17787,17787,Standard,Off-Peak
17788,17788,Standard,Off-Peak
17789,17789,Standard,Off-Peak
17790,17790,Standard,Off-Peak
17791,17791,Standard,Off-Peak
17792,17792,Standard,Off-Peak
17793,17793,Standard,Off-Peak
17794,17794,Standard,Off-Peak
17795,17795,Standard,Advance
17796,17796,Standard,Off-Peak
17797,17797,Standard,Advance
17798,17798,Standard,Advance
17799,17799,Standard,Advance
17800,17800,Standard,Advance
17801,17801,Standard,Advance
17802,17802,Standard,Advance
17803,17803,Standard,Advance
17804,17804,Standard,Off-Peak
17805,17805,Standard,Off-Peak
17806,17806,Standard,Advance
17807,17807,Standard,Off-Peak
17808,17808,Standard,Off-Peak
17809,17809,Standard,Off-Peak
17810,17810,Standard,Off-Peak
17811,17811,Standard,Off-Peak
17812,17812,Standard,Advance
17813,17813,Standard,Advance
17814,17814,Standard,Advance
17815,17815,Standard,Advance
17816,17816,Standard,Advance
17817,17817,Standard,Advance
17818,17818,Standard,Advance
17819,17819,Standard,Advance
17820,17820,Standard,Off-Peak
17821,17821,Standard,Off-Peak
17822,17822,Standard,Off-Peak
17823,17823,Standard,Advance
17824,17824,Standard,Off-Peak
17825,17825,Standard,Off-Peak
17826,17826,Standard,Off-Peak
17827,17827,Standard,Off-Peak
17828,17828,Standard,Off-Peak
17829,17829,Standard,Advance
17830,17830,Standard,Off-Peak
17831,17831,Standard,Off-Peak
17832,17832,Standard,Off-Peak
17833,17833,Standard,Off-Peak
17834,17834,Standard,Off-Peak
17835,17835,Standard,Off-Peak
17836,17836,Standard,Off-Peak
17837,17837,Standard,Advance
17838,17838,Standard,Advance
17839,17839,Standard,Off-Peak
17840,17840,Standard,Off-Peak
17841,17841,Standard,Off-Peak
17842,17842,Standard,Off-Peak
17843,17843,Standard,Advance
17844,17844,Standard,Off-Peak
17845,17845,Standard,Off-Peak
17846,17846,Standard,Off-Peak
17847,17847,Standard,Off-Peak
17848,17848,Standard,Advance
17849,17849,Standard,Off-Peak
17850,17850,Standard,Off-Peak
17851,17851,Standard,Off-Peak
17852,17852,Standard,Off-Peak
17853,17853,Standard,Advance
17854,17854,Standard,Off-Peak
17855,17855,Standard,Advance
17856,17856,Standard,Off-Peak
17857,17857,Standard,Off-Peak
17858,17858,Standard,Off-Peak
17859,17859,Standard,Off-Peak
17860,17860,Standard,Off-Peak
17861,17861,Standard,Off-Peak
17862,17862,Standard,Off-Peak
17863,17863,Standard,Off-Peak
17864,17864,Standard,Off-Peak
17865,17865,Standard,Off-Peak
17866,17866,Standard,Off-Peak
17867,17867,Standard,Off-Peak
17868,17868,Standard,Off-Peak
17869,17869,Standard,Off-Peak
17870,17870,Standard,Off-Peak
17871,17871,Standard,Advance
17872,17872,Standard,Advance
17873,17873,Standard,Advance
17874,17874,Standard,Advance
17875,17875,Standard,Advance
17876,17876,Standard,Advance
17877,17877,Standard,Advance
17878,17878,Standard,Advance
17879,17879,Standard,Advance
17880,17880,Standard,Advance
17881,17881,Standard,Advance
17882,17882,Standard,Advance
17883,17883,Standard,Advance
17884,17884,Standard,Off-Peak
17885,17885,Standard,Off-Peak
17886,17886,Standard,Off-Peak
17887,17887,Standard,Off-Peak
17888,17888,Standard,Advance
17889,17889,Standard,Off-Peak
17890,17890,Standard,Advance
17891,17891,Standard,Advance
17892,17892,Standard,Advance
17893,17893,Standard,Off-Peak
17894,17894,Standard,Advance
17895,17895,Standard,Advance
17896,17896,Standard,Off-Peak
17897,17897,Standard,Advance
17898,17898,Standard,Advance
17899,17899,Standard,Advance
17900,17900,Standard,Advance
17901,17901,Standard,Off-Peak
17902,17902,Standard,Off-Peak
17903,17903,Standard,Off-Peak
17904,17904,Standard,Advance
17905,17905,Standard,Advance
17906,17906,Standard,Off-Peak
17907,17907,Standard,Advance
17908,17908,Standard,Advance
17909,17909,Standard,Off-Peak
17910,17910,Standard,Advance
17911,17911,Standard,Off-Peak
17912,17912,Standard,Off-Peak
17913,17913,Standard,Off-Peak
17914,17914,Standard,Advance
17915,17915,Standard,Advance
17916,17916,Standard,Off-Peak
17917,17917,Standard,Off-Peak
17918,17918,Standard,Advance
17919,17919,Standard,Off-Peak
17920,17920,Standard,Advance
17921,17921,Standard,Advance
17922,17922,Standard,Off-Peak
17923,17923,Standard,Off-Peak
17924,17924,Standard,Off-Peak
17925,17925,Standard,Advance
17926,17926,Standard,Off-Peak
17927,17927,Standard,Advance
17928,17928,Standard,Advance
17929,17929,Standard,Advance
17930,17930,Standard,Off-Peak
17931,17931,Standard,Advance
17932,17932,Standard,Off-Peak
17933,17933,Standard,Advance
17934,17934,Standard,Advance
17935,17935,Standard,Off-Peak
17936,17936,Standard,Off-Peak
17937,17937,Standard,Advance
17938,17938,Standard,Off-Peak
17939,17939,Standard,Advance
17940,17940,Standard,Off-Peak
17941,17941,Standard,Advance
17942,17942,Standard,Advance
17943,17943,Standard,Off-Peak
17944,17944,Standard,Off-Peak
17945,17945,Standard,Advance
17946,17946,Standard,Off-Peak
17947,17947,Standard,Off-Peak
17948,17948,Standard,Advance
17949,17949,Standard,Off-Peak
17950,17950,Standard,Advance
17951,17951,Standard,Off-Peak
17952,17952,Standard,Off-Peak
17953,17953,Standard,Off-Peak
17954,17954,Standard,Advance
17955,17955,Standard,Advance
17956,17956,Standard,Off-Peak
17957,17957,Standard,Off-Peak
17958,17958,Standard,Off-Peak
17959,17959,Standard,Off-Peak
17960,17960,Standard,Advance
17961,17961,Standard,Advance
17962,17962,Standard,Off-Peak
17963,17963,Standard,Off-Peak
17964,17964,Standard,Off-Peak
17965,17965,Standard,Off-Peak
17966,17966,Standard,Off-Peak
17967,17967,Standard,Off-Peak
17968,17968,Standard,Advance
17969,17969,Standard,Off-Peak
17970,17970,Standard,Off-Peak
17971,17971,Standard,Off-Peak
17972,17972,Standard,Off-Peak
17973,17973,Standard,Off-Peak
17974,17974,Standard,Off-Peak
17975,17975,Standard,Off-Peak
17976,17976,Standard,Off-Peak
17977,17977,Standard,Off-Peak
17978,17978,Standard,Advance
17979,17979,Standard,Advance
17980,17980,Standard,Off-Peak
17981,17981,Standard,Advance
17982,17982,Standard,Off-Peak
17983,17983,Standard,Advance
17984,17984,Standard,Off-Peak
17985,17985,Standard,Off-Peak
17986,17986,Standard,Off-Peak
17987,17987,Standard,Off-Peak
17988,17988,Standard,Off-Peak
17989,17989,Standard,Off-Peak
17990,17990,Standard,Off-Peak
17991,17991,Standard,Off-Peak
17992,17992,Standard,Advance
17993,17993,Standard,Anytime
17994,17994,Standard,Off-Peak
17995,17995,Standard,Advance
17996,17996,Standard,Off-Peak
17997,17997,Standard,Advance
17998,17998,Standard,Off-Peak
17999,17999,Standard,Advance
18000,18000,Standard,Advance
18001,18001,Standard,Advance
18002,18002,Standard,Off-Peak
18003,18003,Standard,Advance
18004,18004,Standard,Advance
18005,18005,Standard,Advance
18006,18006,Standard,Advance
18007,18007,Standard,Advance
18008,18008,Standard,Advance
18009,18009,Standard,Advance
18010,18010,Standard,Advance
18011,18011,Standard,Advance
18012,18012,Standard,Off-Peak
18013,18013,Standard,Advance
18014,18014,Standard,Advance
18015,18015,Standard,Advance
18016,18016,Standard,Off-Peak
18017,18017,Standard,Advance
18018,18018,Standard,Off-Peak
18019,18019,Standard,Off-Peak
18020,18020,Standard,Advance
18021,18021,Standard,Off-Peak
18022,18022,Standard,Advance
18023,18023,Standard,Off-Peak
18024,18024,Standard,Off-Peak
18025,18025,Standard,Off-Peak
18026,18026,Standard,Advance
18027,18027,Standard,Advance
18028,18028,Standard,Advance
18029,18029,Standard,Advance
18030,18030,Standard,Advance
18031,18031,Standard,Advance
18032,18032,Standard,Advance
18033,18033,Standard,Advance
18034,18034,Standard,Advance
18035,18035,Standard,Advance
18036,18036,Standard,Advance
18037,18037,Standard,Advance
18038,18038,Standard,Advance
18039,18039,Standard,Advance
18040,18040,Standard,Advance
18041,18041,Standard,Advance
18042,18042,Standard,Advance
18043,18043,Standard,Advance
18044,18044,Standard,Advance
18045,18045,Standard,Advance
18046,18046,Standard,Advance
18047,18047,Standard,Advance
18048,18048,Standard,Advance
18049,18049,Standard,Advance
18050,18050,Standard,Advance
18051,18051,Standard,Advance
18052,18052,Standard,Advance
18053,18053,Standard,Advance
18054,18054,Standard,Advance
18055,18055,Standard,Advance
18056,18056,Standard,Off-Peak
18057,18057,Standard,Advance
18058,18058,Standard,Advance
18059,18059,Standard,Advance
18060,18060,Standard,Advance
18061,18061,Standard,Advance
18062,18062,Standard,Advance
18063,18063,Standard,Advance
18064,18064,Standard,Advance
18065,18065,Standard,Advance
18066,18066,Standard,Advance
18067,18067,Standard,Advance
18068,18068,Standard,Advance
18069,18069,Standard,Advance
18070,18070,Standard,Off-Peak
18071,18071,Standard,Off-Peak
18072,18072,Standard,Off-Peak
18073,18073,Standard,Off-Peak
18074,18074,Standard,Off-Peak
18075,18075,Standard,Advance
18076,18076,Standard,Off-Peak
18077,18077,Standard,Off-Peak
18078,18078,Standard,Advance
18079,18079,Standard,Off-Peak
18080,18080,Standard,Advance
18081,18081,Standard,Advance
18082,18082,Standard,Off-Peak
18083,18083,Standard,Off-Peak
18084,18084,Standard,Advance
18085,18085,Standard,Off-Peak
18086,18086,Standard,Off-Peak
18087,18087,Standard,Off-Peak
18088,18088,Standard,Off-Peak
18089,18089,Standard,Off-Peak
18090,18090,Standard,Off-Peak
18091,18091,Standard,Advance
18092,18092,Standard,Advance
18093,18093,Standard,Advance
18094,18094,Standard,Advance
18095,18095,Standard,Off-Peak
18096,18096,Standard,Advance
18097,18097,Standard,Advance
18098,18098,Standard,Off-Peak
18099,18099,Standard,Off-Peak
18100,18100,Standard,Off-Peak
18101,18101,Standard,Off-Peak
18102,18102,Standard,Off-Peak
18103,18103,Standard,Off-Peak
18104,18104,Standard,Off-Peak
18105,18105,Standard,Off-Peak
18106,18106,Standard,Off-Peak
18107,18107,Standard,Off-Peak
18108,18108,Standard,Off-Peak
18109,18109,Standard,Advance
18110,18110,Standard,Off-Peak
18111,18111,Standard,Off-Peak
18112,18112,Standard,Off-Peak
18113,18113,Standard,Off-Peak
18114,18114,Standard,Advance
18115,18115,Standard,Off-Peak
18116,18116,Standard,Off-Peak
18117,18117,Standard,Off-Peak
18118,18118,Standard,Off-Peak
18119,18119,Standard,Off-Peak
18120,18120,Standard,Off-Peak
18121,18121,Standard,Off-Peak
18122,18122,Standard,Off-Peak
18123,18123,Standard,Off-Peak
18124,18124,Standard,Off-Peak
18125,18125,Standard,Advance
18126,18126,Standard,Off-Peak
18127,18127,Standard,Advance
18128,18128,Standard,Advance
18129,18129,Standard,Off-Peak
18130,18130,Standard,Off-Peak
18131,18131,Standard,Off-Peak
18132,18132,Standard,Off-Peak
18133,18133,Standard,Off-Peak
18134,18134,Standard,Off-Peak
18135,18135,Standard,Off-Peak
18136,18136,Standard,Off-Peak
18137,18137,Standard,Off-Peak
18138,18138,Standard,Off-Peak
18139,18139,Standard,Off-Peak
18140,18140,Standard,Advance
18141,18141,Standard,Advance
18142,18142,Standard,Advance
18143,18143,Standard,Advance
18144,18144,Standard,Advance
18145,18145,Standard,Advance
18146,18146,Standard,Advance
18147,18147,Standard,Advance
18148,18148,Standard,Advance
18149,18149,Standard,Advance
18150,18150,Standard,Advance
18151,18151,Standard,Advance
18152,18152,Standard,Advance
18153,18153,Standard,Advance
18154,18154,Standard,Advance
18155,18155,Standard,Advance
18156,18156,Standard,Advance
18157,18157,Standard,Advance
18158,18158,Standard,Advance
18159,18159,Standard,Advance
18160,18160,Standard,Advance
18161,18161,Standard,Advance
18162,18162,Standard,Advance
18163,18163,Standard,Advance
18164,18164,Standard,Advance
18165,18165,Standard,Advance
18166,18166,Standard,Advance
18167,18167,Standard,Advance
18168,18168,Standard,Advance
18169,18169,Standard,Advance
18170,18170,Standard,Advance
18171,18171,Standard,Advance
18172,18172,Standard,Off-Peak
18173,18173,Standard,Advance
18174,18174,Standard,Advance
18175,18175,Standard,Advance
18176,18176,Standard,Advance
18177,18177,Standard,Advance
18178,18178,Standard,Advance
18179,18179,Standard,Advance
18180,18180,Standard,Advance
18181,18181,Standard,Off-Peak
18182,18182,Standard,Advance
18183,18183,Standard,Advance
18184,18184,Standard,Off-Peak
18185,18185,Standard,Off-Peak
18186,18186,Standard,Off-Peak
18187,18187,Standard,Advance
18188,18188,Standard,Advance
18189,18189,Standard,Advance
18190,18190,Standard,Advance
18191,18191,Standard,Advance
18192,18192,Standard,Advance
18193,18193,Standard,Advance
18194,18194,Standard,Off-Peak
18195,18195,Standard,Advance
18196,18196,Standard,Off-Peak
18197,18197,Standard,Advance
18198,18198,Standard,Advance
18199,18199,Standard,Advance
18200,18200,Standard,Advance
18201,18201,Standard,Off-Peak
18202,18202,Standard,Off-Peak
18203,18203,Standard,Advance
18204,18204,Standard,Advance
18205,18205,Standard,Off-Peak
18206,18206,Standard,Off-Peak
18207,18207,Standard,Off-Peak
18208,18208,Standard,Off-Peak
18209,18209,Standard,Off-Peak
18210,18210,Standard,Off-Peak
18211,18211,Standard,Off-Peak
18212,18212,Standard,Advance
18213,18213,Standard,Off-Peak
18214,18214,Standard,Advance
18215,18215,Standard,Off-Peak
18216,18216,Standard,Off-Peak
18217,18217,Standard,Off-Peak
18218,18218,Standard,Off-Peak
18219,18219,Standard,Advance
18220,18220,Standard,Advance
18221,18221,Standard,Advance
18222,18222,Standard,Off-Peak
18223,18223,Standard,Off-Peak
18224,18224,Standard,Off-Peak
18225,18225,Standard,Off-Peak
18226,18226,Standard,Off-Peak
18227,18227,Standard,Off-Peak
18228,18228,Standard,Off-Peak
18229,18229,Standard,Off-Peak
18230,18230,Standard,Off-Peak
18231,18231,Standard,Off-Peak
18232,18232,Standard,Off-Peak
18233,18233,Standard,Off-Peak
18234,18234,Standard,Off-Peak
18235,18235,Standard,Advance
18236,18236,Standard,Off-Peak
18237,18237,Standard,Off-Peak
18238,18238,Standard,Off-Peak
18239,18239,Standard,Off-Peak
18240,18240,Standard,Advance
18241,18241,Standard,Off-Peak
18242,18242,Standard,Advance
18243,18243,Standard,Off-Peak
18244,18244,Standard,Off-Peak
18245,18245,Standard,Off-Peak
18246,18246,Standard,Advance
18247,18247,Standard,Off-Peak
18248,18248,Standard,Advance
18249,18249,Standard,Off-Peak
18250,18250,Standard,Off-Peak
18251,18251,Standard,Off-Peak
18252,18252,Standard,Advance
18253,18253,Standard,Advance
18254,18254,Standard,Off-Peak
18255,18255,Standard,Off-Peak
18256,18256,Standard,Off-Peak
18257,18257,Standard,Off-Peak
18258,18258,Standard,Off-Peak
18259,18259,Standard,Off-Peak
18260,18260,Standard,Off-Peak
18261,18261,Standard,Off-Peak
18262,18262,Standard,Advance
18263,18263,Standard,Advance
18264,18264,Standard,Advance
18265,18265,Standard,Advance
18266,18266,Standard,Off-Peak
18267,18267,Standard,Off-Peak
18268,18268,Standard,Off-Peak
18269,18269,Standard,Advance
18270,18270,Standard,Advance
18271,18271,Standard,Off-Peak
18272,18272,Standard,Off-Peak
18273,18273,Standard,Off-Peak
18274,18274,Standard,Off-Peak
18275,18275,Standard,Advance
18276,18276,Standard,Advance
18277,18277,Standard,Off-Peak
18278,18278,Standard,Off-Peak
18279,18279,Standard,Advance
18280,18280,Standard,Off-Peak
18281,18281,Standard,Off-Peak
18282,18282,Standard,Off-Peak
18283,18283,Standard,Off-Peak
18284,18284,Standard,Off-Peak
18285,18285,Standard,Off-Peak
18286,18286,Standard,Advance
18287,18287,Standard,Off-Peak
18288,18288,Standard,Advance
18289,18289,Standard,Advance
18290,18290,Standard,Advance
18291,18291,Standard,Advance
18292,18292,Standard,Advance
18293,18293,Standard,Off-Peak
18294,18294,Standard,Advance
18295,18295,Standard,Advance
18296,18296,Standard,Off-Peak
18297,18297,Standard,Advance
18298,18298,Standard,Advance
18299,18299,Standard,Advance
18300,18300,Standard,Advance
18301,18301,Standard,Advance
18302,18302,Standard,Off-Peak
18303,18303,Standard,Advance
18304,18304,Standard,Off-Peak
18305,18305,Standard,Off-Peak
18306,18306,Standard,Off-Peak
18307,18307,Standard,Off-Peak
18308,18308,Standard,Off-Peak
18309,18309,Standard,Off-Peak
18310,18310,Standard,Off-Peak
18311,18311,Standard,Off-Peak
18312,18312,Standard,Advance
18313,18313,Standard,Off-Peak
18314,18314,Standard,Off-Peak
18315,18315,Standard,Off-Peak
18316,18316,Standard,Off-Peak
18317,18317,Standard,Advance
18318,18318,Standard,Off-Peak
18319,18319,Standard,Off-Peak
18320,18320,Standard,Advance
18321,18321,Standard,Advance
18322,18322,Standard,Advance
18323,18323,Standard,Advance
18324,18324,Standard,Advance
18325,18325,Standard,Advance
18326,18326,Standard,Advance
18327,18327,Standard,Advance
18328,18328,Standard,Advance
18329,18329,Standard,Advance
18330,18330,Standard,Off-Peak
18331,18331,Standard,Advance
18332,18332,Standard,Advance
18333,18333,Standard,Off-Peak
18334,18334,Standard,Advance
18335,18335,Standard,Advance
18336,18336,Standard,Advance
18337,18337,Standard,Advance
18338,18338,Standard,Advance
18339,18339,Standard,Advance
18340,18340,Standard,Advance
18341,18341,Standard,Advance
18342,18342,Standard,Advance
18343,18343,Standard,Advance
18344,18344,Standard,Advance
18345,18345,Standard,Advance
18346,18346,Standard,Off-Peak
18347,18347,Standard,Off-Peak
18348,18348,Standard,Off-Peak
18349,18349,Standard,Advance
18350,18350,Standard,Off-Peak
18351,18351,Standard,Advance
18352,18352,Standard,Advance
18353,18353,Standard,Advance
18354,18354,Standard,Advance
18355,18355,Standard,Advance
18356,18356,Standard,Advance
18357,18357,Standard,Advance
18358,18358,Standard,Advance
18359,18359,Standard,Advance
18360,18360,Standard,Advance
18361,18361,Standard,Advance
18362,18362,Standard,Advance
18363,18363,Standard,Advance
18364,18364,Standard,Advance
18365,18365,Standard,Advance
18366,18366,Standard,Advance
18367,18367,Standard,Advance
18368,18368,Standard,Advance
18369,18369,Standard,Off-Peak
18370,18370,Standard,Advance
18371,18371,Standard,Off-Peak
18372,18372,Standard,Off-Peak
18373,18373,Standard,Advance
18374,18374,Standard,Off-Peak
18375,18375,Standard,Off-Peak
18376,18376,Standard,Off-Peak
18377,18377,Standard,Off-Peak
18378,18378,Standard,Off-Peak
18379,18379,Standard,Off-Peak
18380,18380,Standard,Off-Peak
18381,18381,Standard,Off-Peak
18382,18382,Standard,Off-Peak
18383,18383,Standard,Off-Peak
18384,18384,Standard,Advance
18385,18385,Standard,Advance
18386,18386,Standard,Advance
18387,18387,Standard,Off-Peak
18388,18388,Standard,Off-Peak
18389,18389,Standard,Advance
18390,18390,Standard,Off-Peak
18391,18391,Standard,Off-Peak
18392,18392,Standard,Off-Peak
18393,18393,Standard,Off-Peak
18394,18394,Standard,Off-Peak
18395,18395,Standard,Off-Peak
18396,18396,Standard,Advance
18397,18397,Standard,Advance
18398,18398,Standard,Advance
18399,18399,Standard,Advance
18400,18400,Standard,Advance
18401,18401,Standard,Advance
18402,18402,Standard,Anytime
18403,18403,Standard,Anytime
18404,18404,Standard,Anytime
18405,18405,Standard,Anytime
18406,18406,Standard,Advance
18407,18407,Standard,Anytime
18408,18408,Standard,Anytime
18409,18409,Standard,Anytime
18410,18410,Standard,Anytime
18411,18411,Standard,Anytime
18412,18412,Standard,Anytime
18413,18413,Standard,Advance
18414,18414,Standard,Advance
18415,18415,Standard,Anytime
18416,18416,Standard,Anytime
18417,18417,Standard,Anytime
18418,18418,Standard,Advance
18419,18419,Standard,Anytime
18420,18420,Standard,Advance
18421,18421,Standard,Advance
18422,18422,Standard,Advance
18423,18423,Standard,Advance
18424,18424,Standard,Advance
18425,18425,Standard,Advance
18426,18426,Standard,Anytime
18427,18427,Standard,Anytime
18428,18428,Standard,Anytime
18429,18429,Standard,Anytime
18430,18430,Standard,Advance
18431,18431,Standard,Anytime
18432,18432,Standard,Anytime
18433,18433,Standard,Anytime
18434,18434,Standard,Anytime
18435,18435,Standard,Anytime
18436,18436,Standard,Anytime
18437,18437,Standard,Anytime
18438,18438,Standard,Anytime
18439,18439,Standard,Advance
18440,18440,Standard,Anytime
18441,18441,Standard,Advance
18442,18442,Standard,Anytime
18443,18443,Standard,Anytime
18444,18444,Standard,Advance
18445,18445,Standard,Advance
18446,18446,Standard,Off-Peak
18447,18447,Standard,Advance
18448,18448,Standard,Advance
18449,18449,Standard,Advance
18450,18450,Standard,Advance
18451,18451,Standard,Off-Peak
18452,18452,Standard,Advance
18453,18453,Standard,Off-Peak
18454,18454,Standard,Advance
18455,18455,Standard,Advance
18456,18456,Standard,Off-Peak
18457,18457,Standard,Advance
18458,18458,Standard,Advance
18459,18459,Standard,Advance
18460,18460,Standard,Advance
18461,18461,Standard,Off-Peak
18462,18462,Standard,Advance
18463,18463,Standard,Advance
18464,18464,Standard,Advance
18465,18465,Standard,Off-Peak
18466,18466,Standard,Advance
18467,18467,Standard,Off-Peak
18468,18468,Standard,Advance
18469,18469,Standard,Off-Peak
18470,18470,Standard,Advance
18471,18471,Standard,Advance
18472,18472,Standard,Advance
18473,18473,Standard,Off-Peak
18474,18474,Standard,Advance
18475,18475,Standard,Off-Peak
18476,18476,Standard,Advance
18477,18477,Standard,Off-Peak
18478,18478,Standard,Advance
18479,18479,Standard,Advance
18480,18480,Standard,Advance
18481,18481,Standard,Advance
18482,18482,Standard,Advance
18483,18483,Standard,Advance
18484,18484,Standard,Advance
18485,18485,Standard,Advance
18486,18486,Standard,Off-Peak
18487,18487,Standard,Off-Peak
18488,18488,Standard,Advance
18489,18489,Standard,Off-Peak
18490,18490,Standard,Off-Peak
18491,18491,Standard,Advance
18492,18492,Standard,Off-Peak
18493,18493,Standard,Off-Peak
18494,18494,Standard,Advance
18495,18495,Standard,Off-Peak
18496,18496,Standard,Off-Peak
18497,18497,Standard,Off-Peak
18498,18498,Standard,Off-Peak
18499,18499,Standard,Off-Peak
18500,18500,Standard,Off-Peak
18501,18501,Standard,Advance
18502,18502,Standard,Off-Peak
18503,18503,Standard,Off-Peak
18504,18504,Standard,Off-Peak
18505,18505,Standard,Advance
18506,18506,Standard,Off-Peak
18507,18507,Standard,Off-Peak
18508,18508,Standard,Advance
18509,18509,Standard,Advance
18510,18510,Standard,Advance
18511,18511,Standard,Advance
18512,18512,Standard,Advance
18513,18513,Standard,Advance
18514,18514,Standard,Off-Peak
18515,18515,Standard,Advance
18516,18516,Standard,Off-Peak
18517,18517,Standard,Off-Peak
18518,18518,Standard,Off-Peak
18519,18519,Standard,Anytime
18520,18520,Standard,Anytime
18521,18521,Standard,Anytime
18522,18522,Standard,Advance
18523,18523,Standard,Anytime
18524,18524,Standard,Advance
18525,18525,Standard,Anytime
18526,18526,Standard,Anytime
18527,18527,Standard,Anytime
18528,18528,Standard,Advance
18529,18529,Standard,Advance
18530,18530,Standard,Anytime
18531,18531,Standard,Anytime
18532,18532,Standard,Anytime
18533,18533,Standard,Anytime
18534,18534,Standard,Advance
18535,18535,Standard,Anytime
18536,18536,Standard,Anytime
18537,18537,Standard,Anytime
18538,18538,Standard,Anytime
18539,18539,Standard,Anytime
18540,18540,Standard,Anytime
18541,18541,Standard,Anytime
18542,18542,Standard,Anytime
18543,18543,Standard,Anytime
18544,18544,Standard,Anytime
18545,18545,Standard,Anytime
18546,18546,Standard,Anytime
18547,18547,Standard,Anytime
18548,18548,Standard,Anytime
18549,18549,Standard,Anytime
18550,18550,Standard,Advance
18551,18551,Standard,Anytime
18552,18552,Standard,Advance
18553,18553,Standard,Anytime
18554,18554,Standard,Anytime
18555,18555,Standard,Anytime
18556,18556,Standard,Anytime
18557,18557,Standard,Anytime
18558,18558,Standard,Anytime
18559,18559,Standard,Anytime
18560,18560,Standard,Anytime
18561,18561,Standard,Advance
18562,18562,Standard,Anytime
18563,18563,Standard,Advance
18564,18564,Standard,Anytime
18565,18565,Standard,Anytime
18566,18566,Standard,Anytime
18567,18567,Standard,Anytime
18568,18568,Standard,Anytime
18569,18569,Standard,Advance
18570,18570,Standard,Anytime
18571,18571,Standard,Anytime
18572,18572,Standard,Advance
18573,18573,Standard,Advance
18574,18574,Standard,Advance
18575,18575,Standard,Off-Peak
18576,18576,Standard,Advance
18577,18577,Standard,Advance
18578,18578,Standard,Advance
18579,18579,Standard,Off-Peak
18580,18580,Standard,Anytime
18581,18581,Standard,Anytime
18582,18582,Standard,Off-Peak
18583,18583,Standard,Off-Peak
18584,18584,Standard,Advance
18585,18585,Standard,Off-Peak
18586,18586,Standard,Advance
18587,18587,Standard,Advance
18588,18588,Standard,Off-Peak
18589,18589,Standard,Advance
18590,18590,Standard,Advance
18591,18591,Standard,Advance
18592,18592,Standard,Advance
18593,18593,Standard,Off-Peak
18594,18594,Standard,Advance
18595,18595,Standard,Advance
18596,18596,Standard,Advance
18597,18597,Standard,Advance
18598,18598,Standard,Advance
18599,18599,Standard,Off-Peak
18600,18600,Standard,Off-Peak
18601,18601,Standard,Advance
18602,18602,Standard,Off-Peak
18603,18603,Standard,Off-Peak
18604,18604,Standard,Off-Peak
18605,18605,Standard,Advance
18606,18606,Standard,Advance
18607,18607,Standard,Advance
18608,18608,Standard,Advance
18609,18609,Standard,Advance
18610,18610,Standard,Advance
18611,18611,Standard,Advance
18612,18612,Standard,Advance
18613,18613,Standard,Advance
18614,18614,Standard,Advance
18615,18615,Standard,Advance
18616,18616,Standard,Advance
18617,18617,Standard,Off-Peak
18618,18618,Standard,Advance
18619,18619,Standard,Advance
18620,18620,Standard,Advance
18621,18621,Standard,Advance
18622,18622,Standard,Advance
18623,18623,Standard,Advance
18624,18624,Standard,Advance
18625,18625,Standard,Advance
18626,18626,Standard,Advance
18627,18627,Standard,Advance
18628,18628,Standard,Advance
18629,18629,Standard,Advance
18630,18630,Standard,Advance
18631,18631,Standard,Advance
18632,18632,Standard,Advance
18633,18633,Standard,Advance
18634,18634,Standard,Advance
18635,18635,Standard,Advance
18636,18636,Standard,Advance
18637,18637,Standard,Off-Peak
18638,18638,Standard,Off-Peak
18639,18639,Standard,Off-Peak
18640,18640,Standard,Off-Peak
18641,18641,Standard,Off-Peak
18642,18642,Standard,Advance
18643,18643,Standard,Advance
18644,18644,Standard,Advance
18645,18645,Standard,Off-Peak
18646,18646,Standard,Advance
18647,18647,Standard,Advance
18648,18648,Standard,Off-Peak
18649,18649,Standard,Off-Peak
18650,18650,Standard,Off-Peak
18651,18651,Standard,Off-Peak
18652,18652,Standard,Off-Peak
18653,18653,Standard,Off-Peak
18654,18654,Standard,Off-Peak
18655,18655,Standard,Off-Peak
18656,18656,Standard,Advance
18657,18657,Standard,Off-Peak
18658,18658,Standard,Off-Peak
18659,18659,Standard,Advance
18660,18660,Standard,Advance
18661,18661,Standard,Advance
18662,18662,Standard,Advance
18663,18663,Standard,Off-Peak
18664,18664,Standard,Advance
18665,18665,Standard,Anytime
18666,18666,Standard,Advance
18667,18667,Standard,Anytime
18668,18668,Standard,Anytime
18669,18669,Standard,Anytime
18670,18670,Standard,Anytime
18671,18671,Standard,Anytime
18672,18672,Standard,Anytime
18673,18673,Standard,Anytime
18674,18674,Standard,Anytime
18675,18675,Standard,Anytime
18676,18676,Standard,Anytime
18677,18677,Standard,Advance
18678,18678,Standard,Anytime
18679,18679,Standard,Anytime
18680,18680,Standard,Anytime
18681,18681,Standard,Anytime
18682,18682,Standard,Anytime
18683,18683,Standard,Advance
18684,18684,Standard,Anytime
18685,18685,Standard,Anytime
18686,18686,Standard,Advance
18687,18687,Standard,Advance
18688,18688,Standard,Advance
18689,18689,Standard,Advance
18690,18690,Standard,Anytime
18691,18691,Standard,Advance
18692,18692,Standard,Advance
18693,18693,Standard,Anytime
18694,18694,Standard,Anytime
18695,18695,Standard,Anytime
18696,18696,Standard,Anytime
18697,18697,Standard,Anytime
18698,18698,Standard,Advance
18699,18699,Standard,Anytime
18700,18700,Standard,Anytime
18701,18701,Standard,Advance
18702,18702,Standard,Anytime
18703,18703,Standard,Anytime
18704,18704,Standard,Advance
18705,18705,Standard,Anytime
18706,18706,Standard,Anytime
18707,18707,Standard,Anytime
18708,18708,Standard,Anytime
18709,18709,Standard,Anytime
18710,18710,Standard,Anytime
18711,18711,Standard,Anytime
18712,18712,Standard,Off-Peak
18713,18713,Standard,Off-Peak
18714,18714,Standard,Advance
18715,18715,Standard,Advance
18716,18716,Standard,Advance
18717,18717,Standard,Advance
18718,18718,Standard,Advance
18719,18719,Standard,Advance
18720,18720,Standard,Advance
18721,18721,Standard,Advance
18722,18722,Standard,Advance
18723,18723,Standard,Advance
18724,18724,Standard,Advance
18725,18725,Standard,Advance
18726,18726,Standard,Advance
18727,18727,Standard,Advance
18728,18728,Standard,Advance
18729,18729,Standard,Advance
18730,18730,Standard,Advance
18731,18731,Standard,Advance
18732,18732,Standard,Advance
18733,18733,Standard,Advance
18734,18734,Standard,Advance
18735,18735,Standard,Advance
18736,18736,Standard,Advance
18737,18737,Standard,Advance
18738,18738,Standard,Off-Peak
18739,18739,Standard,Off-Peak
18740,18740,Standard,Off-Peak
18741,18741,Standard,Off-Peak
18742,18742,Standard,Advance
18743,18743,Standard,Advance
18744,18744,Standard,Advance
18745,18745,Standard,Off-Peak
18746,18746,Standard,Advance
18747,18747,Standard,Advance
18748,18748,Standard,Advance
18749,18749,Standard,Advance
18750,18750,Standard,Off-Peak
18751,18751,Standard,Advance
18752,18752,Standard,Advance
18753,18753,Standard,Advance
18754,18754,Standard,Advance
18755,18755,Standard,Off-Peak
18756,18756,Standard,Off-Peak
18757,18757,Standard,Off-Peak
18758,18758,Standard,Off-Peak
18759,18759,Standard,Off-Peak
18760,18760,Standard,Advance
18761,18761,Standard,Off-Peak
18762,18762,Standard,Advance
18763,18763,Standard,Off-Peak
18764,18764,Standard,Off-Peak
18765,18765,Standard,Off-Peak
18766,18766,Standard,Off-Peak
18767,18767,Standard,Off-Peak
18768,18768,Standard,Off-Peak
18769,18769,Standard,Advance
18770,18770,Standard,Off-Peak
18771,18771,Standard,Advance
18772,18772,Standard,Advance
18773,18773,Standard,Off-Peak
18774,18774,Standard,Off-Peak
18775,18775,Standard,Off-Peak
18776,18776,Standard,Advance
18777,18777,Standard,Off-Peak
18778,18778,Standard,Advance
18779,18779,Standard,Off-Peak
18780,18780,Standard,Advance
18781,18781,Standard,Anytime
18782,18782,Standard,Anytime
18783,18783,Standard,Anytime
18784,18784,Standard,Advance
18785,18785,Standard,Anytime
18786,18786,Standard,Anytime
18787,18787,Standard,Anytime
18788,18788,Standard,Anytime
18789,18789,Standard,Anytime
18790,18790,Standard,Advance
18791,18791,Standard,Anytime
18792,18792,Standard,Anytime
18793,18793,Standard,Anytime
18794,18794,Standard,Anytime
18795,18795,Standard,Advance
18796,18796,Standard,Off-Peak
18797,18797,Standard,Advance
18798,18798,Standard,Anytime
18799,18799,Standard,Anytime
18800,18800,Standard,Advance
18801,18801,Standard,Advance
18802,18802,Standard,Advance
18803,18803,Standard,Advance
18804,18804,Standard,Anytime
18805,18805,Standard,Anytime
18806,18806,Standard,Anytime
18807,18807,Standard,Advance
18808,18808,Standard,Advance
18809,18809,Standard,Anytime
18810,18810,Standard,Anytime
18811,18811,Standard,Advance
18812,18812,Standard,Anytime
18813,18813,Standard,Anytime
18814,18814,Standard,Anytime
18815,18815,Standard,Anytime
18816,18816,Standard,Anytime
18817,18817,Standard,Advance
18818,18818,Standard,Advance
18819,18819,Standard,Advance
18820,18820,Standard,Advance
18821,18821,Standard,Advance
18822,18822,Standard,Advance
18823,18823,Standard,Anytime
18824,18824,Standard,Anytime
18825,18825,Standard,Advance
18826,18826,Standard,Anytime
18827,18827,Standard,Anytime
18828,18828,Standard,Anytime
18829,18829,Standard,Anytime
18830,18830,Standard,Anytime
18831,18831,Standard,Advance
18832,18832,Standard,Advance
18833,18833,Standard,Anytime
18834,18834,Standard,Anytime
18835,18835,Standard,Advance
18836,18836,Standard,Advance
18837,18837,Standard,Advance
18838,18838,Standard,Advance
18839,18839,Standard,Advance
18840,18840,Standard,Advance
18841,18841,Standard,Advance
18842,18842,Standard,Advance
18843,18843,Standard,Advance
18844,18844,Standard,Advance
18845,18845,Standard,Advance
18846,18846,Standard,Advance
18847,18847,Standard,Advance
18848,18848,Standard,Advance
18849,18849,Standard,Advance
18850,18850,Standard,Advance
18851,18851,Standard,Advance
18852,18852,Standard,Advance
18853,18853,Standard,Advance
18854,18854,Standard,Advance
18855,18855,Standard,Anytime
18856,18856,Standard,Anytime
18857,18857,Standard,Off-Peak
18858,18858,Standard,Advance
18859,18859,Standard,Advance
18860,18860,Standard,Off-Peak
18861,18861,Standard,Off-Peak
18862,18862,Standard,Advance
18863,18863,Standard,Advance
18864,18864,Standard,Advance
18865,18865,Standard,Advance
18866,18866,Standard,Advance
18867,18867,Standard,Advance
18868,18868,Standard,Advance
18869,18869,Standard,Advance
18870,18870,Standard,Advance
18871,18871,Standard,Advance
18872,18872,Standard,Advance
18873,18873,Standard,Advance
18874,18874,Standard,Advance
18875,18875,Standard,Advance
18876,18876,Standard,Off-Peak
18877,18877,Standard,Advance
18878,18878,Standard,Off-Peak
18879,18879,Standard,Advance
18880,18880,Standard,Advance
18881,18881,Standard,Advance
18882,18882,Standard,Advance
18883,18883,Standard,Advance
18884,18884,Standard,Advance
18885,18885,Standard,Advance
18886,18886,Standard,Advance
18887,18887,Standard,Advance
18888,18888,Standard,Advance
18889,18889,Standard,Advance
18890,18890,Standard,Advance
18891,18891,Standard,Off-Peak
18892,18892,Standard,Off-Peak
18893,18893,Standard,Off-Peak
18894,18894,Standard,Off-Peak
18895,18895,Standard,Off-Peak
18896,18896,Standard,Off-Peak
18897,18897,Standard,Off-Peak
18898,18898,Standard,Off-Peak
18899,18899,Standard,Off-Peak
18900,18900,Standard,Off-Peak
18901,18901,Standard,Advance
18902,18902,Standard,Advance
18903,18903,Standard,Off-Peak
18904,18904,Standard,Advance
18905,18905,Standard,Advance
18906,18906,Standard,Advance
18907,18907,Standard,Advance
18908,18908,Standard,Off-Peak
18909,18909,Standard,Advance
18910,18910,Standard,Off-Peak
18911,18911,Standard,Advance
18912,18912,Standard,Advance
18913,18913,Standard,Advance
18914,18914,Standard,Advance
18915,18915,Standard,Advance
18916,18916,Standard,Advance
18917,18917,Standard,Off-Peak
18918,18918,Standard,Off-Peak
18919,18919,Standard,Advance
18920,18920,Standard,Off-Peak
18921,18921,Standard,Off-Peak
18922,18922,Standard,Off-Peak
18923,18923,Standard,Off-Peak
18924,18924,Standard,Advance
18925,18925,Standard,Off-Peak
18926,18926,Standard,Advance
18927,18927,Standard,Off-Peak
18928,18928,Standard,Advance
18929,18929,Standard,Advance
18930,18930,Standard,Off-Peak
18931,18931,Standard,Off-Peak
18932,18932,Standard,Off-Peak
18933,18933,Standard,Off-Peak
18934,18934,Standard,Advance
18935,18935,Standard,Advance
18936,18936,Standard,Advance
18937,18937,Standard,Anytime
18938,18938,Standard,Anytime
18939,18939,Standard,Advance
18940,18940,Standard,Anytime
18941,18941,Standard,Anytime
18942,18942,Standard,Anytime
18943,18943,Standard,Anytime
18944,18944,Standard,Anytime
18945,18945,Standard,Anytime
18946,18946,Standard,Anytime
18947,18947,Standard,Anytime
18948,18948,Standard,Anytime
18949,18949,Standard,Anytime
18950,18950,Standard,Advance
18951,18951,Standard,Anytime
18952,18952,Standard,Advance
18953,18953,Standard,Anytime
18954,18954,Standard,Advance
18955,18955,Standard,Anytime
18956,18956,Standard,Anytime
18957,18957,Standard,Anytime
18958,18958,Standard,Anytime
18959,18959,Standard,Anytime
18960,18960,Standard,Advance
18961,18961,Standard,Anytime
18962,18962,Standard,Anytime
18963,18963,Standard,Anytime
18964,18964,Standard,Anytime
18965,18965,Standard,Anytime
18966,18966,Standard,Anytime
18967,18967,Standard,Anytime
18968,18968,Standard,Anytime
18969,18969,Standard,Anytime
18970,18970,Standard,Anytime
18971,18971,Standard,Anytime
18972,18972,Standard,Anytime
18973,18973,Standard,Anytime
18974,18974,Standard,Off-Peak
18975,18975,Standard,Anytime
18976,18976,Standard,Off-Peak
18977,18977,Standard,Advance
18978,18978,Standard,Advance
18979,18979,Standard,Off-Peak
18980,18980,Standard,Advance
18981,18981,Standard,Anytime
18982,18982,Standard,Advance
18983,18983,Standard,Off-Peak
18984,18984,Standard,Advance
18985,18985,Standard,Advance
18986,18986,Standard,Advance
18987,18987,Standard,Advance
18988,18988,Standard,Advance
18989,18989,Standard,Advance
18990,18990,Standard,Advance
18991,18991,Standard,Advance
18992,18992,Standard,Advance
18993,18993,Standard,Advance
18994,18994,Standard,Advance
18995,18995,Standard,Advance
18996,18996,Standard,Advance
18997,18997,Standard,Advance
18998,18998,Standard,Advance
18999,18999,Standard,Advance
19000,19000,Standard,Advance
19001,19001,Standard,Off-Peak
19002,19002,Standard,Advance
19003,19003,Standard,Advance
19004,19004,Standard,Advance
19005,19005,Standard,Advance
19006,19006,Standard,Advance
19007,19007,Standard,Advance
19008,19008,Standard,Off-Peak
19009,19009,Standard,Advance
19010,19010,Standard,Advance
19011,19011,Standard,Advance
19012,19012,Standard,Advance
19013,19013,Standard,Off-Peak
19014,19014,Standard,Advance
19015,19015,Standard,Off-Peak
19016,19016,Standard,Advance
19017,19017,Standard,Advance
19018,19018,Standard,Off-Peak
19019,19019,Standard,Off-Peak
19020,19020,Standard,Advance
19021,19021,Standard,Advance
19022,19022,Standard,Advance
19023,19023,Standard,Off-Peak
19024,19024,Standard,Advance
19025,19025,Standard,Off-Peak
19026,19026,Standard,Off-Peak
19027,19027,Standard,Advance
19028,19028,Standard,Off-Peak
19029,19029,Standard,Advance
19030,19030,Standard,Off-Peak
19031,19031,Standard,Advance
19032,19032,Standard,Advance
19033,19033,Standard,Off-Peak
19034,19034,Standard,Off-Peak
19035,19035,Standard,Off-Peak
19036,19036,Standard,Off-Peak
19037,19037,Standard,Advance
19038,19038,Standard,Advance
19039,19039,Standard,Off-Peak
19040,19040,Standard,Advance
19041,19041,Standard,Advance
19042,19042,Standard,Off-Peak
19043,19043,Standard,Off-Peak
19044,19044,Standard,Off-Peak
19045,19045,Standard,Advance
19046,19046,Standard,Off-Peak
19047,19047,Standard,Advance
19048,19048,Standard,Off-Peak
19049,19049,Standard,Advance
19050,19050,Standard,Advance
19051,19051,Standard,Off-Peak
19052,19052,Standard,Off-Peak
19053,19053,Standard,Off-Peak
19054,19054,Standard,Advance
19055,19055,Standard,Advance
19056,19056,Standard,Anytime
19057,19057,Standard,Anytime
19058,19058,Standard,Anytime
19059,19059,Standard,Anytime
19060,19060,Standard,Advance
19061,19061,Standard,Anytime
19062,19062,Standard,Advance
19063,19063,Standard,Off-Peak
19064,19064,Standard,Advance
19065,19065,Standard,Anytime
19066,19066,Standard,Anytime
19067,19067,Standard,Anytime
19068,19068,Standard,Anytime
19069,19069,Standard,Advance
19070,19070,Standard,Anytime
19071,19071,Standard,Anytime
19072,19072,Standard,Advance
19073,19073,Standard,Anytime
19074,19074,Standard,Advance
19075,19075,Standard,Anytime
19076,19076,Standard,Advance
19077,19077,Standard,Advance
19078,19078,Standard,Anytime
19079,19079,Standard,Advance
19080,19080,Standard,Advance
19081,19081,Standard,Anytime
19082,19082,Standard,Advance
19083,19083,Standard,Anytime
19084,19084,Standard,Advance
19085,19085,Standard,Anytime
19086,19086,Standard,Advance
19087,19087,Standard,Advance
19088,19088,Standard,Anytime
19089,19089,Standard,Anytime
19090,19090,Standard,Advance
19091,19091,Standard,Advance
19092,19092,Standard,Advance
19093,19093,Standard,Advance
19094,19094,Standard,Advance
19095,19095,Standard,Anytime
19096,19096,Standard,Anytime
19097,19097,Standard,Advance
19098,19098,Standard,Anytime
19099,19099,Standard,Anytime
19100,19100,Standard,Anytime
19101,19101,Standard,Anytime
19102,19102,Standard,Anytime
19103,19103,Standard,Anytime
19104,19104,Standard,Anytime
19105,19105,Standard,Anytime
19106,19106,Standard,Anytime
19107,19107,Standard,Anytime
19108,19108,Standard,Anytime
19109,19109,Standard,Anytime
19110,19110,Standard,Advance
19111,19111,Standard,Advance
19112,19112,Standard,Advance
19113,19113,Standard,Advance
19114,19114,Standard,Off-Peak
19115,19115,Standard,Advance
19116,19116,Standard,Advance
19117,19117,Standard,Off-Peak
19118,19118,Standard,Off-Peak
19119,19119,Standard,Advance
19120,19120,Standard,Advance
19121,19121,Standard,Advance
19122,19122,Standard,Anytime
19123,19123,Standard,Advance
19124,19124,Standard,Advance
19125,19125,Standard,Advance
19126,19126,Standard,Off-Peak
19127,19127,Standard,Advance
19128,19128,Standard,Advance
19129,19129,Standard,Off-Peak
19130,19130,Standard,Advance
19131,19131,Standard,Off-Peak
19132,19132,Standard,Advance
19133,19133,Standard,Advance
19134,19134,Standard,Advance
19135,19135,Standard,Advance
19136,19136,Standard,Advance
19137,19137,Standard,Advance
19138,19138,Standard,Advance
19139,19139,Standard,Advance
19140,19140,Standard,Off-Peak
19141,19141,Standard,Advance
19142,19142,Standard,Off-Peak
19143,19143,Standard,Advance
19144,19144,Standard,Off-Peak
19145,19145,Standard,Advance
19146,19146,Standard,Off-Peak
19147,19147,Standard,Advance
19148,19148,Standard,Advance
19149,19149,Standard,Advance
19150,19150,Standard,Advance
19151,19151,Standard,Advance
19152,19152,Standard,Advance
19153,19153,Standard,Advance
19154,19154,Standard,Advance
19155,19155,Standard,Advance
19156,19156,Standard,Advance
19157,19157,Standard,Advance
19158,19158,Standard,Advance
19159,19159,Standard,Advance
19160,19160,Standard,Advance
19161,19161,Standard,Advance
19162,19162,Standard,Advance
19163,19163,Standard,Advance
19164,19164,Standard,Advance
19165,19165,Standard,Advance
19166,19166,Standard,Advance
19167,19167,Standard,Advance
19168,19168,Standard,Advance
19169,19169,Standard,Advance
19170,19170,Standard,Advance
19171,19171,Standard,Advance
19172,19172,Standard,Advance
19173,19173,Standard,Advance
19174,19174,Standard,Off-Peak
19175,19175,Standard,Off-Peak
19176,19176,Standard,Off-Peak
19177,19177,Standard,Off-Peak
19178,19178,Standard,Advance
19179,19179,Standard,Off-Peak
19180,19180,Standard,Advance
19181,19181,Standard,Off-Peak
19182,19182,Standard,Off-Peak
19183,19183,Standard,Advance
19184,19184,Standard,Off-Peak
19185,19185,Standard,Off-Peak
19186,19186,Standard,Off-Peak
19187,19187,Standard,Advance
19188,19188,Standard,Advance
19189,19189,Standard,Advance
19190,19190,Standard,Off-Peak
19191,19191,Standard,Advance
19192,19192,Standard,Advance
19193,19193,Standard,Advance
19194,19194,Standard,Advance
19195,19195,Standard,Off-Peak
19196,19196,Standard,Advance
19197,19197,Standard,Off-Peak
19198,19198,Standard,Off-Peak
19199,19199,Standard,Off-Peak
19200,19200,Standard,Off-Peak
19201,19201,Standard,Advance
19202,19202,Standard,Advance
19203,19203,Standard,Off-Peak
19204,19204,Standard,Off-Peak
19205,19205,Standard,Advance
19206,19206,Standard,Off-Peak
19207,19207,Standard,Off-Peak
19208,19208,Standard,Off-Peak
19209,19209,Standard,Off-Peak
19210,19210,Standard,Advance
19211,19211,Standard,Off-Peak
19212,19212,Standard,Off-Peak
19213,19213,Standard,Advance
19214,19214,Standard,Anytime
19215,19215,Standard,Anytime
19216,19216,Standard,Anytime
19217,19217,Standard,Anytime
19218,19218,Standard,Anytime
19219,19219,Standard,Anytime
19220,19220,Standard,Anytime
19221,19221,Standard,Anytime
19222,19222,Standard,Anytime
19223,19223,Standard,Anytime
19224,19224,Standard,Anytime
19225,19225,Standard,Anytime
19226,19226,Standard,Anytime
19227,19227,Standard,Anytime
19228,19228,Standard,Advance
19229,19229,Standard,Advance
19230,19230,Standard,Advance
19231,19231,Standard,Advance
19232,19232,Standard,Advance
19233,19233,Standard,Anytime
19234,19234,Standard,Advance
19235,19235,Standard,Advance
19236,19236,Standard,Anytime
19237,19237,Standard,Anytime
19238,19238,Standard,Anytime
19239,19239,Standard,Anytime
19240,19240,Standard,Anytime
19241,19241,Standard,Anytime
19242,19242,Standard,Anytime
19243,19243,Standard,Anytime
19244,19244,Standard,Anytime
19245,19245,Standard,Anytime
19246,19246,Standard,Anytime
19247,19247,Standard,Anytime
19248,19248,Standard,Anytime
19249,19249,Standard,Anytime
19250,19250,Standard,Anytime
19251,19251,Standard,Anytime
19252,19252,Standard,Anytime
19253,19253,Standard,Advance
19254,19254,Standard,Anytime
19255,19255,Standard,Anytime
19256,19256,Standard,Anytime
19257,19257,Standard,Off-Peak
19258,19258,Standard,Anytime
19259,19259,Standard,Advance
19260,19260,Standard,Advance
19261,19261,Standard,Advance
19262,19262,Standard,Advance
19263,19263,Standard,Advance
19264,19264,Standard,Off-Peak
19265,19265,Standard,Off-Peak
19266,19266,Standard,Advance
19267,19267,Standard,Advance
19268,19268,Standard,Off-Peak
19269,19269,Standard,Advance
19270,19270,Standard,Advance
19271,19271,Standard,Advance
19272,19272,Standard,Advance
19273,19273,Standard,Advance
19274,19274,Standard,Advance
19275,19275,Standard,Advance
19276,19276,Standard,Advance
19277,19277,Standard,Advance
19278,19278,Standard,Advance
19279,19279,Standard,Advance
19280,19280,Standard,Advance
19281,19281,Standard,Advance
19282,19282,Standard,Off-Peak
19283,19283,Standard,Advance
19284,19284,Standard,Advance
19285,19285,Standard,Advance
19286,19286,Standard,Advance
19287,19287,Standard,Advance
19288,19288,Standard,Advance
19289,19289,Standard,Advance
19290,19290,Standard,Advance
19291,19291,Standard,Advance
19292,19292,Standard,Advance
19293,19293,Standard,Off-Peak
19294,19294,Standard,Advance
19295,19295,Standard,Off-Peak
19296,19296,Standard,Advance
19297,19297,Standard,Advance
19298,19298,Standard,Advance
19299,19299,Standard,Off-Peak
19300,19300,Standard,Off-Peak
19301,19301,Standard,Off-Peak
19302,19302,Standard,Off-Peak
19303,19303,Standard,Advance
19304,19304,Standard,Off-Peak
19305,19305,Standard,Off-Peak
19306,19306,Standard,Off-Peak
19307,19307,Standard,Advance
19308,19308,Standard,Advance
19309,19309,Standard,Off-Peak
19310,19310,Standard,Off-Peak
19311,19311,Standard,Off-Peak
19312,19312,Standard,Advance
19313,19313,Standard,Advance
19314,19314,Standard,Advance
19315,19315,Standard,Advance
19316,19316,Standard,Advance
19317,19317,Standard,Advance
19318,19318,Standard,Off-Peak
19319,19319,Standard,Advance
19320,19320,Standard,Advance
19321,19321,Standard,Advance
19322,19322,Standard,Off-Peak
19323,19323,Standard,Advance
19324,19324,Standard,Off-Peak
19325,19325,Standard,Advance
19326,19326,Standard,Advance
19327,19327,Standard,Off-Peak
19328,19328,Standard,Off-Peak
19329,19329,Standard,Advance
19330,19330,Standard,Advance
19331,19331,Standard,Off-Peak
19332,19332,Standard,Off-Peak
19333,19333,Standard,Off-Peak
19334,19334,Standard,Off-Peak
19335,19335,Standard,Advance
19336,19336,Standard,Anytime
19337,19337,Standard,Advance
19338,19338,Standard,Anytime
19339,19339,Standard,Advance
19340,19340,Standard,Anytime
19341,19341,Standard,Advance
19342,19342,Standard,Anytime
19343,19343,Standard,Advance
19344,19344,Standard,Advance
19345,19345,Standard,Advance
19346,19346,Standard,Anytime
19347,19347,Standard,Anytime
19348,19348,Standard,Anytime
19349,19349,Standard,Anytime
19350,19350,Standard,Anytime
19351,19351,Standard,Anytime
19352,19352,Standard,Advance
19353,19353,Standard,Advance
19354,19354,Standard,Advance
19355,19355,Standard,Anytime
19356,19356,Standard,Anytime
19357,19357,Standard,Advance
19358,19358,Standard,Anytime
19359,19359,Standard,Anytime
19360,19360,Standard,Anytime
19361,19361,Standard,Anytime
19362,19362,Standard,Anytime
19363,19363,Standard,Anytime
19364,19364,Standard,Anytime
19365,19365,Standard,Advance
19366,19366,Standard,Anytime
19367,19367,Standard,Anytime
19368,19368,Standard,Anytime
19369,19369,Standard,Anytime
19370,19370,Standard,Advance
19371,19371,Standard,Anytime
19372,19372,Standard,Anytime
19373,19373,Standard,Anytime
19374,19374,Standard,Anytime
19375,19375,Standard,Advance
19376,19376,Standard,Advance
19377,19377,Standard,Anytime
19378,19378,Standard,Advance
19379,19379,Standard,Anytime
19380,19380,Standard,Anytime
19381,19381,Standard,Advance
19382,19382,Standard,Anytime
19383,19383,Standard,Anytime
19384,19384,Standard,Advance
19385,19385,Standard,Advance
19386,19386,Standard,Advance
19387,19387,Standard,Advance
19388,19388,Standard,Advance
19389,19389,Standard,Off-Peak
19390,19390,Standard,Advance
19391,19391,Standard,Advance
19392,19392,Standard,Advance
19393,19393,Standard,Advance
19394,19394,Standard,Advance
19395,19395,Standard,Advance
19396,19396,Standard,Anytime
19397,19397,Standard,Off-Peak
19398,19398,Standard,Advance
19399,19399,Standard,Advance
19400,19400,Standard,Off-Peak
19401,19401,Standard,Off-Peak
19402,19402,Standard,Off-Peak
19403,19403,Standard,Off-Peak
19404,19404,Standard,Advance
19405,19405,Standard,Advance
19406,19406,Standard,Advance
19407,19407,Standard,Off-Peak
19408,19408,Standard,Off-Peak
19409,19409,Standard,Off-Peak
19410,19410,Standard,Advance
19411,19411,Standard,Off-Peak
19412,19412,Standard,Off-Peak
19413,19413,Standard,Advance
19414,19414,Standard,Advance
19415,19415,Standard,Advance
19416,19416,Standard,Advance
19417,19417,Standard,Advance
19418,19418,Standard,Advance
19419,19419,Standard,Advance
19420,19420,Standard,Advance
19421,19421,Standard,Off-Peak
19422,19422,Standard,Off-Peak
19423,19423,Standard,Off-Peak
19424,19424,Standard,Off-Peak
19425,19425,Standard,Advance
19426,19426,Standard,Advance
19427,19427,Standard,Advance
19428,19428,Standard,Advance
19429,19429,Standard,Advance
19430,19430,Standard,Advance
19431,19431,Standard,Advance
19432,19432,Standard,Advance
19433,19433,Standard,Advance
19434,19434,Standard,Advance
19435,19435,Standard,Off-Peak
19436,19436,Standard,Off-Peak
19437,19437,Standard,Off-Peak
19438,19438,Standard,Off-Peak
19439,19439,Standard,Off-Peak
19440,19440,Standard,Off-Peak
19441,19441,Standard,Advance
19442,19442,Standard,Off-Peak
19443,19443,Standard,Off-Peak
19444,19444,Standard,Off-Peak
19445,19445,Standard,Advance
19446,19446,Standard,Off-Peak
19447,19447,Standard,Advance
19448,19448,Standard,Advance
19449,19449,Standard,Advance
19450,19450,Standard,Advance
19451,19451,Standard,Advance
19452,19452,Standard,Advance
19453,19453,Standard,Off-Peak
19454,19454,Standard,Off-Peak
19455,19455,Standard,Advance
19456,19456,Standard,Off-Peak
19457,19457,Standard,Off-Peak
19458,19458,Standard,Off-Peak
19459,19459,Standard,Advance
19460,19460,Standard,Advance
19461,19461,Standard,Advance
19462,19462,Standard,Advance
19463,19463,Standard,Off-Peak
19464,19464,Standard,Advance
19465,19465,Standard,Off-Peak
19466,19466,Standard,Advance
19467,19467,Standard,Off-Peak
19468,19468,Standard,Advance
19469,19469,Standard,Anytime
19470,19470,Standard,Anytime
19471,19471,Standard,Anytime
19472,19472,Standard,Anytime
19473,19473,Standard,Anytime
19474,19474,Standard,Anytime
19475,19475,Standard,Anytime
19476,19476,Standard,Anytime
19477,19477,Standard,Anytime
19478,19478,Standard,Anytime
19479,19479,Standard,Anytime
19480,19480,Standard,Anytime
19481,19481,Standard,Advance
19482,19482,Standard,Advance
19483,19483,Standard,Anytime
19484,19484,Standard,Anytime
19485,19485,Standard,Advance
19486,19486,Standard,Advance
19487,19487,Standard,Advance
19488,19488,Standard,Anytime
19489,19489,Standard,Anytime
19490,19490,Standard,Anytime
19491,19491,Standard,Anytime
19492,19492,Standard,Anytime
19493,19493,Standard,Advance
19494,19494,Standard,Advance
19495,19495,Standard,Anytime
19496,19496,Standard,Anytime
19497,19497,Standard,Anytime
19498,19498,Standard,Advance
19499,19499,Standard,Anytime
19500,19500,Standard,Anytime
19501,19501,Standard,Anytime
19502,19502,Standard,Advance
19503,19503,Standard,Advance
19504,19504,Standard,Anytime
19505,19505,Standard,Advance
19506,19506,Standard,Anytime
19507,19507,Standard,Anytime
19508,19508,Standard,Anytime
19509,19509,Standard,Advance
19510,19510,Standard,Anytime
19511,19511,Standard,Advance
19512,19512,Standard,Off-Peak
19513,19513,Standard,Off-Peak
19514,19514,Standard,Anytime
19515,19515,Standard,Advance
19516,19516,Standard,Off-Peak
19517,19517,Standard,Anytime
19518,19518,Standard,Off-Peak
19519,19519,Standard,Advance
19520,19520,Standard,Advance
19521,19521,Standard,Advance
19522,19522,Standard,Advance
19523,19523,Standard,Advance
19524,19524,Standard,Off-Peak
19525,19525,Standard,Advance
19526,19526,Standard,Advance
19527,19527,Standard,Advance
19528,19528,Standard,Advance
19529,19529,Standard,Advance
19530,19530,Standard,Advance
19531,19531,Standard,Advance
19532,19532,Standard,Advance
19533,19533,Standard,Advance
19534,19534,Standard,Advance
19535,19535,Standard,Advance
19536,19536,Standard,Advance
19537,19537,Standard,Off-Peak
19538,19538,Standard,Advance
19539,19539,Standard,Advance
19540,19540,Standard,Advance
19541,19541,Standard,Off-Peak
19542,19542,Standard,Off-Peak
19543,19543,Standard,Off-Peak
19544,19544,Standard,Advance
19545,19545,Standard,Off-Peak
19546,19546,Standard,Advance
19547,19547,Standard,Advance
19548,19548,Standard,Off-Peak
19549,19549,Standard,Advance
19550,19550,Standard,Off-Peak
19551,19551,Standard,Advance
19552,19552,Standard,Off-Peak
19553,19553,Standard,Off-Peak
19554,19554,Standard,Advance
19555,19555,Standard,Advance
19556,19556,Standard,Advance
19557,19557,Standard,Advance
19558,19558,Standard,Off-Peak
19559,19559,Standard,Advance
19560,19560,Standard,Advance
19561,19561,Standard,Advance
19562,19562,Standard,Off-Peak
19563,19563,Standard,Off-Peak
19564,19564,Standard,Off-Peak
19565,19565,Standard,Off-Peak
19566,19566,Standard,Off-Peak
19567,19567,Standard,Off-Peak
19568,19568,Standard,Off-Peak
19569,19569,Standard,Off-Peak
19570,19570,Standard,Off-Peak
19571,19571,Standard,Off-Peak
19572,19572,Standard,Advance
19573,19573,Standard,Advance
19574,19574,Standard,Advance
19575,19575,Standard,Off-Peak
19576,19576,Standard,Off-Peak
19577,19577,Standard,Off-Peak
19578,19578,Standard,Advance
19579,19579,Standard,Advance
19580,19580,Standard,Advance
19581,19581,Standard,Advance
19582,19582,Standard,Advance
19583,19583,Standard,Off-Peak
19584,19584,Standard,Off-Peak
19585,19585,Standard,Off-Peak
19586,19586,Standard,Off-Peak
19587,19587,Standard,Advance
19588,19588,Standard,Anytime
19589,19589,Standard,Anytime
19590,19590,Standard,Anytime
19591,19591,Standard,Anytime
19592,19592,Standard,Anytime
19593,19593,Standard,Advance
19594,19594,Standard,Anytime
19595,19595,Standard,Advance
19596,19596,Standard,Anytime
19597,19597,Standard,Anytime
19598,19598,Standard,Advance
19599,19599,Standard,Anytime
19600,19600,Standard,Anytime
19601,19601,Standard,Advance
19602,19602,Standard,Anytime
19603,19603,Standard,Anytime
19604,19604,Standard,Anytime
19605,19605,Standard,Anytime
19606,19606,Standard,Anytime
19607,19607,Standard,Anytime
19608,19608,Standard,Anytime
19609,19609,Standard,Anytime
19610,19610,Standard,Anytime
19611,19611,Standard,Anytime
19612,19612,Standard,Advance
19613,19613,Standard,Anytime
19614,19614,Standard,Advance
19615,19615,Standard,Anytime
19616,19616,Standard,Anytime
19617,19617,Standard,Anytime
19618,19618,Standard,Anytime
19619,19619,Standard,Anytime
19620,19620,Standard,Anytime
19621,19621,Standard,Anytime
19622,19622,Standard,Anytime
19623,19623,Standard,Anytime
19624,19624,Standard,Anytime
19625,19625,Standard,Anytime
19626,19626,Standard,Anytime
19627,19627,Standard,Anytime
19628,19628,Standard,Anytime
19629,19629,Standard,Advance
19630,19630,Standard,Advance
19631,19631,Standard,Advance
19632,19632,Standard,Advance
19633,19633,Standard,Advance
19634,19634,Standard,Anytime
19635,19635,Standard,Anytime
19636,19636,Standard,Advance
19637,19637,Standard,Anytime
19638,19638,Standard,Anytime
19639,19639,Standard,Advance
19640,19640,Standard,Anytime
19641,19641,Standard,Anytime
19642,19642,Standard,Advance
19643,19643,Standard,Anytime
19644,19644,Standard,Anytime
19645,19645,Standard,Anytime
19646,19646,Standard,Anytime
19647,19647,Standard,Advance
19648,19648,Standard,Off-Peak
19649,19649,Standard,Advance
19650,19650,Standard,Advance
19651,19651,Standard,Advance
19652,19652,Standard,Advance
19653,19653,Standard,Advance
19654,19654,Standard,Anytime
19655,19655,Standard,Advance
19656,19656,Standard,Anytime
19657,19657,Standard,Anytime
19658,19658,Standard,Off-Peak
19659,19659,Standard,Advance
19660,19660,Standard,Advance
19661,19661,Standard,Off-Peak
19662,19662,Standard,Advance
19663,19663,Standard,Off-Peak
19664,19664,Standard,Advance
19665,19665,Standard,Advance
19666,19666,Standard,Advance
19667,19667,Standard,Advance
19668,19668,Standard,Advance
19669,19669,Standard,Advance
19670,19670,Standard,Off-Peak
19671,19671,Standard,Advance
19672,19672,Standard,Off-Peak
19673,19673,Standard,Off-Peak
19674,19674,Standard,Advance
19675,19675,Standard,Advance
19676,19676,Standard,Advance
19677,19677,Standard,Advance
19678,19678,Standard,Advance
19679,19679,Standard,Off-Peak
19680,19680,Standard,Off-Peak
19681,19681,Standard,Advance
19682,19682,Standard,Advance
19683,19683,Standard,Advance
19684,19684,Standard,Advance
19685,19685,Standard,Advance
19686,19686,Standard,Advance
19687,19687,Standard,Advance
19688,19688,Standard,Advance
19689,19689,Standard,Advance
19690,19690,Standard,Advance
19691,19691,Standard,Off-Peak
19692,19692,Standard,Advance
19693,19693,Standard,Advance
19694,19694,Standard,Advance
19695,19695,Standard,Advance
19696,19696,Standard,Advance
19697,19697,Standard,Advance
19698,19698,Standard,Advance
19699,19699,Standard,Advance
19700,19700,Standard,Advance
19701,19701,Standard,Advance
19702,19702,Standard,Advance
19703,19703,Standard,Advance
19704,19704,Standard,Advance
19705,19705,Standard,Advance
19706,19706,Standard,Advance
19707,19707,Standard,Advance
19708,19708,Standard,Advance
19709,19709,Standard,Advance
19710,19710,Standard,Advance
19711,19711,Standard,Advance
19712,19712,Standard,Advance
19713,19713,Standard,Advance
19714,19714,Standard,Advance
19715,19715,Standard,Off-Peak
19716,19716,Standard,Off-Peak
19717,19717,Standard,Off-Peak
19718,19718,Standard,Off-Peak
19719,19719,Standard,Off-Peak
19720,19720,Standard,Advance
19721,19721,Standard,Advance
19722,19722,Standard,Advance
19723,19723,Standard,Off-Peak
19724,19724,Standard,Off-Peak
19725,19725,Standard,Advance
19726,19726,Standard,Off-Peak
19727,19727,Standard,Advance
19728,19728,Standard,Advance
19729,19729,Standard,Advance
19730,19730,Standard,Off-Peak
19731,19731,Standard,Off-Peak
19732,19732,Standard,Off-Peak
19733,19733,Standard,Advance
19734,19734,Standard,Off-Peak
19735,19735,Standard,Advance
19736,19736,Standard,Advance
19737,19737,Standard,Advance
19738,19738,Standard,Advance
19739,19739,Standard,Advance
19740,19740,Standard,Off-Peak
19741,19741,Standard,Off-Peak
19742,19742,Standard,Off-Peak
19743,19743,Standard,Off-Peak
19744,19744,Standard,Off-Peak
19745,19745,Standard,Off-Peak
19746,19746,Standard,Off-Peak
19747,19747,Standard,Off-Peak
19748,19748,Standard,Off-Peak
19749,19749,Standard,Off-Peak
19750,19750,Standard,Off-Peak
19751,19751,Standard,Advance
19752,19752,Standard,Off-Peak
19753,19753,Standard,Off-Peak
19754,19754,Standard,Advance
19755,19755,Standard,Off-Peak
19756,19756,Standard,Off-Peak
19757,19757,Standard,Advance
19758,19758,Standard,Advance
19759,19759,Standard,Advance
19760,19760,Standard,Off-Peak
19761,19761,Standard,Off-Peak
19762,19762,Standard,Advance
19763,19763,Standard,Off-Peak
19764,19764,Standard,Off-Peak
19765,19765,Standard,Off-Peak
19766,19766,Standard,Advance
19767,19767,Standard,Off-Peak
19768,19768,Standard,Advance
19769,19769,Standard,Advance
19770,19770,Standard,Off-Peak
19771,19771,Standard,Off-Peak
19772,19772,Standard,Off-Peak
19773,19773,Standard,Off-Peak
19774,19774,Standard,Advance
19775,19775,Standard,Advance
19776,19776,Standard,Advance
19777,19777,Standard,Advance
19778,19778,Standard,Off-Peak
19779,19779,Standard,Advance
19780,19780,Standard,Off-Peak
19781,19781,Standard,Off-Peak
19782,19782,Standard,Off-Peak
19783,19783,Standard,Off-Peak
19784,19784,Standard,Off-Peak
19785,19785,Standard,Off-Peak
19786,19786,Standard,Off-Peak
19787,19787,Standard,Off-Peak
19788,19788,Standard,Off-Peak
19789,19789,Standard,Advance
19790,19790,Standard,Advance
19791,19791,Standard,Off-Peak
19792,19792,Standard,Advance
19793,19793,Standard,Advance
19794,19794,Standard,Advance
19795,19795,Standard,Advance
19796,19796,Standard,Advance
19797,19797,Standard,Advance
19798,19798,Standard,Off-Peak
19799,19799,Standard,Advance
19800,19800,Standard,Advance
19801,19801,Standard,Advance
19802,19802,Standard,Advance
19803,19803,Standard,Advance
19804,19804,Standard,Advance
19805,19805,Standard,Advance
19806,19806,Standard,Advance
19807,19807,Standard,Advance
19808,19808,Standard,Advance
19809,19809,Standard,Advance
19810,19810,Standard,Off-Peak
19811,19811,Standard,Advance
19812,19812,Standard,Advance
19813,19813,Standard,Advance
19814,19814,Standard,Advance
19815,19815,Standard,Advance
19816,19816,Standard,Advance
19817,19817,Standard,Advance
19818,19818,Standard,Off-Peak
19819,19819,Standard,Advance
19820,19820,Standard,Advance
19821,19821,Standard,Off-Peak
19822,19822,Standard,Off-Peak
19823,19823,Standard,Advance
19824,19824,Standard,Advance
19825,19825,Standard,Advance
19826,19826,Standard,Advance
19827,19827,Standard,Off-Peak
19828,19828,Standard,Advance
19829,19829,Standard,Off-Peak
19830,19830,Standard,Advance
19831,19831,Standard,Off-Peak
19832,19832,Standard,Advance
19833,19833,Standard,Advance
19834,19834,Standard,Off-Peak
19835,19835,Standard,Off-Peak
19836,19836,Standard,Off-Peak
19837,19837,Standard,Off-Peak
19838,19838,Standard,Advance
19839,19839,Standard,Advance
19840,19840,Standard,Advance
19841,19841,Standard,Advance
19842,19842,Standard,Advance
19843,19843,Standard,Off-Peak
19844,19844,Standard,Off-Peak
19845,19845,Standard,Advance
19846,19846,Standard,Off-Peak
19847,19847,Standard,Advance
19848,19848,Standard,Advance
19849,19849,Standard,Off-Peak
19850,19850,Standard,Off-Peak
19851,19851,Standard,Off-Peak
19852,19852,Standard,Off-Peak
19853,19853,Standard,Advance
19854,19854,Standard,Off-Peak
19855,19855,Standard,Advance
19856,19856,Standard,Off-Peak
19857,19857,Standard,Advance
19858,19858,Standard,Off-Peak
19859,19859,Standard,Off-Peak
19860,19860,Standard,Advance
19861,19861,Standard,Off-Peak
19862,19862,Standard,Advance
19863,19863,Standard,Advance
19864,19864,Standard,Off-Peak
19865,19865,Standard,Off-Peak
19866,19866,Standard,Off-Peak
19867,19867,Standard,Off-Peak
19868,19868,Standard,Advance
19869,19869,Standard,Off-Peak
19870,19870,Standard,Off-Peak
19871,19871,Standard,Off-Peak
19872,19872,Standard,Off-Peak
19873,19873,Standard,Off-Peak
19874,19874,Standard,Off-Peak
19875,19875,Standard,Off-Peak
19876,19876,Standard,Off-Peak
19877,19877,Standard,Off-Peak
19878,19878,Standard,Off-Peak
19879,19879,Standard,Off-Peak
19880,19880,Standard,Off-Peak
19881,19881,Standard,Advance
19882,19882,Standard,Advance
19883,19883,Standard,Advance
19884,19884,Standard,Advance
19885,19885,Standard,Advance
19886,19886,Standard,Advance
19887,19887,Standard,Advance
19888,19888,Standard,Advance
19889,19889,Standard,Advance
19890,19890,Standard,Advance
19891,19891,Standard,Off-Peak
19892,19892,Standard,Advance
19893,19893,Standard,Advance
19894,19894,Standard,Advance
19895,19895,Standard,Advance
19896,19896,Standard,Advance
19897,19897,Standard,Advance
19898,19898,Standard,Off-Peak
19899,19899,Standard,Advance
19900,19900,Standard,Advance
19901,19901,Standard,Advance
19902,19902,Standard,Advance
19903,19903,Standard,Advance
19904,19904,Standard,Advance
19905,19905,Standard,Off-Peak
19906,19906,Standard,Advance
19907,19907,Standard,Advance
19908,19908,Standard,Advance
19909,19909,Standard,Advance
19910,19910,Standard,Advance
19911,19911,Standard,Advance
19912,19912,Standard,Advance
19913,19913,Standard,Advance
19914,19914,Standard,Advance
19915,19915,Standard,Advance
19916,19916,Standard,Advance
19917,19917,Standard,Advance
19918,19918,Standard,Off-Peak
19919,19919,Standard,Advance
19920,19920,Standard,Off-Peak
19921,19921,Standard,Off-Peak
19922,19922,Standard,Advance
19923,19923,Standard,Advance
19924,19924,Standard,Advance
19925,19925,Standard,Advance
19926,19926,Standard,Advance
19927,19927,Standard,Advance
19928,19928,Standard,Advance
19929,19929,Standard,Advance
19930,19930,Standard,Advance
19931,19931,Standard,Advance
19932,19932,Standard,Advance
19933,19933,Standard,Advance
19934,19934,Standard,Advance
19935,19935,Standard,Advance
19936,19936,Standard,Advance
19937,19937,Standard,Advance
19938,19938,Standard,Off-Peak
19939,19939,Standard,Off-Peak
19940,19940,Standard,Off-Peak
19941,19941,Standard,Off-Peak
19942,19942,Standard,Off-Peak
19943,19943,Standard,Off-Peak
19944,19944,Standard,Off-Peak
19945,19945,Standard,Off-Peak
19946,19946,Standard,Off-Peak
19947,19947,Standard,Advance
19948,19948,Standard,Advance
19949,19949,Standard,Advance
19950,19950,Standard,Advance
19951,19951,Standard,Off-Peak
19952,19952,Standard,Off-Peak
19953,19953,Standard,Off-Peak
19954,19954,Standard,Off-Peak
19955,19955,Standard,Off-Peak
19956,19956,Standard,Advance
19957,19957,Standard,Advance
19958,19958,Standard,Advance
19959,19959,Standard,Off-Peak
19960,19960,Standard,Off-Peak
19961,19961,Standard,Off-Peak
19962,19962,Standard,Off-Peak
19963,19963,Standard,Off-Peak
19964,19964,Standard,Off-Peak
19965,19965,Standard,Advance
19966,19966,Standard,Advance
19967,19967,Standard,Off-Peak
19968,19968,Standard,Off-Peak
19969,19969,Standard,Off-Peak
19970,19970,Standard,Off-Peak
19971,19971,Standard,Off-Peak
19972,19972,Standard,Off-Peak
19973,19973,Standard,Off-Peak
19974,19974,Standard,Off-Peak
19975,19975,Standard,Off-Peak
19976,19976,Standard,Off-Peak
19977,19977,Standard,Off-Peak
19978,19978,Standard,Off-Peak
19979,19979,Standard,Off-Peak
19980,19980,Standard,Off-Peak
19981,19981,Standard,Off-Peak
19982,19982,Standard,Off-Peak
19983,19983,Standard,Off-Peak
19984,19984,Standard,Off-Peak
19985,19985,Standard,Advance
19986,19986,Standard,Off-Peak
19987,19987,Standard,Advance
19988,19988,Standard,Off-Peak
19989,19989,Standard,Advance
19990,19990,Standard,Off-Peak
19991,19991,Standard,Off-Peak
19992,19992,Standard,Off-Peak
19993,19993,Standard,Off-Peak
19994,19994,Standard,Off-Peak
19995,19995,Standard,Off-Peak
19996,19996,Standard,Off-Peak
19997,19997,Standard,Advance
19998,19998,Standard,Off-Peak
19999,19999,Standard,Advance
20000,20000,Standard,Off-Peak
20001,20001,Standard,Off-Peak
20002,20002,Standard,Off-Peak
20003,20003,Standard,Off-Peak
20004,20004,Standard,Off-Peak
20005,20005,Standard,Off-Peak
20006,20006,Standard,Off-Peak
20007,20007,Standard,Advance
20008,20008,Standard,Off-Peak
20009,20009,Standard,Off-Peak
20010,20010,Standard,Advance
20011,20011,Standard,Advance
20012,20012,Standard,Advance
20013,20013,Standard,Off-Peak
20014,20014,Standard,Off-Peak
20015,20015,Standard,Advance
20016,20016,Standard,Advance
20017,20017,Standard,Advance
20018,20018,Standard,Advance
20019,20019,Standard,Advance
20020,20020,Standard,Advance
20021,20021,Standard,Advance
20022,20022,Standard,Advance
20023,20023,Standard,Advance
20024,20024,Standard,Advance
20025,20025,Standard,Advance
20026,20026,Standard,Advance
20027,20027,Standard,Advance
20028,20028,Standard,Advance
20029,20029,Standard,Advance
20030,20030,Standard,Advance
20031,20031,Standard,Advance
20032,20032,Standard,Advance
20033,20033,Standard,Advance
20034,20034,Standard,Advance
20035,20035,Standard,Advance
20036,20036,Standard,Advance
20037,20037,Standard,Advance
20038,20038,Standard,Advance
20039,20039,Standard,Advance
20040,20040,Standard,Advance
20041,20041,Standard,Advance
20042,20042,Standard,Off-Peak
20043,20043,Standard,Advance
20044,20044,Standard,Advance
20045,20045,Standard,Advance
20046,20046,Standard,Off-Peak
20047,20047,Standard,Advance
20048,20048,Standard,Off-Peak
20049,20049,Standard,Advance
20050,20050,Standard,Advance
20051,20051,Standard,Off-Peak
20052,20052,Standard,Off-Peak
20053,20053,Standard,Off-Peak
20054,20054,Standard,Off-Peak
20055,20055,Standard,Advance
20056,20056,Standard,Advance
20057,20057,Standard,Off-Peak
20058,20058,Standard,Off-Peak
20059,20059,Standard,Advance
20060,20060,Standard,Off-Peak
20061,20061,Standard,Advance
20062,20062,Standard,Off-Peak
20063,20063,Standard,Advance
20064,20064,Standard,Advance
20065,20065,Standard,Off-Peak
20066,20066,Standard,Off-Peak
20067,20067,Standard,Off-Peak
20068,20068,Standard,Off-Peak
20069,20069,Standard,Off-Peak
20070,20070,Standard,Off-Peak
20071,20071,Standard,Off-Peak
20072,20072,Standard,Advance
20073,20073,Standard,Advance
20074,20074,Standard,Advance
20075,20075,Standard,Advance
20076,20076,Standard,Off-Peak
20077,20077,Standard,Off-Peak
20078,20078,Standard,Advance
20079,20079,Standard,Advance
20080,20080,Standard,Advance
20081,20081,Standard,Off-Peak
20082,20082,Standard,Advance
20083,20083,Standard,Off-Peak
20084,20084,Standard,Off-Peak
20085,20085,Standard,Advance
20086,20086,Standard,Off-Peak
20087,20087,Standard,Advance
20088,20088,Standard,Advance
20089,20089,Standard,Advance
20090,20090,Standard,Off-Peak
20091,20091,Standard,Off-Peak
20092,20092,Standard,Off-Peak
20093,20093,Standard,Off-Peak
20094,20094,Standard,Advance
20095,20095,Standard,Advance
20096,20096,Standard,Off-Peak
20097,20097,Standard,Off-Peak
20098,20098,Standard,Off-Peak
20099,20099,Standard,Advance
20100,20100,Standard,Off-Peak
20101,20101,Standard,Advance
20102,20102,Standard,Off-Peak
20103,20103,Standard,Advance
20104,20104,Standard,Advance
20105,20105,Standard,Advance
20106,20106,Standard,Advance
20107,20107,Standard,Advance
20108,20108,Standard,Off-Peak
20109,20109,Standard,Off-Peak
20110,20110,Standard,Advance
20111,20111,Standard,Advance
20112,20112,Standard,Advance
20113,20113,Standard,Advance
20114,20114,Standard,Off-Peak
20115,20115,Standard,Off-Peak
20116,20116,Standard,Advance
20117,20117,Standard,Off-Peak
20118,20118,Standard,Advance
20119,20119,Standard,Off-Peak
20120,20120,Standard,Off-Peak
20121,20121,Standard,Off-Peak
20122,20122,Standard,Off-Peak
20123,20123,Standard,Advance
20124,20124,Standard,Off-Peak
20125,20125,Standard,Off-Peak
20126,20126,Standard,Off-Peak
20127,20127,Standard,Advance
20128,20128,Standard,Off-Peak
20129,20129,Standard,Off-Peak
20130,20130,Standard,Off-Peak
20131,20131,Standard,Off-Peak
20132,20132,Standard,Off-Peak
20133,20133,Standard,Off-Peak
20134,20134,Standard,Advance
20135,20135,Standard,Advance
20136,20136,Standard,Advance
20137,20137,Standard,Advance
20138,20138,Standard,Advance
20139,20139,Standard,Advance
20140,20140,Standard,Advance
20141,20141,Standard,Off-Peak
20142,20142,Standard,Advance
20143,20143,Standard,Off-Peak
20144,20144,Standard,Off-Peak
20145,20145,Standard,Off-Peak
20146,20146,Standard,Off-Peak
20147,20147,Standard,Advance
20148,20148,Standard,Off-Peak
20149,20149,Standard,Off-Peak
20150,20150,Standard,Off-Peak
20151,20151,Standard,Advance
20152,20152,Standard,Off-Peak
20153,20153,Standard,Off-Peak
20154,20154,Standard,Off-Peak
20155,20155,Standard,Advance
20156,20156,Standard,Advance
20157,20157,Standard,Advance
20158,20158,Standard,Advance
20159,20159,Standard,Advance
20160,20160,Standard,Advance
20161,20161,Standard,Advance
20162,20162,Standard,Advance
20163,20163,Standard,Advance
20164,20164,Standard,Advance
20165,20165,Standard,Advance
20166,20166,Standard,Advance
20167,20167,Standard,Off-Peak
20168,20168,Standard,Advance
20169,20169,Standard,Advance
20170,20170,Standard,Advance
20171,20171,Standard,Advance
20172,20172,Standard,Advance
20173,20173,Standard,Advance
20174,20174,Standard,Advance
20175,20175,Standard,Advance
20176,20176,Standard,Advance
20177,20177,Standard,Off-Peak
20178,20178,Standard,Off-Peak
20179,20179,Standard,Advance
20180,20180,Standard,Advance
20181,20181,Standard,Advance
20182,20182,Standard,Advance
20183,20183,Standard,Advance
20184,20184,Standard,Advance
20185,20185,Standard,Advance
20186,20186,Standard,Advance
20187,20187,Standard,Advance
20188,20188,Standard,Advance
20189,20189,Standard,Advance
20190,20190,Standard,Advance
20191,20191,Standard,Advance
20192,20192,Standard,Advance
20193,20193,Standard,Advance
20194,20194,Standard,Advance
20195,20195,Standard,Advance
20196,20196,Standard,Advance
20197,20197,Standard,Advance
20198,20198,Standard,Off-Peak
20199,20199,Standard,Off-Peak
20200,20200,Standard,Off-Peak
20201,20201,Standard,Off-Peak
20202,20202,Standard,Off-Peak
20203,20203,Standard,Off-Peak
20204,20204,Standard,Off-Peak
20205,20205,Standard,Off-Peak
20206,20206,Standard,Off-Peak
20207,20207,Standard,Advance
20208,20208,Standard,Off-Peak
20209,20209,Standard,Advance
20210,20210,Standard,Advance
20211,20211,Standard,Advance
20212,20212,Standard,Advance
20213,20213,Standard,Off-Peak
20214,20214,Standard,Advance
20215,20215,Standard,Advance
20216,20216,Standard,Off-Peak
20217,20217,Standard,Off-Peak
20218,20218,Standard,Off-Peak
20219,20219,Standard,Off-Peak
20220,20220,Standard,Off-Peak
20221,20221,Standard,Advance
20222,20222,Standard,Advance
20223,20223,Standard,Off-Peak
20224,20224,Standard,Advance
20225,20225,Standard,Advance
20226,20226,Standard,Advance
20227,20227,Standard,Off-Peak
20228,20228,Standard,Advance
20229,20229,Standard,Advance
20230,20230,Standard,Advance
20231,20231,Standard,Off-Peak
20232,20232,Standard,Off-Peak
20233,20233,Standard,Off-Peak
20234,20234,Standard,Advance
20235,20235,Standard,Advance
20236,20236,Standard,Anytime
20237,20237,Standard,Anytime
20238,20238,Standard,Anytime
20239,20239,Standard,Anytime
20240,20240,Standard,Anytime
20241,20241,Standard,Anytime
20242,20242,Standard,Anytime
20243,20243,Standard,Anytime
20244,20244,Standard,Anytime
20245,20245,Standard,Anytime
20246,20246,Standard,Anytime
20247,20247,Standard,Anytime
20248,20248,Standard,Anytime
20249,20249,Standard,Anytime
20250,20250,Standard,Anytime
20251,20251,Standard,Anytime
20252,20252,Standard,Anytime
20253,20253,Standard,Anytime
20254,20254,Standard,Advance
20255,20255,Standard,Off-Peak
20256,20256,Standard,Advance
20257,20257,Standard,Anytime
20258,20258,Standard,Anytime
20259,20259,Standard,Anytime
20260,20260,Standard,Anytime
20261,20261,Standard,Anytime
20262,20262,Standard,Anytime
20263,20263,Standard,Anytime
20264,20264,Standard,Anytime
20265,20265,Standard,Anytime
20266,20266,Standard,Advance
20267,20267,Standard,Anytime
20268,20268,Standard,Anytime
20269,20269,Standard,Anytime
20270,20270,Standard,Anytime
20271,20271,Standard,Anytime
20272,20272,Standard,Anytime
20273,20273,Standard,Advance
20274,20274,Standard,Anytime
20275,20275,Standard,Anytime
20276,20276,Standard,Anytime
20277,20277,Standard,Anytime
20278,20278,Standard,Anytime
20279,20279,Standard,Anytime
20280,20280,Standard,Advance
20281,20281,Standard,Anytime
20282,20282,Standard,Anytime
20283,20283,Standard,Anytime
20284,20284,Standard,Anytime
20285,20285,Standard,Off-Peak
20286,20286,Standard,Anytime
20287,20287,Standard,Off-Peak
20288,20288,Standard,Advance
20289,20289,Standard,Off-Peak
20290,20290,Standard,Advance
20291,20291,Standard,Advance
20292,20292,Standard,Advance
20293,20293,Standard,Advance
20294,20294,Standard,Advance
20295,20295,Standard,Advance
20296,20296,Standard,Off-Peak
20297,20297,Standard,Advance
20298,20298,Standard,Advance
20299,20299,Standard,Advance
20300,20300,Standard,Advance
20301,20301,Standard,Advance
20302,20302,Standard,Advance
20303,20303,Standard,Advance
20304,20304,Standard,Advance
20305,20305,Standard,Advance
20306,20306,Standard,Advance
20307,20307,Standard,Off-Peak
20308,20308,Standard,Advance
20309,20309,Standard,Advance
20310,20310,Standard,Advance
20311,20311,Standard,Advance
20312,20312,Standard,Advance
20313,20313,Standard,Advance
20314,20314,Standard,Advance
20315,20315,Standard,Off-Peak
20316,20316,Standard,Advance
20317,20317,Standard,Advance
20318,20318,Standard,Advance
20319,20319,Standard,Advance
20320,20320,Standard,Off-Peak
20321,20321,Standard,Advance
20322,20322,Standard,Advance
20323,20323,Standard,Advance
20324,20324,Standard,Advance
20325,20325,Standard,Advance
20326,20326,Standard,Advance
20327,20327,Standard,Off-Peak
20328,20328,Standard,Advance
20329,20329,Standard,Advance
20330,20330,Standard,Advance
20331,20331,Standard,Off-Peak
20332,20332,Standard,Advance
20333,20333,Standard,Off-Peak
20334,20334,Standard,Off-Peak
20335,20335,Standard,Off-Peak
20336,20336,Standard,Off-Peak
20337,20337,Standard,Off-Peak
20338,20338,Standard,Off-Peak
20339,20339,Standard,Off-Peak
20340,20340,Standard,Off-Peak
20341,20341,Standard,Advance
20342,20342,Standard,Off-Peak
20343,20343,Standard,Off-Peak
20344,20344,Standard,Off-Peak
20345,20345,Standard,Advance
20346,20346,Standard,Off-Peak
20347,20347,Standard,Off-Peak
20348,20348,Standard,Advance
20349,20349,Standard,Off-Peak
20350,20350,Standard,Off-Peak
20351,20351,Standard,Off-Peak
20352,20352,Standard,Off-Peak
20353,20353,Standard,Advance
20354,20354,Standard,Advance
20355,20355,Standard,Advance
20356,20356,Standard,Off-Peak
20357,20357,Standard,Off-Peak
20358,20358,Standard,Off-Peak
20359,20359,Standard,Off-Peak
20360,20360,Standard,Advance
20361,20361,Standard,Off-Peak
20362,20362,Standard,Off-Peak
20363,20363,Standard,Off-Peak
20364,20364,Standard,Advance
20365,20365,Standard,Advance
20366,20366,Standard,Off-Peak
20367,20367,Standard,Off-Peak
20368,20368,Standard,Off-Peak
20369,20369,Standard,Anytime
20370,20370,Standard,Advance
20371,20371,Standard,Anytime
20372,20372,Standard,Anytime
20373,20373,Standard,Anytime
20374,20374,Standard,Anytime
20375,20375,Standard,Anytime
20376,20376,Standard,Anytime
20377,20377,Standard,Anytime
20378,20378,Standard,Advance
20379,20379,Standard,Anytime
20380,20380,Standard,Anytime
20381,20381,Standard,Anytime
20382,20382,Standard,Advance
20383,20383,Standard,Advance
20384,20384,Standard,Anytime
20385,20385,Standard,Advance
20386,20386,Standard,Anytime
20387,20387,Standard,Anytime
20388,20388,Standard,Anytime
20389,20389,Standard,Anytime
20390,20390,Standard,Anytime
20391,20391,Standard,Anytime
20392,20392,Standard,Anytime
20393,20393,Standard,Anytime
20394,20394,Standard,Advance
20395,20395,Standard,Anytime
20396,20396,Standard,Anytime
20397,20397,Standard,Anytime
20398,20398,Standard,Advance
20399,20399,Standard,Anytime
20400,20400,Standard,Anytime
20401,20401,Standard,Anytime
20402,20402,Standard,Advance
20403,20403,Standard,Anytime
20404,20404,Standard,Anytime
20405,20405,Standard,Anytime
20406,20406,Standard,Anytime
20407,20407,Standard,Anytime
20408,20408,Standard,Anytime
20409,20409,Standard,Anytime
20410,20410,Standard,Anytime
20411,20411,Standard,Anytime
20412,20412,Standard,Anytime
20413,20413,Standard,Anytime
20414,20414,Standard,Anytime
20415,20415,Standard,Advance
20416,20416,Standard,Advance
20417,20417,Standard,Advance
20418,20418,Standard,Advance
20419,20419,Standard,Advance
20420,20420,Standard,Off-Peak
20421,20421,Standard,Advance
20422,20422,Standard,Advance
20423,20423,Standard,Advance
20424,20424,Standard,Advance
20425,20425,Standard,Advance
20426,20426,Standard,Anytime
20427,20427,Standard,Anytime
20428,20428,Standard,Anytime
20429,20429,Standard,Off-Peak
20430,20430,Standard,Off-Peak
20431,20431,Standard,Off-Peak
20432,20432,Standard,Off-Peak
20433,20433,Standard,Off-Peak
20434,20434,Standard,Off-Peak
20435,20435,Standard,Off-Peak
20436,20436,Standard,Off-Peak
20437,20437,Standard,Advance
20438,20438,Standard,Advance
20439,20439,Standard,Advance
20440,20440,Standard,Advance
20441,20441,Standard,Advance
20442,20442,Standard,Advance
20443,20443,Standard,Advance
20444,20444,Standard,Advance
20445,20445,Standard,Advance
20446,20446,Standard,Off-Peak
20447,20447,Standard,Off-Peak
20448,20448,Standard,Off-Peak
20449,20449,Standard,Advance
20450,20450,Standard,Advance
20451,20451,Standard,Advance
20452,20452,Standard,Advance
20453,20453,Standard,Advance
20454,20454,Standard,Advance
20455,20455,Standard,Advance
20456,20456,Standard,Advance
20457,20457,Standard,Advance
20458,20458,Standard,Advance
20459,20459,Standard,Advance
20460,20460,Standard,Advance
20461,20461,Standard,Off-Peak
20462,20462,Standard,Off-Peak
20463,20463,Standard,Off-Peak
20464,20464,Standard,Advance
20465,20465,Standard,Advance
20466,20466,Standard,Advance
20467,20467,Standard,Advance
20468,20468,Standard,Advance
20469,20469,Standard,Advance
20470,20470,Standard,Advance
20471,20471,Standard,Advance
20472,20472,Standard,Advance
20473,20473,Standard,Advance
20474,20474,Standard,Advance
20475,20475,Standard,Advance
20476,20476,Standard,Advance
20477,20477,Standard,Advance
20478,20478,Standard,Advance
20479,20479,Standard,Advance
20480,20480,Standard,Advance
20481,20481,Standard,Advance
20482,20482,Standard,Advance
20483,20483,Standard,Off-Peak
20484,20484,Standard,Off-Peak
20485,20485,Standard,Advance
20486,20486,Standard,Off-Peak
20487,20487,Standard,Off-Peak
20488,20488,Standard,Off-Peak
20489,20489,Standard,Off-Peak
20490,20490,Standard,Off-Peak
20491,20491,Standard,Off-Peak
20492,20492,Standard,Off-Peak
20493,20493,Standard,Off-Peak
20494,20494,Standard,Off-Peak
20495,20495,Standard,Off-Peak
20496,20496,Standard,Off-Peak
20497,20497,Standard,Off-Peak
20498,20498,Standard,Off-Peak
20499,20499,Standard,Off-Peak
20500,20500,Standard,Off-Peak
20501,20501,Standard,Off-Peak
20502,20502,Standard,Off-Peak
20503,20503,Standard,Off-Peak
20504,20504,Standard,Advance
20505,20505,Standard,Advance
20506,20506,Standard,Off-Peak
20507,20507,Standard,Off-Peak
20508,20508,Standard,Off-Peak
20509,20509,Standard,Advance
20510,20510,Standard,Advance
20511,20511,Standard,Off-Peak
20512,20512,Standard,Anytime
20513,20513,Standard,Anytime
20514,20514,Standard,Anytime
20515,20515,Standard,Anytime
20516,20516,Standard,Anytime
20517,20517,Standard,Anytime
20518,20518,Standard,Anytime
20519,20519,Standard,Anytime
20520,20520,Standard,Anytime
20521,20521,Standard,Anytime
20522,20522,Standard,Advance
20523,20523,Standard,Off-Peak
20524,20524,Standard,Anytime
20525,20525,Standard,Advance
20526,20526,Standard,Advance
20527,20527,Standard,Anytime
20528,20528,Standard,Anytime
20529,20529,Standard,Anytime
20530,20530,Standard,Anytime
20531,20531,Standard,Anytime
20532,20532,Standard,Anytime
20533,20533,Standard,Advance
20534,20534,Standard,Anytime
20535,20535,Standard,Advance
20536,20536,Standard,Anytime
20537,20537,Standard,Advance
20538,20538,Standard,Anytime
20539,20539,Standard,Anytime
20540,20540,Standard,Anytime
20541,20541,Standard,Anytime
20542,20542,Standard,Advance
20543,20543,Standard,Off-Peak
20544,20544,Standard,Advance
20545,20545,Standard,Advance
20546,20546,Standard,Advance
20547,20547,Standard,Advance
20548,20548,Standard,Advance
20549,20549,Standard,Advance
20550,20550,Standard,Advance
20551,20551,Standard,Advance
20552,20552,Standard,Advance
20553,20553,Standard,Advance
20554,20554,Standard,Advance
20555,20555,Standard,Advance
20556,20556,Standard,Advance
20557,20557,Standard,Advance
20558,20558,Standard,Advance
20559,20559,Standard,Advance
20560,20560,Standard,Advance
20561,20561,Standard,Advance
20562,20562,Standard,Advance
20563,20563,Standard,Advance
20564,20564,Standard,Advance
20565,20565,Standard,Off-Peak
20566,20566,Standard,Advance
20567,20567,Standard,Advance
20568,20568,Standard,Advance
20569,20569,Standard,Off-Peak
20570,20570,Standard,Advance
20571,20571,Standard,Advance
20572,20572,Standard,Off-Peak
20573,20573,Standard,Advance
20574,20574,Standard,Off-Peak
20575,20575,Standard,Advance
20576,20576,Standard,Advance
20577,20577,Standard,Advance
20578,20578,Standard,Advance
20579,20579,Standard,Advance
20580,20580,Standard,Advance
20581,20581,Standard,Advance
20582,20582,Standard,Advance
20583,20583,Standard,Advance
20584,20584,Standard,Advance
20585,20585,Standard,Off-Peak
20586,20586,Standard,Advance
20587,20587,Standard,Off-Peak
20588,20588,Standard,Advance
20589,20589,Standard,Off-Peak
20590,20590,Standard,Advance
20591,20591,Standard,Off-Peak
20592,20592,Standard,Advance
20593,20593,Standard,Off-Peak
20594,20594,Standard,Off-Peak
20595,20595,Standard,Off-Peak
20596,20596,Standard,Off-Peak
20597,20597,Standard,Off-Peak
20598,20598,Standard,Advance
20599,20599,Standard,Advance
20600,20600,Standard,Off-Peak
20601,20601,Standard,Advance
20602,20602,Standard,Off-Peak
20603,20603,Standard,Off-Peak
20604,20604,Standard,Advance
20605,20605,Standard,Off-Peak
20606,20606,Standard,Advance
20607,20607,Standard,Off-Peak
20608,20608,Standard,Advance
20609,20609,Standard,Advance
20610,20610,Standard,Off-Peak
20611,20611,Standard,Advance
20612,20612,Standard,Off-Peak
20613,20613,Standard,Advance
20614,20614,Standard,Off-Peak
20615,20615,Standard,Advance
20616,20616,Standard,Advance
20617,20617,Standard,Anytime
20618,20618,Standard,Anytime
20619,20619,Standard,Anytime
20620,20620,Standard,Anytime
20621,20621,Standard,Anytime
20622,20622,Standard,Anytime
20623,20623,Standard,Anytime
20624,20624,Standard,Advance
20625,20625,Standard,Anytime
20626,20626,Standard,Advance
20627,20627,Standard,Advance
20628,20628,Standard,Anytime
20629,20629,Standard,Advance
20630,20630,Standard,Anytime
20631,20631,Standard,Anytime
20632,20632,Standard,Advance
20633,20633,Standard,Anytime
20634,20634,Standard,Anytime
20635,20635,Standard,Advance
20636,20636,Standard,Anytime
20637,20637,Standard,Anytime
20638,20638,Standard,Anytime
20639,20639,Standard,Advance
20640,20640,Standard,Anytime
20641,20641,Standard,Anytime
20642,20642,Standard,Anytime
20643,20643,Standard,Anytime
20644,20644,Standard,Anytime
20645,20645,Standard,Anytime
20646,20646,Standard,Anytime
20647,20647,Standard,Advance
20648,20648,Standard,Advance
20649,20649,Standard,Anytime
20650,20650,Standard,Anytime
20651,20651,Standard,Anytime
20652,20652,Standard,Anytime
20653,20653,Standard,Advance
20654,20654,Standard,Anytime
20655,20655,Standard,Anytime
20656,20656,Standard,Anytime
20657,20657,Standard,Anytime
20658,20658,Standard,Anytime
20659,20659,Standard,Advance
20660,20660,Standard,Advance
20661,20661,Standard,Anytime
20662,20662,Standard,Anytime
20663,20663,Standard,Advance
20664,20664,Standard,Anytime
20665,20665,Standard,Anytime
20666,20666,Standard,Anytime
20667,20667,Standard,Anytime
20668,20668,Standard,Advance
20669,20669,Standard,Advance
20670,20670,Standard,Advance
20671,20671,Standard,Advance
20672,20672,Standard,Advance
20673,20673,Standard,Advance
20674,20674,Standard,Advance
20675,20675,Standard,Advance
20676,20676,Standard,Advance
20677,20677,Standard,Advance
20678,20678,Standard,Advance
20679,20679,Standard,Advance
20680,20680,Standard,Advance
20681,20681,Standard,Advance
20682,20682,Standard,Advance
20683,20683,Standard,Advance
20684,20684,Standard,Anytime
20685,20685,Standard,Advance
20686,20686,Standard,Anytime
20687,20687,Standard,Off-Peak
20688,20688,Standard,Off-Peak
20689,20689,Standard,Advance
20690,20690,Standard,Off-Peak
20691,20691,Standard,Advance
20692,20692,Standard,Advance
20693,20693,Standard,Advance
20694,20694,Standard,Advance
20695,20695,Standard,Advance
20696,20696,Standard,Advance
20697,20697,Standard,Off-Peak
20698,20698,Standard,Advance
20699,20699,Standard,Off-Peak
20700,20700,Standard,Off-Peak
20701,20701,Standard,Advance
20702,20702,Standard,Advance
20703,20703,Standard,Advance
20704,20704,Standard,Advance
20705,20705,Standard,Advance
20706,20706,Standard,Advance
20707,20707,Standard,Advance
20708,20708,Standard,Advance
20709,20709,Standard,Off-Peak
20710,20710,Standard,Off-Peak
20711,20711,Standard,Advance
20712,20712,Standard,Advance
20713,20713,Standard,Advance
20714,20714,Standard,Advance
20715,20715,Standard,Advance
20716,20716,Standard,Advance
20717,20717,Standard,Advance
20718,20718,Standard,Advance
20719,20719,Standard,Advance
20720,20720,Standard,Advance
20721,20721,Standard,Advance
20722,20722,Standard,Advance
20723,20723,Standard,Advance
20724,20724,Standard,Advance
20725,20725,Standard,Advance
20726,20726,Standard,Advance
20727,20727,Standard,Advance
20728,20728,Standard,Advance
20729,20729,Standard,Advance
20730,20730,Standard,Off-Peak
20731,20731,Standard,Off-Peak
20732,20732,Standard,Advance
20733,20733,Standard,Advance
20734,20734,Standard,Advance
20735,20735,Standard,Advance
20736,20736,Standard,Advance
20737,20737,Standard,Advance
20738,20738,Standard,Advance
20739,20739,Standard,Advance
20740,20740,Standard,Advance
20741,20741,Standard,Advance
20742,20742,Standard,Advance
20743,20743,Standard,Advance
20744,20744,Standard,Advance
20745,20745,Standard,Advance
20746,20746,Standard,Advance
20747,20747,Standard,Advance
20748,20748,Standard,Advance
20749,20749,Standard,Advance
20750,20750,Standard,Off-Peak
20751,20751,Standard,Advance
20752,20752,Standard,Advance
20753,20753,Standard,Off-Peak
20754,20754,Standard,Off-Peak
20755,20755,Standard,Advance
20756,20756,Standard,Off-Peak
20757,20757,Standard,Advance
20758,20758,Standard,Off-Peak
20759,20759,Standard,Off-Peak
20760,20760,Standard,Off-Peak
20761,20761,Standard,Off-Peak
20762,20762,Standard,Advance
20763,20763,Standard,Off-Peak
20764,20764,Standard,Advance
20765,20765,Standard,Off-Peak
20766,20766,Standard,Off-Peak
20767,20767,Standard,Off-Peak
20768,20768,Standard,Off-Peak
20769,20769,Standard,Off-Peak
20770,20770,Standard,Off-Peak
20771,20771,Standard,Advance
20772,20772,Standard,Advance
20773,20773,Standard,Advance
20774,20774,Standard,Off-Peak
20775,20775,Standard,Advance
20776,20776,Standard,Advance
20777,20777,Standard,Advance
20778,20778,Standard,Anytime
20779,20779,Standard,Anytime
20780,20780,Standard,Advance
20781,20781,Standard,Anytime
20782,20782,Standard,Advance
20783,20783,Standard,Anytime
20784,20784,Standard,Anytime
20785,20785,Standard,Anytime
20786,20786,Standard,Anytime
20787,20787,Standard,Anytime
20788,20788,Standard,Anytime
20789,20789,Standard,Anytime
20790,20790,Standard,Anytime
20791,20791,Standard,Anytime
20792,20792,Standard,Anytime
20793,20793,Standard,Advance
20794,20794,Standard,Advance
20795,20795,Standard,Anytime
20796,20796,Standard,Anytime
20797,20797,Standard,Anytime
20798,20798,Standard,Anytime
20799,20799,Standard,Advance
20800,20800,Standard,Advance
20801,20801,Standard,Advance
20802,20802,Standard,Anytime
20803,20803,Standard,Anytime
20804,20804,Standard,Anytime
20805,20805,Standard,Advance
20806,20806,Standard,Anytime
20807,20807,Standard,Anytime
20808,20808,Standard,Anytime
20809,20809,Standard,Anytime
20810,20810,Standard,Advance
20811,20811,Standard,Anytime
20812,20812,Standard,Advance
20813,20813,Standard,Anytime
20814,20814,Standard,Anytime
20815,20815,Standard,Advance
20816,20816,Standard,Anytime
20817,20817,Standard,Anytime
20818,20818,Standard,Anytime
20819,20819,Standard,Anytime
20820,20820,Standard,Anytime
20821,20821,Standard,Anytime
20822,20822,Standard,Anytime
20823,20823,Standard,Advance
20824,20824,Standard,Anytime
20825,20825,Standard,Anytime
20826,20826,Standard,Advance
20827,20827,Standard,Off-Peak
20828,20828,Standard,Anytime
20829,20829,Standard,Advance
20830,20830,Standard,Advance
20831,20831,Standard,Advance
20832,20832,Standard,Advance
20833,20833,Standard,Advance
20834,20834,Standard,Advance
20835,20835,Standard,Off-Peak
20836,20836,Standard,Advance
20837,20837,Standard,Advance
20838,20838,Standard,Advance
20839,20839,Standard,Advance
20840,20840,Standard,Advance
20841,20841,Standard,Advance
20842,20842,Standard,Advance
20843,20843,Standard,Advance
20844,20844,Standard,Advance
20845,20845,Standard,Advance
20846,20846,Standard,Advance
20847,20847,Standard,Advance
20848,20848,Standard,Advance
20849,20849,Standard,Advance
20850,20850,Standard,Off-Peak
20851,20851,Standard,Advance
20852,20852,Standard,Advance
20853,20853,Standard,Advance
20854,20854,Standard,Advance
20855,20855,Standard,Advance
20856,20856,Standard,Advance
20857,20857,Standard,Advance
20858,20858,Standard,Advance
20859,20859,Standard,Off-Peak
20860,20860,Standard,Advance
20861,20861,Standard,Advance
20862,20862,Standard,Advance
20863,20863,Standard,Advance
20864,20864,Standard,Advance
20865,20865,Standard,Advance
20866,20866,Standard,Advance
20867,20867,Standard,Advance
20868,20868,Standard,Advance
20869,20869,Standard,Off-Peak
20870,20870,Standard,Advance
20871,20871,Standard,Advance
20872,20872,Standard,Advance
20873,20873,Standard,Advance
20874,20874,Standard,Off-Peak
20875,20875,Standard,Advance
20876,20876,Standard,Advance
20877,20877,Standard,Advance
20878,20878,Standard,Advance
20879,20879,Standard,Advance
20880,20880,Standard,Advance
20881,20881,Standard,Advance
20882,20882,Standard,Advance
20883,20883,Standard,Advance
20884,20884,Standard,Off-Peak
20885,20885,Standard,Off-Peak
20886,20886,Standard,Off-Peak
20887,20887,Standard,Advance
20888,20888,Standard,Advance
20889,20889,Standard,Off-Peak
20890,20890,Standard,Off-Peak
20891,20891,Standard,Off-Peak
20892,20892,Standard,Off-Peak
20893,20893,Standard,Advance
20894,20894,Standard,Advance
20895,20895,Standard,Advance
20896,20896,Standard,Advance
20897,20897,Standard,Off-Peak
20898,20898,Standard,Off-Peak
20899,20899,Standard,Off-Peak
20900,20900,Standard,Advance
20901,20901,Standard,Advance
20902,20902,Standard,Advance
20903,20903,Standard,Advance
20904,20904,Standard,Advance
20905,20905,Standard,Advance
20906,20906,Standard,Off-Peak
20907,20907,Standard,Off-Peak
20908,20908,Standard,Off-Peak
20909,20909,Standard,Off-Peak
20910,20910,Standard,Off-Peak
20911,20911,Standard,Off-Peak
20912,20912,Standard,Anytime
20913,20913,Standard,Advance
20914,20914,Standard,Anytime
20915,20915,Standard,Advance
20916,20916,Standard,Anytime
20917,20917,Standard,Anytime
20918,20918,Standard,Anytime
20919,20919,Standard,Anytime
20920,20920,Standard,Anytime
20921,20921,Standard,Anytime
20922,20922,Standard,Anytime
20923,20923,Standard,Anytime
20924,20924,Standard,Advance
20925,20925,Standard,Anytime
20926,20926,Standard,Advance
20927,20927,Standard,Anytime
20928,20928,Standard,Anytime
20929,20929,Standard,Anytime
20930,20930,Standard,Anytime
20931,20931,Standard,Advance
20932,20932,Standard,Advance
20933,20933,Standard,Anytime
20934,20934,Standard,Off-Peak
20935,20935,Standard,Advance
20936,20936,Standard,Off-Peak
20937,20937,Standard,Advance
20938,20938,Standard,Anytime
20939,20939,Standard,Anytime
20940,20940,Standard,Anytime
20941,20941,Standard,Advance
20942,20942,Standard,Anytime
20943,20943,Standard,Anytime
20944,20944,Standard,Anytime
20945,20945,Standard,Anytime
20946,20946,Standard,Anytime
20947,20947,Standard,Anytime
20948,20948,Standard,Advance
20949,20949,Standard,Anytime
20950,20950,Standard,Advance
20951,20951,Standard,Advance
20952,20952,Standard,Anytime
20953,20953,Standard,Anytime
20954,20954,Standard,Anytime
20955,20955,Standard,Anytime
20956,20956,Standard,Anytime
20957,20957,Standard,Anytime
20958,20958,Standard,Anytime
20959,20959,Standard,Advance
20960,20960,Standard,Anytime
20961,20961,Standard,Anytime
20962,20962,Standard,Advance
20963,20963,Standard,Anytime
20964,20964,Standard,Anytime
20965,20965,Standard,Anytime
20966,20966,Standard,Advance
20967,20967,Standard,Advance
20968,20968,Standard,Advance
20969,20969,Standard,Off-Peak
20970,20970,Standard,Advance
20971,20971,Standard,Advance
20972,20972,Standard,Advance
20973,20973,Standard,Advance
20974,20974,Standard,Advance
20975,20975,Standard,Anytime
20976,20976,Standard,Anytime
20977,20977,Standard,Off-Peak
20978,20978,Standard,Advance
20979,20979,Standard,Advance
20980,20980,Standard,Off-Peak
20981,20981,Standard,Advance
20982,20982,Standard,Advance
20983,20983,Standard,Off-Peak
20984,20984,Standard,Off-Peak
20985,20985,Standard,Advance
20986,20986,Standard,Off-Peak
20987,20987,Standard,Advance
20988,20988,Standard,Advance
20989,20989,Standard,Advance
20990,20990,Standard,Off-Peak
20991,20991,Standard,Advance
20992,20992,Standard,Off-Peak
20993,20993,Standard,Advance
20994,20994,Standard,Advance
20995,20995,Standard,Off-Peak
20996,20996,Standard,Advance
20997,20997,Standard,Advance
20998,20998,Standard,Advance
20999,20999,Standard,Advance
21000,21000,Standard,Advance
21001,21001,Standard,Advance
21002,21002,Standard,Advance
21003,21003,Standard,Advance
21004,21004,Standard,Advance
21005,21005,Standard,Advance
21006,21006,Standard,Advance
21007,21007,Standard,Advance
21008,21008,Standard,Off-Peak
21009,21009,Standard,Advance
21010,21010,Standard,Advance
21011,21011,Standard,Advance
21012,21012,Standard,Advance
21013,21013,Standard,Advance
21014,21014,Standard,Advance
21015,21015,Standard,Advance
21016,21016,Standard,Advance
21017,21017,Standard,Advance
21018,21018,Standard,Advance
21019,21019,Standard,Advance
21020,21020,Standard,Advance
21021,21021,Standard,Advance
21022,21022,Standard,Advance
21023,21023,Standard,Advance
21024,21024,Standard,Advance
21025,21025,Standard,Advance
21026,21026,Standard,Advance
21027,21027,Standard,Advance
21028,21028,Standard,Off-Peak
21029,21029,Standard,Off-Peak
21030,21030,Standard,Off-Peak
21031,21031,Standard,Off-Peak
21032,21032,Standard,Off-Peak
21033,21033,Standard,Off-Peak
21034,21034,Standard,Off-Peak
21035,21035,Standard,Advance
21036,21036,Standard,Advance
21037,21037,Standard,Advance
21038,21038,Standard,Advance
21039,21039,Standard,Off-Peak
21040,21040,Standard,Off-Peak
21041,21041,Standard,Advance
21042,21042,Standard,Advance
21043,21043,Standard,Advance
21044,21044,Standard,Advance
21045,21045,Standard,Off-Peak
21046,21046,Standard,Off-Peak
21047,21047,Standard,Off-Peak
21048,21048,Standard,Off-Peak
21049,21049,Standard,Off-Peak
21050,21050,Standard,Off-Peak
21051,21051,Standard,Off-Peak
21052,21052,Standard,Off-Peak
21053,21053,Standard,Advance
21054,21054,Standard,Advance
21055,21055,Standard,Off-Peak
21056,21056,Standard,Advance
21057,21057,Standard,Advance
21058,21058,Standard,Off-Peak
21059,21059,Standard,Off-Peak
21060,21060,Standard,Off-Peak
21061,21061,Standard,Advance
21062,21062,Standard,Off-Peak
21063,21063,Standard,Off-Peak
21064,21064,Standard,Off-Peak
21065,21065,Standard,Advance
21066,21066,Standard,Off-Peak
21067,21067,Standard,Anytime
21068,21068,Standard,Anytime
21069,21069,Standard,Anytime
21070,21070,Standard,Advance
21071,21071,Standard,Anytime
21072,21072,Standard,Anytime
21073,21073,Standard,Advance
21074,21074,Standard,Anytime
21075,21075,Standard,Anytime
21076,21076,Standard,Anytime
21077,21077,Standard,Anytime
21078,21078,Standard,Anytime
21079,21079,Standard,Anytime
21080,21080,Standard,Anytime
21081,21081,Standard,Anytime
21082,21082,Standard,Anytime
21083,21083,Standard,Anytime
21084,21084,Standard,Anytime
21085,21085,Standard,Anytime
21086,21086,Standard,Anytime
21087,21087,Standard,Anytime
21088,21088,Standard,Advance
21089,21089,Standard,Anytime
21090,21090,Standard,Anytime
21091,21091,Standard,Anytime
21092,21092,Standard,Advance
21093,21093,Standard,Anytime
21094,21094,Standard,Anytime
21095,21095,Standard,Advance
21096,21096,Standard,Advance
21097,21097,Standard,Advance
21098,21098,Standard,Anytime
21099,21099,Standard,Anytime
21100,21100,Standard,Anytime
21101,21101,Standard,Anytime
21102,21102,Standard,Anytime
21103,21103,Standard,Anytime
21104,21104,Standard,Anytime
21105,21105,Standard,Anytime
21106,21106,Standard,Anytime
21107,21107,Standard,Anytime
21108,21108,Standard,Anytime
21109,21109,Standard,Anytime
21110,21110,Standard,Anytime
21111,21111,Standard,Anytime
21112,21112,Standard,Advance
21113,21113,Standard,Anytime
21114,21114,Standard,Advance
21115,21115,Standard,Anytime
21116,21116,Standard,Anytime
21117,21117,Standard,Anytime
21118,21118,Standard,Off-Peak
21119,21119,Standard,Off-Peak
21120,21120,Standard,Off-Peak
21121,21121,Standard,Advance
21122,21122,Standard,Advance
21123,21123,Standard,Advance
21124,21124,Standard,Advance
21125,21125,Standard,Off-Peak
21126,21126,Standard,Anytime
21127,21127,Standard,Advance
21128,21128,Standard,Off-Peak
21129,21129,Standard,Off-Peak
21130,21130,Standard,Advance
21131,21131,Standard,Advance
21132,21132,Standard,Advance
21133,21133,Standard,Advance
21134,21134,Standard,Advance
21135,21135,Standard,Advance
21136,21136,Standard,Advance
21137,21137,Standard,Advance
21138,21138,Standard,Advance
21139,21139,Standard,Advance
21140,21140,Standard,Advance
21141,21141,Standard,Advance
21142,21142,Standard,Advance
21143,21143,Standard,Advance
21144,21144,Standard,Advance
21145,21145,Standard,Advance
21146,21146,Standard,Advance
21147,21147,Standard,Advance
21148,21148,Standard,Off-Peak
21149,21149,Standard,Advance
21150,21150,Standard,Advance
21151,21151,Standard,Advance
21152,21152,Standard,Off-Peak
21153,21153,Standard,Advance
21154,21154,Standard,Off-Peak
21155,21155,Standard,Off-Peak
21156,21156,Standard,Advance
21157,21157,Standard,Off-Peak
21158,21158,Standard,Off-Peak
21159,21159,Standard,Advance
21160,21160,Standard,Advance
21161,21161,Standard,Off-Peak
21162,21162,Standard,Advance
21163,21163,Standard,Advance
21164,21164,Standard,Advance
21165,21165,Standard,Advance
21166,21166,Standard,Advance
21167,21167,Standard,Advance
21168,21168,Standard,Advance
21169,21169,Standard,Advance
21170,21170,Standard,Advance
21171,21171,Standard,Advance
21172,21172,Standard,Advance
21173,21173,Standard,Off-Peak
21174,21174,Standard,Advance
21175,21175,Standard,Off-Peak
21176,21176,Standard,Off-Peak
21177,21177,Standard,Advance
21178,21178,Standard,Advance
21179,21179,Standard,Off-Peak
21180,21180,Standard,Off-Peak
21181,21181,Standard,Off-Peak
21182,21182,Standard,Off-Peak
21183,21183,Standard,Advance
21184,21184,Standard,Advance
21185,21185,Standard,Off-Peak
21186,21186,Standard,Off-Peak
21187,21187,Standard,Advance
21188,21188,Standard,Advance
21189,21189,Standard,Advance
21190,21190,Standard,Advance
21191,21191,Standard,Advance
21192,21192,Standard,Off-Peak
21193,21193,Standard,Advance
21194,21194,Standard,Advance
21195,21195,Standard,Advance
21196,21196,Standard,Advance
21197,21197,Standard,Off-Peak
21198,21198,Standard,Off-Peak
21199,21199,Standard,Advance
21200,21200,Standard,Off-Peak
21201,21201,Standard,Off-Peak
21202,21202,Standard,Off-Peak
21203,21203,Standard,Off-Peak
21204,21204,Standard,Advance
21205,21205,Standard,Advance
21206,21206,Standard,Off-Peak
21207,21207,Standard,Off-Peak
21208,21208,Standard,Anytime
21209,21209,Standard,Anytime
21210,21210,Standard,Anytime
21211,21211,Standard,Anytime
21212,21212,Standard,Advance
21213,21213,Standard,Anytime
21214,21214,Standard,Anytime
21215,21215,Standard,Advance
21216,21216,Standard,Advance
21217,21217,Standard,Off-Peak
21218,21218,Standard,Anytime
21219,21219,Standard,Anytime
21220,21220,Standard,Anytime
21221,21221,Standard,Anytime
21222,21222,Standard,Anytime
21223,21223,Standard,Advance
21224,21224,Standard,Anytime
21225,21225,Standard,Anytime
21226,21226,Standard,Anytime
21227,21227,Standard,Anytime
21228,21228,Standard,Anytime
21229,21229,Standard,Anytime
21230,21230,Standard,Anytime
21231,21231,Standard,Advance
21232,21232,Standard,Advance
21233,21233,Standard,Advance
21234,21234,Standard,Anytime
21235,21235,Standard,Anytime
21236,21236,Standard,Advance
21237,21237,Standard,Advance
21238,21238,Standard,Anytime
21239,21239,Standard,Advance
21240,21240,Standard,Anytime
21241,21241,Standard,Anytime
21242,21242,Standard,Anytime
21243,21243,Standard,Advance
21244,21244,Standard,Anytime
21245,21245,Standard,Anytime
21246,21246,Standard,Anytime
21247,21247,Standard,Anytime
21248,21248,Standard,Anytime
21249,21249,Standard,Anytime
21250,21250,Standard,Anytime
21251,21251,Standard,Anytime
21252,21252,Standard,Advance
21253,21253,Standard,Advance
21254,21254,Standard,Off-Peak
21255,21255,Standard,Off-Peak
21256,21256,Standard,Advance
21257,21257,Standard,Advance
21258,21258,Standard,Advance
21259,21259,Standard,Off-Peak
21260,21260,Standard,Advance
21261,21261,Standard,Advance
21262,21262,Standard,Advance
21263,21263,Standard,Advance
21264,21264,Standard,Advance
21265,21265,Standard,Advance
21266,21266,Standard,Advance
21267,21267,Standard,Advance
21268,21268,Standard,Off-Peak
21269,21269,Standard,Advance
21270,21270,Standard,Off-Peak
21271,21271,Standard,Off-Peak
21272,21272,Standard,Off-Peak
21273,21273,Standard,Advance
21274,21274,Standard,Advance
21275,21275,Standard,Advance
21276,21276,Standard,Off-Peak
21277,21277,Standard,Advance
21278,21278,Standard,Advance
21279,21279,Standard,Advance
21280,21280,Standard,Advance
21281,21281,Standard,Advance
21282,21282,Standard,Advance
21283,21283,Standard,Advance
21284,21284,Standard,Advance
21285,21285,Standard,Advance
21286,21286,Standard,Advance
21287,21287,Standard,Advance
21288,21288,Standard,Advance
21289,21289,Standard,Off-Peak
21290,21290,Standard,Advance
21291,21291,Standard,Advance
21292,21292,Standard,Advance
21293,21293,Standard,Advance
21294,21294,Standard,Advance
21295,21295,Standard,Off-Peak
21296,21296,Standard,Advance
21297,21297,Standard,Advance
21298,21298,Standard,Advance
21299,21299,Standard,Advance
21300,21300,Standard,Advance
21301,21301,Standard,Off-Peak
21302,21302,Standard,Off-Peak
21303,21303,Standard,Advance
21304,21304,Standard,Advance
21305,21305,Standard,Advance
21306,21306,Standard,Advance
21307,21307,Standard,Advance
21308,21308,Standard,Advance
21309,21309,Standard,Advance
21310,21310,Standard,Advance
21311,21311,Standard,Advance
21312,21312,Standard,Advance
21313,21313,Standard,Advance
21314,21314,Standard,Advance
21315,21315,Standard,Advance
21316,21316,Standard,Advance
21317,21317,Standard,Advance
21318,21318,Standard,Advance
21319,21319,Standard,Advance
21320,21320,Standard,Advance
21321,21321,Standard,Advance
21322,21322,Standard,Off-Peak
21323,21323,Standard,Advance
21324,21324,Standard,Off-Peak
21325,21325,Standard,Off-Peak
21326,21326,Standard,Off-Peak
21327,21327,Standard,Off-Peak
21328,21328,Standard,Advance
21329,21329,Standard,Advance
21330,21330,Standard,Off-Peak
21331,21331,Standard,Off-Peak
21332,21332,Standard,Off-Peak
21333,21333,Standard,Off-Peak
21334,21334,Standard,Advance
21335,21335,Standard,Advance
21336,21336,Standard,Advance
21337,21337,Standard,Off-Peak
21338,21338,Standard,Off-Peak
21339,21339,Standard,Advance
21340,21340,Standard,Off-Peak
21341,21341,Standard,Advance
21342,21342,Standard,Off-Peak
21343,21343,Standard,Off-Peak
21344,21344,Standard,Advance
21345,21345,Standard,Advance
21346,21346,Standard,Advance
21347,21347,Standard,Advance
21348,21348,Standard,Off-Peak
21349,21349,Standard,Advance
21350,21350,Standard,Advance
21351,21351,Standard,Advance
21352,21352,Standard,Off-Peak
21353,21353,Standard,Off-Peak
21354,21354,Standard,Advance
21355,21355,Standard,Anytime
21356,21356,Standard,Advance
21357,21357,Standard,Anytime
21358,21358,Standard,Anytime
21359,21359,Standard,Anytime
21360,21360,Standard,Anytime
21361,21361,Standard,Anytime
21362,21362,Standard,Anytime
21363,21363,Standard,Anytime
21364,21364,Standard,Anytime
21365,21365,Standard,Anytime
21366,21366,Standard,Advance
21367,21367,Standard,Anytime
21368,21368,Standard,Anytime
21369,21369,Standard,Advance
21370,21370,Standard,Advance
21371,21371,Standard,Off-Peak
21372,21372,Standard,Anytime
21373,21373,Standard,Anytime
21374,21374,Standard,Anytime
21375,21375,Standard,Anytime
21376,21376,Standard,Anytime
21377,21377,Standard,Advance
21378,21378,Standard,Anytime
21379,21379,Standard,Anytime
21380,21380,Standard,Advance
21381,21381,Standard,Advance
21382,21382,Standard,Anytime
21383,21383,Standard,Anytime
21384,21384,Standard,Advance
21385,21385,Standard,Anytime
21386,21386,Standard,Anytime
21387,21387,Standard,Anytime
21388,21388,Standard,Anytime
21389,21389,Standard,Anytime
21390,21390,Standard,Anytime
21391,21391,Standard,Anytime
21392,21392,Standard,Anytime
21393,21393,Standard,Anytime
21394,21394,Standard,Anytime
21395,21395,Standard,Off-Peak
21396,21396,Standard,Off-Peak
21397,21397,Standard,Advance
21398,21398,Standard,Advance
21399,21399,Standard,Advance
21400,21400,Standard,Advance
21401,21401,Standard,Off-Peak
21402,21402,Standard,Advance
21403,21403,Standard,Off-Peak
21404,21404,Standard,Advance
21405,21405,Standard,Advance
21406,21406,Standard,Off-Peak
21407,21407,Standard,Advance
21408,21408,Standard,Advance
21409,21409,Standard,Advance
21410,21410,Standard,Advance
21411,21411,Standard,Advance
21412,21412,Standard,Advance
21413,21413,Standard,Advance
21414,21414,Standard,Advance
21415,21415,Standard,Off-Peak
21416,21416,Standard,Advance
21417,21417,Standard,Advance
21418,21418,Standard,Advance
21419,21419,Standard,Advance
21420,21420,Standard,Advance
21421,21421,Standard,Advance
21422,21422,Standard,Advance
21423,21423,Standard,Off-Peak
21424,21424,Standard,Off-Peak
21425,21425,Standard,Advance
21426,21426,Standard,Advance
21427,21427,Standard,Advance
21428,21428,Standard,Advance
21429,21429,Standard,Advance
21430,21430,Standard,Advance
21431,21431,Standard,Advance
21432,21432,Standard,Advance
21433,21433,Standard,Off-Peak
21434,21434,Standard,Advance
21435,21435,Standard,Advance
21436,21436,Standard,Advance
21437,21437,Standard,Off-Peak
21438,21438,Standard,Advance
21439,21439,Standard,Advance
21440,21440,Standard,Advance
21441,21441,Standard,Off-Peak
21442,21442,Standard,Off-Peak
21443,21443,Standard,Off-Peak
21444,21444,Standard,Advance
21445,21445,Standard,Advance
21446,21446,Standard,Advance
21447,21447,Standard,Off-Peak
21448,21448,Standard,Off-Peak
21449,21449,Standard,Advance
21450,21450,Standard,Advance
21451,21451,Standard,Off-Peak
21452,21452,Standard,Advance
21453,21453,Standard,Advance
21454,21454,Standard,Advance
21455,21455,Standard,Off-Peak
21456,21456,Standard,Advance
21457,21457,Standard,Off-Peak
21458,21458,Standard,Advance
21459,21459,Standard,Off-Peak
21460,21460,Standard,Off-Peak
21461,21461,Standard,Advance
21462,21462,Standard,Off-Peak
21463,21463,Standard,Off-Peak
21464,21464,Standard,Off-Peak
21465,21465,Standard,Off-Peak
21466,21466,Standard,Off-Peak
21467,21467,Standard,Advance
21468,21468,Standard,Advance
21469,21469,Standard,Anytime
21470,21470,Standard,Anytime
21471,21471,Standard,Anytime
21472,21472,Standard,Anytime
21473,21473,Standard,Advance
21474,21474,Standard,Anytime
21475,21475,Standard,Advance
21476,21476,Standard,Advance
21477,21477,Standard,Anytime
21478,21478,Standard,Anytime
21479,21479,Standard,Anytime
21480,21480,Standard,Advance
21481,21481,Standard,Advance
21482,21482,Standard,Advance
21483,21483,Standard,Anytime
21484,21484,Standard,Anytime
21485,21485,Standard,Anytime
21486,21486,Standard,Anytime
21487,21487,Standard,Advance
21488,21488,Standard,Anytime
21489,21489,Standard,Anytime
21490,21490,Standard,Anytime
21491,21491,Standard,Anytime
21492,21492,Standard,Anytime
21493,21493,Standard,Anytime
21494,21494,Standard,Anytime
21495,21495,Standard,Anytime
21496,21496,Standard,Anytime
21497,21497,Standard,Advance
21498,21498,Standard,Anytime
21499,21499,Standard,Anytime
21500,21500,Standard,Advance
21501,21501,Standard,Anytime
21502,21502,Standard,Anytime
21503,21503,Standard,Advance
21504,21504,Standard,Anytime
21505,21505,Standard,Anytime
21506,21506,Standard,Anytime
21507,21507,Standard,Anytime
21508,21508,Standard,Advance
21509,21509,Standard,Advance
21510,21510,Standard,Advance
21511,21511,Standard,Anytime
21512,21512,Standard,Advance
21513,21513,Standard,Advance
21514,21514,Standard,Off-Peak
21515,21515,Standard,Advance
21516,21516,Standard,Advance
21517,21517,Standard,Advance
21518,21518,Standard,Advance
21519,21519,Standard,Advance
21520,21520,Standard,Advance
21521,21521,Standard,Advance
21522,21522,Standard,Advance
21523,21523,Standard,Advance
21524,21524,Standard,Advance
21525,21525,Standard,Advance
21526,21526,Standard,Anytime
21527,21527,Standard,Off-Peak
21528,21528,Standard,Advance
21529,21529,Standard,Advance
21530,21530,Standard,Off-Peak
21531,21531,Standard,Advance
21532,21532,Standard,Off-Peak
21533,21533,Standard,Advance
21534,21534,Standard,Off-Peak
21535,21535,Standard,Off-Peak
21536,21536,Standard,Off-Peak
21537,21537,Standard,Advance
21538,21538,Standard,Off-Peak
21539,21539,Standard,Off-Peak
21540,21540,Standard,Advance
21541,21541,Standard,Advance
21542,21542,Standard,Advance
21543,21543,Standard,Advance
21544,21544,Standard,Advance
21545,21545,Standard,Advance
21546,21546,Standard,Advance
21547,21547,Standard,Advance
21548,21548,Standard,Advance
21549,21549,Standard,Advance
21550,21550,Standard,Off-Peak
21551,21551,Standard,Advance
21552,21552,Standard,Off-Peak
21553,21553,Standard,Advance
21554,21554,Standard,Advance
21555,21555,Standard,Advance
21556,21556,Standard,Advance
21557,21557,Standard,Advance
21558,21558,Standard,Advance
21559,21559,Standard,Off-Peak
21560,21560,Standard,Advance
21561,21561,Standard,Advance
21562,21562,Standard,Advance
21563,21563,Standard,Advance
21564,21564,Standard,Advance
21565,21565,Standard,Advance
21566,21566,Standard,Advance
21567,21567,Standard,Advance
21568,21568,Standard,Advance
21569,21569,Standard,Advance
21570,21570,Standard,Advance
21571,21571,Standard,Advance
21572,21572,Standard,Advance
21573,21573,Standard,Advance
21574,21574,Standard,Advance
21575,21575,Standard,Off-Peak
21576,21576,Standard,Advance
21577,21577,Standard,Off-Peak
21578,21578,Standard,Advance
21579,21579,Standard,Off-Peak
21580,21580,Standard,Off-Peak
21581,21581,Standard,Off-Peak
21582,21582,Standard,Off-Peak
21583,21583,Standard,Advance
21584,21584,Standard,Off-Peak
21585,21585,Standard,Advance
21586,21586,Standard,Off-Peak
21587,21587,Standard,Advance
21588,21588,Standard,Off-Peak
21589,21589,Standard,Off-Peak
21590,21590,Standard,Off-Peak
21591,21591,Standard,Advance
21592,21592,Standard,Off-Peak
21593,21593,Standard,Off-Peak
21594,21594,Standard,Off-Peak
21595,21595,Standard,Off-Peak
21596,21596,Standard,Off-Peak
21597,21597,Standard,Advance
21598,21598,Standard,Advance
21599,21599,Standard,Advance
21600,21600,Standard,Advance
21601,21601,Standard,Off-Peak
21602,21602,Standard,Off-Peak
21603,21603,Standard,Off-Peak
21604,21604,Standard,Off-Peak
21605,21605,Standard,Off-Peak
21606,21606,Standard,Advance
21607,21607,Standard,Off-Peak
21608,21608,Standard,Off-Peak
21609,21609,Standard,Off-Peak
21610,21610,Standard,Off-Peak
21611,21611,Standard,Off-Peak
21612,21612,Standard,Off-Peak
21613,21613,Standard,Off-Peak
21614,21614,Standard,Off-Peak
21615,21615,Standard,Off-Peak
21616,21616,Standard,Off-Peak
21617,21617,Standard,Off-Peak
21618,21618,Standard,Off-Peak
21619,21619,Standard,Advance
21620,21620,Standard,Advance
21621,21621,Standard,Off-Peak
21622,21622,Standard,Off-Peak
21623,21623,Standard,Advance
21624,21624,Standard,Off-Peak
21625,21625,Standard,Off-Peak
21626,21626,Standard,Off-Peak
21627,21627,Standard,Advance
21628,21628,Standard,Off-Peak
21629,21629,Standard,Off-Peak
21630,21630,Standard,Off-Peak
21631,21631,Standard,Off-Peak
21632,21632,Standard,Advance
21633,21633,Standard,Off-Peak
21634,21634,Standard,Off-Peak
21635,21635,Standard,Off-Peak
21636,21636,Standard,Off-Peak
21637,21637,Standard,Off-Peak
21638,21638,Standard,Advance
21639,21639,Standard,Off-Peak
21640,21640,Standard,Advance
21641,21641,Standard,Off-Peak
21642,21642,Standard,Off-Peak
21643,21643,Standard,Off-Peak
21644,21644,Standard,Off-Peak
21645,21645,Standard,Off-Peak
21646,21646,Standard,Off-Peak
21647,21647,Standard,Off-Peak
21648,21648,Standard,Off-Peak
21649,21649,Standard,Off-Peak
21650,21650,Standard,Off-Peak
21651,21651,Standard,Off-Peak
21652,21652,Standard,Off-Peak
21653,21653,Standard,Advance
21654,21654,Standard,Advance
21655,21655,Standard,Off-Peak
21656,21656,Standard,Off-Peak
21657,21657,Standard,Off-Peak
21658,21658,Standard,Advance
21659,21659,Standard,Advance
21660,21660,Standard,Advance
21661,21661,Standard,Advance
21662,21662,Standard,Advance
21663,21663,Standard,Advance
21664,21664,Standard,Advance
21665,21665,Standard,Advance
21666,21666,Standard,Advance
21667,21667,Standard,Advance
21668,21668,Standard,Advance
21669,21669,Standard,Advance
21670,21670,Standard,Advance
21671,21671,Standard,Advance
21672,21672,Standard,Advance
21673,21673,Standard,Advance
21674,21674,Standard,Advance
21675,21675,Standard,Advance
21676,21676,Standard,Advance
21677,21677,Standard,Advance
21678,21678,Standard,Advance
21679,21679,Standard,Advance
21680,21680,Standard,Advance
21681,21681,Standard,Advance
21682,21682,Standard,Off-Peak
21683,21683,Standard,Off-Peak
21684,21684,Standard,Advance
21685,21685,Standard,Off-Peak
21686,21686,Standard,Off-Peak
21687,21687,Standard,Off-Peak
21688,21688,Standard,Off-Peak
21689,21689,Standard,Advance
21690,21690,Standard,Off-Peak
21691,21691,Standard,Advance
21692,21692,Standard,Off-Peak
21693,21693,Standard,Off-Peak
21694,21694,Standard,Off-Peak
21695,21695,Standard,Advance
21696,21696,Standard,Advance
21697,21697,Standard,Off-Peak
21698,21698,Standard,Advance
21699,21699,Standard,Advance
21700,21700,Standard,Advance
21701,21701,Standard,Off-Peak
21702,21702,Standard,Advance
21703,21703,Standard,Advance
21704,21704,Standard,Off-Peak
21705,21705,Standard,Off-Peak
21706,21706,Standard,Off-Peak
21707,21707,Standard,Advance
21708,21708,Standard,Off-Peak
21709,21709,Standard,Off-Peak
21710,21710,Standard,Off-Peak
21711,21711,Standard,Off-Peak
21712,21712,Standard,Off-Peak
21713,21713,Standard,Off-Peak
21714,21714,Standard,Off-Peak
21715,21715,Standard,Off-Peak
21716,21716,Standard,Off-Peak
21717,21717,Standard,Off-Peak
21718,21718,Standard,Off-Peak
21719,21719,Standard,Advance
21720,21720,Standard,Advance
21721,21721,Standard,Advance
21722,21722,Standard,Off-Peak
21723,21723,Standard,Advance
21724,21724,Standard,Off-Peak
21725,21725,Standard,Advance
21726,21726,Standard,Off-Peak
21727,21727,Standard,Off-Peak
21728,21728,Standard,Off-Peak
21729,21729,Standard,Off-Peak
21730,21730,Standard,Off-Peak
21731,21731,Standard,Off-Peak
21732,21732,Standard,Off-Peak
21733,21733,Standard,Off-Peak
21734,21734,Standard,Off-Peak
21735,21735,Standard,Advance
21736,21736,Standard,Off-Peak
21737,21737,Standard,Off-Peak
21738,21738,Standard,Off-Peak
21739,21739,Standard,Advance
21740,21740,Standard,Off-Peak
21741,21741,Standard,Off-Peak
21742,21742,Standard,Advance
21743,21743,Standard,Off-Peak
21744,21744,Standard,Advance
21745,21745,Standard,Advance
21746,21746,Standard,Advance
21747,21747,Standard,Off-Peak
21748,21748,Standard,Advance
21749,21749,Standard,Off-Peak
21750,21750,Standard,Off-Peak
21751,21751,Standard,Off-Peak
21752,21752,Standard,Off-Peak
21753,21753,Standard,Off-Peak
21754,21754,Standard,Off-Peak
21755,21755,Standard,Off-Peak
21756,21756,Standard,Advance
21757,21757,Standard,Off-Peak
21758,21758,Standard,Off-Peak
21759,21759,Standard,Advance
21760,21760,Standard,Advance
21761,21761,Standard,Advance
21762,21762,Standard,Advance
21763,21763,Standard,Advance
21764,21764,Standard,Advance
21765,21765,Standard,Advance
21766,21766,Standard,Advance
21767,21767,Standard,Advance
21768,21768,Standard,Advance
21769,21769,Standard,Advance
21770,21770,Standard,Off-Peak
21771,21771,Standard,Off-Peak
21772,21772,Standard,Off-Peak
21773,21773,Standard,Off-Peak
21774,21774,Standard,Advance
21775,21775,Standard,Advance
21776,21776,Standard,Off-Peak
21777,21777,Standard,Advance
21778,21778,Standard,Advance
21779,21779,Standard,Advance
21780,21780,Standard,Advance
21781,21781,Standard,Advance
21782,21782,Standard,Advance
21783,21783,Standard,Off-Peak
21784,21784,Standard,Off-Peak
21785,21785,Standard,Advance
21786,21786,Standard,Off-Peak
21787,21787,Standard,Advance
21788,21788,Standard,Advance
21789,21789,Standard,Advance
21790,21790,Standard,Advance
21791,21791,Standard,Advance
21792,21792,Standard,Advance
21793,21793,Standard,Advance
21794,21794,Standard,Advance
21795,21795,Standard,Advance
21796,21796,Standard,Off-Peak
21797,21797,Standard,Advance
21798,21798,Standard,Off-Peak
21799,21799,Standard,Advance
21800,21800,Standard,Advance
21801,21801,Standard,Advance
21802,21802,Standard,Advance
21803,21803,Standard,Advance
21804,21804,Standard,Advance
21805,21805,Standard,Advance
21806,21806,Standard,Advance
21807,21807,Standard,Advance
21808,21808,Standard,Advance
21809,21809,Standard,Advance
21810,21810,Standard,Advance
21811,21811,Standard,Advance
21812,21812,Standard,Advance
21813,21813,Standard,Advance
21814,21814,Standard,Advance
21815,21815,Standard,Advance
21816,21816,Standard,Advance
21817,21817,Standard,Advance
21818,21818,Standard,Advance
21819,21819,Standard,Off-Peak
21820,21820,Standard,Off-Peak
21821,21821,Standard,Advance
21822,21822,Standard,Advance
21823,21823,Standard,Off-Peak
21824,21824,Standard,Off-Peak
21825,21825,Standard,Advance
21826,21826,Standard,Advance
21827,21827,Standard,Advance
21828,21828,Standard,Off-Peak
21829,21829,Standard,Advance
21830,21830,Standard,Advance
21831,21831,Standard,Advance
21832,21832,Standard,Advance
21833,21833,Standard,Off-Peak
21834,21834,Standard,Off-Peak
21835,21835,Standard,Advance
21836,21836,Standard,Advance
21837,21837,Standard,Advance
21838,21838,Standard,Off-Peak
21839,21839,Standard,Off-Peak
21840,21840,Standard,Off-Peak
21841,21841,Standard,Off-Peak
21842,21842,Standard,Off-Peak
21843,21843,Standard,Off-Peak
21844,21844,Standard,Advance
21845,21845,Standard,Off-Peak
21846,21846,Standard,Off-Peak
21847,21847,Standard,Advance
21848,21848,Standard,Off-Peak
21849,21849,Standard,Advance
21850,21850,Standard,Advance
21851,21851,Standard,Advance
21852,21852,Standard,Off-Peak
21853,21853,Standard,Advance
21854,21854,Standard,Off-Peak
21855,21855,Standard,Off-Peak
21856,21856,Standard,Off-Peak
21857,21857,Standard,Off-Peak
21858,21858,Standard,Off-Peak
21859,21859,Standard,Off-Peak
21860,21860,Standard,Off-Peak
21861,21861,Standard,Off-Peak
21862,21862,Standard,Off-Peak
21863,21863,Standard,Off-Peak
21864,21864,Standard,Off-Peak
21865,21865,Standard,Off-Peak
21866,21866,Standard,Off-Peak
21867,21867,Standard,Off-Peak
21868,21868,Standard,Off-Peak
21869,21869,Standard,Off-Peak
21870,21870,Standard,Advance
21871,21871,Standard,Off-Peak
21872,21872,Standard,Off-Peak
21873,21873,Standard,Advance
21874,21874,Standard,Advance
21875,21875,Standard,Advance
21876,21876,Standard,Advance
21877,21877,Standard,Off-Peak
21878,21878,Standard,Off-Peak
21879,21879,Standard,Off-Peak
21880,21880,Standard,Off-Peak
21881,21881,Standard,Advance
21882,21882,Standard,Off-Peak
21883,21883,Standard,Off-Peak
21884,21884,Standard,Advance
21885,21885,Standard,Advance
21886,21886,Standard,Advance
21887,21887,Standard,Off-Peak
21888,21888,Standard,Off-Peak
21889,21889,Standard,Advance
21890,21890,Standard,Off-Peak
21891,21891,Standard,Off-Peak
21892,21892,Standard,Off-Peak
21893,21893,Standard,Advance
21894,21894,Standard,Off-Peak
21895,21895,Standard,Advance
21896,21896,Standard,Advance
21897,21897,Standard,Off-Peak
21898,21898,Standard,Off-Peak
21899,21899,Standard,Off-Peak
21900,21900,Standard,Off-Peak
21901,21901,Standard,Off-Peak
21902,21902,Standard,Off-Peak
21903,21903,Standard,Advance
21904,21904,Standard,Off-Peak
21905,21905,Standard,Off-Peak
21906,21906,Standard,Off-Peak
21907,21907,Standard,Off-Peak
21908,21908,Standard,Advance
21909,21909,Standard,Advance
21910,21910,Standard,Advance
21911,21911,Standard,Off-Peak
21912,21912,Standard,Off-Peak
21913,21913,Standard,Advance
21914,21914,Standard,Advance
21915,21915,Standard,Advance
21916,21916,Standard,Advance
21917,21917,Standard,Advance
21918,21918,Standard,Advance
21919,21919,Standard,Off-Peak
21920,21920,Standard,Advance
21921,21921,Standard,Advance
21922,21922,Standard,Advance
21923,21923,Standard,Advance
21924,21924,Standard,Advance
21925,21925,Standard,Off-Peak
21926,21926,Standard,Advance
21927,21927,Standard,Advance
21928,21928,Standard,Off-Peak
21929,21929,Standard,Off-Peak
21930,21930,Standard,Advance
21931,21931,Standard,Advance
21932,21932,Standard,Advance
21933,21933,Standard,Advance
21934,21934,Standard,Advance
21935,21935,Standard,Advance
21936,21936,Standard,Advance
21937,21937,Standard,Off-Peak
21938,21938,Standard,Off-Peak
21939,21939,Standard,Off-Peak
21940,21940,Standard,Advance
21941,21941,Standard,Advance
21942,21942,Standard,Off-Peak
21943,21943,Standard,Advance
21944,21944,Standard,Advance
21945,21945,Standard,Advance
21946,21946,Standard,Advance
21947,21947,Standard,Off-Peak
21948,21948,Standard,Advance
21949,21949,Standard,Off-Peak
21950,21950,Standard,Off-Peak
21951,21951,Standard,Off-Peak
21952,21952,Standard,Advance
21953,21953,Standard,Advance
21954,21954,Standard,Off-Peak
21955,21955,Standard,Off-Peak
21956,21956,Standard,Off-Peak
21957,21957,Standard,Advance
21958,21958,Standard,Off-Peak
21959,21959,Standard,Advance
21960,21960,Standard,Advance
21961,21961,Standard,Advance
21962,21962,Standard,Advance
21963,21963,Standard,Off-Peak
21964,21964,Standard,Off-Peak
21965,21965,Standard,Off-Peak
21966,21966,Standard,Off-Peak
21967,21967,Standard,Off-Peak
21968,21968,Standard,Advance
21969,21969,Standard,Off-Peak
21970,21970,Standard,Advance
21971,21971,Standard,Off-Peak
21972,21972,Standard,Advance
21973,21973,Standard,Off-Peak
21974,21974,Standard,Off-Peak
21975,21975,Standard,Advance
21976,21976,Standard,Advance
21977,21977,Standard,Advance
21978,21978,Standard,Off-Peak
21979,21979,Standard,Advance
21980,21980,Standard,Advance
21981,21981,Standard,Advance
21982,21982,Standard,Off-Peak
21983,21983,Standard,Advance
21984,21984,Standard,Off-Peak
21985,21985,Standard,Off-Peak
21986,21986,Standard,Off-Peak
21987,21987,Standard,Off-Peak
21988,21988,Standard,Off-Peak
21989,21989,Standard,Off-Peak
21990,21990,Standard,Off-Peak
21991,21991,Standard,Advance
21992,21992,Standard,Advance
21993,21993,Standard,Off-Peak
21994,21994,Standard,Off-Peak
21995,21995,Standard,Off-Peak
21996,21996,Standard,Off-Peak
21997,21997,Standard,Advance
21998,21998,Standard,Off-Peak
21999,21999,Standard,Off-Peak
22000,22000,Standard,Advance
22001,22001,Standard,Off-Peak
22002,22002,Standard,Advance
22003,22003,Standard,Off-Peak
22004,22004,Standard,Off-Peak
22005,22005,Standard,Advance
22006,22006,Standard,Off-Peak
22007,22007,Standard,Off-Peak
22008,22008,Standard,Off-Peak
22009,22009,Standard,Off-Peak
22010,22010,Standard,Advance
22011,22011,Standard,Off-Peak
22012,22012,Standard,Off-Peak
22013,22013,Standard,Off-Peak
22014,22014,Standard,Advance
22015,22015,Standard,Advance
22016,22016,Standard,Off-Peak
22017,22017,Standard,Advance
22018,22018,Standard,Advance
22019,22019,Standard,Advance
22020,22020,Standard,Advance
22021,22021,Standard,Advance
22022,22022,Standard,Off-Peak
22023,22023,Standard,Advance
22024,22024,Standard,Off-Peak
22025,22025,Standard,Advance
22026,22026,Standard,Advance
22027,22027,Standard,Off-Peak
22028,22028,Standard,Advance
22029,22029,Standard,Off-Peak
22030,22030,Standard,Advance
22031,22031,Standard,Advance
22032,22032,Standard,Off-Peak
22033,22033,Standard,Off-Peak
22034,22034,Standard,Advance
22035,22035,Standard,Advance
22036,22036,Standard,Off-Peak
22037,22037,Standard,Off-Peak
22038,22038,Standard,Off-Peak
22039,22039,Standard,Off-Peak
22040,22040,Standard,Off-Peak
22041,22041,Standard,Advance
22042,22042,Standard,Advance
22043,22043,Standard,Advance
22044,22044,Standard,Advance
22045,22045,Standard,Advance
22046,22046,Standard,Advance
22047,22047,Standard,Advance
22048,22048,Standard,Advance
22049,22049,Standard,Advance
22050,22050,Standard,Advance
22051,22051,Standard,Advance
22052,22052,Standard,Advance
22053,22053,Standard,Advance
22054,22054,Standard,Advance
22055,22055,Standard,Off-Peak
22056,22056,Standard,Off-Peak
22057,22057,Standard,Off-Peak
22058,22058,Standard,Advance
22059,22059,Standard,Off-Peak
22060,22060,Standard,Off-Peak
22061,22061,Standard,Advance
22062,22062,Standard,Advance
22063,22063,Standard,Off-Peak
22064,22064,Standard,Off-Peak
22065,22065,Standard,Advance
22066,22066,Standard,Off-Peak
22067,22067,Standard,Advance
22068,22068,Standard,Advance
22069,22069,Standard,Advance
22070,22070,Standard,Advance
22071,22071,Standard,Advance
22072,22072,Standard,Advance
22073,22073,Standard,Advance
22074,22074,Standard,Advance
22075,22075,Standard,Advance
22076,22076,Standard,Advance
22077,22077,Standard,Advance
22078,22078,Standard,Advance
22079,22079,Standard,Advance
22080,22080,Standard,Advance
22081,22081,Standard,Advance
22082,22082,Standard,Advance
22083,22083,Standard,Advance
22084,22084,Standard,Advance
22085,22085,Standard,Advance
22086,22086,Standard,Advance
22087,22087,Standard,Advance
22088,22088,Standard,Advance
22089,22089,Standard,Advance
22090,22090,Standard,Advance
22091,22091,Standard,Advance
22092,22092,Standard,Advance
22093,22093,Standard,Advance
22094,22094,Standard,Advance
22095,22095,Standard,Advance
22096,22096,Standard,Advance
22097,22097,Standard,Advance
22098,22098,Standard,Advance
22099,22099,Standard,Advance
22100,22100,Standard,Advance
22101,22101,Standard,Advance
22102,22102,Standard,Advance
22103,22103,Standard,Advance
22104,22104,Standard,Advance
22105,22105,Standard,Advance
22106,22106,Standard,Advance
22107,22107,Standard,Advance
22108,22108,Standard,Advance
22109,22109,Standard,Advance
22110,22110,Standard,Advance
22111,22111,Standard,Advance
22112,22112,Standard,Advance
22113,22113,Standard,Advance
22114,22114,Standard,Advance
22115,22115,Standard,Off-Peak
22116,22116,Standard,Off-Peak
22117,22117,Standard,Advance
22118,22118,Standard,Off-Peak
22119,22119,Standard,Off-Peak
22120,22120,Standard,Off-Peak
22121,22121,Standard,Off-Peak
22122,22122,Standard,Off-Peak
22123,22123,Standard,Advance
22124,22124,Standard,Off-Peak
22125,22125,Standard,Off-Peak
22126,22126,Standard,Advance
22127,22127,Standard,Advance
22128,22128,Standard,Advance
22129,22129,Standard,Advance
22130,22130,Standard,Advance
22131,22131,Standard,Off-Peak
22132,22132,Standard,Advance
22133,22133,Standard,Advance
22134,22134,Standard,Off-Peak
22135,22135,Standard,Advance
22136,22136,Standard,Off-Peak
22137,22137,Standard,Advance
22138,22138,Standard,Off-Peak
22139,22139,Standard,Advance
22140,22140,Standard,Advance
22141,22141,Standard,Advance
22142,22142,Standard,Advance
22143,22143,Standard,Advance
22144,22144,Standard,Off-Peak
22145,22145,Standard,Advance
22146,22146,Standard,Advance
22147,22147,Standard,Advance
22148,22148,Standard,Advance
22149,22149,Standard,Off-Peak
22150,22150,Standard,Off-Peak
22151,22151,Standard,Off-Peak
22152,22152,Standard,Anytime
22153,22153,Standard,Anytime
22154,22154,Standard,Anytime
22155,22155,Standard,Anytime
22156,22156,Standard,Anytime
22157,22157,Standard,Advance
22158,22158,Standard,Anytime
22159,22159,Standard,Anytime
22160,22160,Standard,Anytime
22161,22161,Standard,Anytime
22162,22162,Standard,Advance
22163,22163,Standard,Anytime
22164,22164,Standard,Anytime
22165,22165,Standard,Anytime
22166,22166,Standard,Anytime
22167,22167,Standard,Anytime
22168,22168,Standard,Anytime
22169,22169,Standard,Anytime
22170,22170,Standard,Advance
22171,22171,Standard,Anytime
22172,22172,Standard,Anytime
22173,22173,Standard,Anytime
22174,22174,Standard,Anytime
22175,22175,Standard,Anytime
22176,22176,Standard,Anytime
22177,22177,Standard,Advance
22178,22178,Standard,Anytime
22179,22179,Standard,Anytime
22180,22180,Standard,Anytime
22181,22181,Standard,Anytime
22182,22182,Standard,Anytime
22183,22183,Standard,Anytime
22184,22184,Standard,Anytime
22185,22185,Standard,Advance
22186,22186,Standard,Advance
22187,22187,Standard,Anytime
22188,22188,Standard,Anytime
22189,22189,Standard,Anytime
22190,22190,Standard,Anytime
22191,22191,Standard,Anytime
22192,22192,Standard,Advance
22193,22193,Standard,Anytime
22194,22194,Standard,Advance
22195,22195,Standard,Anytime
22196,22196,Standard,Anytime
22197,22197,Standard,Anytime
22198,22198,Standard,Anytime
22199,22199,Standard,Advance
22200,22200,Standard,Anytime
22201,22201,Standard,Anytime
22202,22202,Standard,Anytime
22203,22203,Standard,Anytime
22204,22204,Standard,Advance
22205,22205,Standard,Off-Peak
22206,22206,Standard,Off-Peak
22207,22207,Standard,Advance
22208,22208,Standard,Advance
22209,22209,Standard,Anytime
22210,22210,Standard,Off-Peak
22211,22211,Standard,Advance
22212,22212,Standard,Advance
22213,22213,Standard,Off-Peak
22214,22214,Standard,Advance
22215,22215,Standard,Advance
22216,22216,Standard,Advance
22217,22217,Standard,Advance
22218,22218,Standard,Advance
22219,22219,Standard,Advance
22220,22220,Standard,Advance
22221,22221,Standard,Advance
22222,22222,Standard,Advance
22223,22223,Standard,Advance
22224,22224,Standard,Advance
22225,22225,Standard,Advance
22226,22226,Standard,Advance
22227,22227,Standard,Advance
22228,22228,Standard,Advance
22229,22229,Standard,Advance
22230,22230,Standard,Advance
22231,22231,Standard,Advance
22232,22232,Standard,Advance
22233,22233,Standard,Off-Peak
22234,22234,Standard,Advance
22235,22235,Standard,Advance
22236,22236,Standard,Off-Peak
22237,22237,Standard,Advance
22238,22238,Standard,Advance
22239,22239,Standard,Advance
22240,22240,Standard,Advance
22241,22241,Standard,Advance
22242,22242,Standard,Advance
22243,22243,Standard,Advance
22244,22244,Standard,Off-Peak
22245,22245,Standard,Advance
22246,22246,Standard,Advance
22247,22247,Standard,Off-Peak
22248,22248,Standard,Off-Peak
22249,22249,Standard,Advance
22250,22250,Standard,Advance
22251,22251,Standard,Off-Peak
22252,22252,Standard,Advance
22253,22253,Standard,Advance
22254,22254,Standard,Advance
22255,22255,Standard,Off-Peak
22256,22256,Standard,Advance
22257,22257,Standard,Advance
22258,22258,Standard,Advance
22259,22259,Standard,Off-Peak
22260,22260,Standard,Off-Peak
22261,22261,Standard,Off-Peak
22262,22262,Standard,Advance
22263,22263,Standard,Advance
22264,22264,Standard,Advance
22265,22265,Standard,Advance
22266,22266,Standard,Off-Peak
22267,22267,Standard,Off-Peak
22268,22268,Standard,Advance
22269,22269,Standard,Off-Peak
22270,22270,Standard,Off-Peak
22271,22271,Standard,Off-Peak
22272,22272,Standard,Advance
22273,22273,Standard,Off-Peak
22274,22274,Standard,Advance
22275,22275,Standard,Advance
22276,22276,Standard,Advance
22277,22277,Standard,Advance
22278,22278,Standard,Advance
22279,22279,Standard,Advance
22280,22280,Standard,Advance
22281,22281,Standard,Advance
22282,22282,Standard,Off-Peak
22283,22283,Standard,Advance
22284,22284,Standard,Off-Peak
22285,22285,Standard,Off-Peak
22286,22286,Standard,Off-Peak
22287,22287,Standard,Off-Peak
22288,22288,Standard,Off-Peak
22289,22289,Standard,Advance
22290,22290,Standard,Advance
22291,22291,Standard,Anytime
22292,22292,Standard,Anytime
22293,22293,Standard,Anytime
22294,22294,Standard,Anytime
22295,22295,Standard,Anytime
22296,22296,Standard,Anytime
22297,22297,Standard,Advance
22298,22298,Standard,Anytime
22299,22299,Standard,Advance
22300,22300,Standard,Advance
22301,22301,Standard,Anytime
22302,22302,Standard,Advance
22303,22303,Standard,Advance
22304,22304,Standard,Advance
22305,22305,Standard,Anytime
22306,22306,Standard,Anytime
22307,22307,Standard,Anytime
22308,22308,Standard,Anytime
22309,22309,Standard,Anytime
22310,22310,Standard,Anytime
22311,22311,Standard,Anytime
22312,22312,Standard,Anytime
22313,22313,Standard,Anytime
22314,22314,Standard,Advance
22315,22315,Standard,Anytime
22316,22316,Standard,Advance
22317,22317,Standard,Advance
22318,22318,Standard,Anytime
22319,22319,Standard,Advance
22320,22320,Standard,Anytime
22321,22321,Standard,Advance
22322,22322,Standard,Advance
22323,22323,Standard,Anytime
22324,22324,Standard,Advance
22325,22325,Standard,Advance
22326,22326,Standard,Anytime
22327,22327,Standard,Anytime
22328,22328,Standard,Advance
22329,22329,Standard,Anytime
22330,22330,Standard,Anytime
22331,22331,Standard,Anytime
22332,22332,Standard,Anytime
22333,22333,Standard,Anytime
22334,22334,Standard,Anytime
22335,22335,Standard,Anytime
22336,22336,Standard,Anytime
22337,22337,Standard,Anytime
22338,22338,Standard,Anytime
22339,22339,Standard,Anytime
22340,22340,Standard,Anytime
22341,22341,Standard,Anytime
22342,22342,Standard,Advance
22343,22343,Standard,Advance
22344,22344,Standard,Off-Peak
22345,22345,Standard,Advance
22346,22346,Standard,Advance
22347,22347,Standard,Advance
22348,22348,Standard,Advance
22349,22349,Standard,Advance
22350,22350,Standard,Off-Peak
22351,22351,Standard,Advance
22352,22352,Standard,Advance
22353,22353,Standard,Advance
22354,22354,Standard,Anytime
22355,22355,Standard,Anytime
22356,22356,Standard,Advance
22357,22357,Standard,Advance
22358,22358,Standard,Off-Peak
22359,22359,Standard,Off-Peak
22360,22360,Standard,Off-Peak
22361,22361,Standard,Advance
22362,22362,Standard,Advance
22363,22363,Standard,Off-Peak
22364,22364,Standard,Off-Peak
22365,22365,Standard,Advance
22366,22366,Standard,Advance
22367,22367,Standard,Advance
22368,22368,Standard,Advance
22369,22369,Standard,Advance
22370,22370,Standard,Advance
22371,22371,Standard,Advance
22372,22372,Standard,Advance
22373,22373,Standard,Off-Peak
22374,22374,Standard,Advance
22375,22375,Standard,Advance
22376,22376,Standard,Advance
22377,22377,Standard,Advance
22378,22378,Standard,Advance
22379,22379,Standard,Advance
22380,22380,Standard,Advance
22381,22381,Standard,Advance
22382,22382,Standard,Advance
22383,22383,Standard,Advance
22384,22384,Standard,Advance
22385,22385,Standard,Advance
22386,22386,Standard,Advance
22387,22387,Standard,Off-Peak
22388,22388,Standard,Advance
22389,22389,Standard,Advance
22390,22390,Standard,Advance
22391,22391,Standard,Advance
22392,22392,Standard,Advance
22393,22393,Standard,Off-Peak
22394,22394,Standard,Off-Peak
22395,22395,Standard,Advance
22396,22396,Standard,Advance
22397,22397,Standard,Advance
22398,22398,Standard,Advance
22399,22399,Standard,Advance
22400,22400,Standard,Advance
22401,22401,Standard,Advance
22402,22402,Standard,Advance
22403,22403,Standard,Advance
22404,22404,Standard,Advance
22405,22405,Standard,Advance
22406,22406,Standard,Advance
22407,22407,Standard,Advance
22408,22408,Standard,Advance
22409,22409,Standard,Advance
22410,22410,Standard,Advance
22411,22411,Standard,Advance
22412,22412,Standard,Advance
22413,22413,Standard,Advance
22414,22414,Standard,Advance
22415,22415,Standard,Off-Peak
22416,22416,Standard,Off-Peak
22417,22417,Standard,Advance
22418,22418,Standard,Off-Peak
22419,22419,Standard,Advance
22420,22420,Standard,Off-Peak
22421,22421,Standard,Off-Peak
22422,22422,Standard,Off-Peak
22423,22423,Standard,Off-Peak
22424,22424,Standard,Off-Peak
22425,22425,Standard,Off-Peak
22426,22426,Standard,Off-Peak
22427,22427,Standard,Off-Peak
22428,22428,Standard,Off-Peak
22429,22429,Standard,Advance
22430,22430,Standard,Off-Peak
22431,22431,Standard,Advance
22432,22432,Standard,Advance
22433,22433,Standard,Advance
22434,22434,Standard,Advance
22435,22435,Standard,Off-Peak
22436,22436,Standard,Off-Peak
22437,22437,Standard,Off-Peak
22438,22438,Standard,Off-Peak
22439,22439,Standard,Advance
22440,22440,Standard,Off-Peak
22441,22441,Standard,Off-Peak
22442,22442,Standard,Off-Peak
22443,22443,Standard,Off-Peak
22444,22444,Standard,Advance
22445,22445,Standard,Advance
22446,22446,Standard,Off-Peak
22447,22447,Standard,Advance
22448,22448,Standard,Advance
22449,22449,Standard,Off-Peak
22450,22450,Standard,Advance
22451,22451,Standard,Advance
22452,22452,Standard,Off-Peak
22453,22453,Standard,Advance
22454,22454,Standard,Anytime
22455,22455,Standard,Anytime
22456,22456,Standard,Anytime
22457,22457,Standard,Anytime
22458,22458,Standard,Anytime
22459,22459,Standard,Anytime
22460,22460,Standard,Anytime
22461,22461,Standard,Anytime
22462,22462,Standard,Anytime
22463,22463,Standard,Anytime
22464,22464,Standard,Anytime
22465,22465,Standard,Advance
22466,22466,Standard,Anytime
22467,22467,Standard,Advance
22468,22468,Standard,Advance
22469,22469,Standard,Anytime
22470,22470,Standard,Advance
22471,22471,Standard,Advance
22472,22472,Standard,Advance
22473,22473,Standard,Advance
22474,22474,Standard,Anytime
22475,22475,Standard,Anytime
22476,22476,Standard,Anytime
22477,22477,Standard,Anytime
22478,22478,Standard,Anytime
22479,22479,Standard,Anytime
22480,22480,Standard,Anytime
22481,22481,Standard,Anytime
22482,22482,Standard,Anytime
22483,22483,Standard,Advance
22484,22484,Standard,Advance
22485,22485,Standard,Anytime
22486,22486,Standard,Anytime
22487,22487,Standard,Advance
22488,22488,Standard,Anytime
22489,22489,Standard,Anytime
22490,22490,Standard,Anytime
22491,22491,Standard,Anytime
22492,22492,Standard,Anytime
22493,22493,Standard,Off-Peak
22494,22494,Standard,Off-Peak
22495,22495,Standard,Off-Peak
22496,22496,Standard,Advance
22497,22497,Standard,Off-Peak
22498,22498,Standard,Advance
22499,22499,Standard,Advance
22500,22500,Standard,Advance
22501,22501,Standard,Advance
22502,22502,Standard,Advance
22503,22503,Standard,Advance
22504,22504,Standard,Advance
22505,22505,Standard,Advance
22506,22506,Standard,Advance
22507,22507,Standard,Advance
22508,22508,Standard,Advance
22509,22509,Standard,Advance
22510,22510,Standard,Advance
22511,22511,Standard,Advance
22512,22512,Standard,Advance
22513,22513,Standard,Advance
22514,22514,Standard,Advance
22515,22515,Standard,Advance
22516,22516,Standard,Advance
22517,22517,Standard,Advance
22518,22518,Standard,Off-Peak
22519,22519,Standard,Off-Peak
22520,22520,Standard,Off-Peak
22521,22521,Standard,Off-Peak
22522,22522,Standard,Off-Peak
22523,22523,Standard,Off-Peak
22524,22524,Standard,Advance
22525,22525,Standard,Advance
22526,22526,Standard,Advance
22527,22527,Standard,Advance
22528,22528,Standard,Advance
22529,22529,Standard,Advance
22530,22530,Standard,Off-Peak
22531,22531,Standard,Advance
22532,22532,Standard,Advance
22533,22533,Standard,Off-Peak
22534,22534,Standard,Off-Peak
22535,22535,Standard,Off-Peak
22536,22536,Standard,Advance
22537,22537,Standard,Off-Peak
22538,22538,Standard,Advance
22539,22539,Standard,Advance
22540,22540,Standard,Off-Peak
22541,22541,Standard,Advance
22542,22542,Standard,Off-Peak
22543,22543,Standard,Off-Peak
22544,22544,Standard,Off-Peak
22545,22545,Standard,Advance
22546,22546,Standard,Off-Peak
22547,22547,Standard,Off-Peak
22548,22548,Standard,Advance
22549,22549,Standard,Advance
22550,22550,Standard,Advance
22551,22551,Standard,Off-Peak
22552,22552,Standard,Advance
22553,22553,Standard,Off-Peak
22554,22554,Standard,Advance
22555,22555,Standard,Advance
22556,22556,Standard,Advance
22557,22557,Standard,Advance
22558,22558,Standard,Off-Peak
22559,22559,Standard,Advance
22560,22560,Standard,Off-Peak
22561,22561,Standard,Advance
22562,22562,Standard,Advance
22563,22563,Standard,Advance
22564,22564,Standard,Off-Peak
22565,22565,Standard,Off-Peak
22566,22566,Standard,Off-Peak
22567,22567,Standard,Off-Peak
22568,22568,Standard,Off-Peak
22569,22569,Standard,Off-Peak
22570,22570,Standard,Off-Peak
22571,22571,Standard,Anytime
22572,22572,Standard,Anytime
22573,22573,Standard,Anytime
22574,22574,Standard,Anytime
22575,22575,Standard,Anytime
22576,22576,Standard,Anytime
22577,22577,Standard,Anytime
22578,22578,Standard,Anytime
22579,22579,Standard,Advance
22580,22580,Standard,Advance
22581,22581,Standard,Anytime
22582,22582,Standard,Advance
22583,22583,Standard,Advance
22584,22584,Standard,Advance
22585,22585,Standard,Anytime
22586,22586,Standard,Anytime
22587,22587,Standard,Anytime
22588,22588,Standard,Advance
22589,22589,Standard,Advance
22590,22590,Standard,Anytime
22591,22591,Standard,Anytime
22592,22592,Standard,Advance
22593,22593,Standard,Anytime
22594,22594,Standard,Advance
22595,22595,Standard,Anytime
22596,22596,Standard,Advance
22597,22597,Standard,Anytime
22598,22598,Standard,Advance
22599,22599,Standard,Anytime
22600,22600,Standard,Anytime
22601,22601,Standard,Advance
22602,22602,Standard,Advance
22603,22603,Standard,Anytime
22604,22604,Standard,Anytime
22605,22605,Standard,Advance
22606,22606,Standard,Advance
22607,22607,Standard,Anytime
22608,22608,Standard,Anytime
22609,22609,Standard,Advance
22610,22610,Standard,Anytime
22611,22611,Standard,Anytime
22612,22612,Standard,Anytime
22613,22613,Standard,Anytime
22614,22614,Standard,Anytime
22615,22615,Standard,Anytime
22616,22616,Standard,Advance
22617,22617,Standard,Anytime
22618,22618,Standard,Anytime
22619,22619,Standard,Advance
22620,22620,Standard,Advance
22621,22621,Standard,Advance
22622,22622,Standard,Anytime
22623,22623,Standard,Advance
22624,22624,Standard,Anytime
22625,22625,Standard,Advance
22626,22626,Standard,Advance
22627,22627,Standard,Advance
22628,22628,Standard,Advance
22629,22629,Standard,Off-Peak
22630,22630,Standard,Advance
22631,22631,Standard,Advance
22632,22632,Standard,Off-Peak
22633,22633,Standard,Advance
22634,22634,Standard,Advance
22635,22635,Standard,Advance
22636,22636,Standard,Advance
22637,22637,Standard,Advance
22638,22638,Standard,Off-Peak
22639,22639,Standard,Advance
22640,22640,Standard,Advance
22641,22641,Standard,Off-Peak
22642,22642,Standard,Off-Peak
22643,22643,Standard,Advance
22644,22644,Standard,Advance
22645,22645,Standard,Advance
22646,22646,Standard,Advance
22647,22647,Standard,Advance
22648,22648,Standard,Advance
22649,22649,Standard,Advance
22650,22650,Standard,Advance
22651,22651,Standard,Advance
22652,22652,Standard,Advance
22653,22653,Standard,Advance
22654,22654,Standard,Advance
22655,22655,Standard,Advance
22656,22656,Standard,Advance
22657,22657,Standard,Off-Peak
22658,22658,Standard,Off-Peak
22659,22659,Standard,Advance
22660,22660,Standard,Advance
22661,22661,Standard,Advance
22662,22662,Standard,Advance
22663,22663,Standard,Advance
22664,22664,Standard,Advance
22665,22665,Standard,Advance
22666,22666,Standard,Advance
22667,22667,Standard,Advance
22668,22668,Standard,Advance
22669,22669,Standard,Advance
22670,22670,Standard,Off-Peak
22671,22671,Standard,Off-Peak
22672,22672,Standard,Off-Peak
22673,22673,Standard,Off-Peak
22674,22674,Standard,Advance
22675,22675,Standard,Off-Peak
22676,22676,Standard,Advance
22677,22677,Standard,Advance
22678,22678,Standard,Advance
22679,22679,Standard,Advance
22680,22680,Standard,Advance
22681,22681,Standard,Advance
22682,22682,Standard,Advance
22683,22683,Standard,Off-Peak
22684,22684,Standard,Off-Peak
22685,22685,Standard,Advance
22686,22686,Standard,Off-Peak
22687,22687,Standard,Off-Peak
22688,22688,Standard,Off-Peak
22689,22689,Standard,Advance
22690,22690,Standard,Advance
22691,22691,Standard,Off-Peak
22692,22692,Standard,Advance
22693,22693,Standard,Advance
22694,22694,Standard,Anytime
22695,22695,Standard,Anytime
22696,22696,Standard,Anytime
22697,22697,Standard,Anytime
22698,22698,Standard,Advance
22699,22699,Standard,Anytime
22700,22700,Standard,Anytime
22701,22701,Standard,Anytime
22702,22702,Standard,Anytime
22703,22703,Standard,Anytime
22704,22704,Standard,Anytime
22705,22705,Standard,Anytime
22706,22706,Standard,Anytime
22707,22707,Standard,Advance
22708,22708,Standard,Anytime
22709,22709,Standard,Anytime
22710,22710,Standard,Anytime
22711,22711,Standard,Anytime
22712,22712,Standard,Anytime
22713,22713,Standard,Anytime
22714,22714,Standard,Anytime
22715,22715,Standard,Anytime
22716,22716,Standard,Anytime
22717,22717,Standard,Anytime
22718,22718,Standard,Anytime
22719,22719,Standard,Advance
22720,22720,Standard,Anytime
22721,22721,Standard,Anytime
22722,22722,Standard,Anytime
22723,22723,Standard,Anytime
22724,22724,Standard,Anytime
22725,22725,Standard,Anytime
22726,22726,Standard,Advance
22727,22727,Standard,Anytime
22728,22728,Standard,Anytime
22729,22729,Standard,Anytime
22730,22730,Standard,Anytime
22731,22731,Standard,Anytime
22732,22732,Standard,Advance
22733,22733,Standard,Anytime
22734,22734,Standard,Anytime
22735,22735,Standard,Anytime
22736,22736,Standard,Anytime
22737,22737,Standard,Anytime
22738,22738,Standard,Anytime
22739,22739,Standard,Anytime
22740,22740,Standard,Anytime
22741,22741,Standard,Advance
22742,22742,Standard,Anytime
22743,22743,Standard,Anytime
22744,22744,Standard,Advance
22745,22745,Standard,Anytime
22746,22746,Standard,Anytime
22747,22747,Standard,Anytime
22748,22748,Standard,Anytime
22749,22749,Standard,Anytime
22750,22750,Standard,Anytime
22751,22751,Standard,Advance
22752,22752,Standard,Anytime
22753,22753,Standard,Off-Peak
22754,22754,Standard,Advance
22755,22755,Standard,Advance
22756,22756,Standard,Advance
22757,22757,Standard,Advance
22758,22758,Standard,Off-Peak
22759,22759,Standard,Advance
22760,22760,Standard,Off-Peak
22761,22761,Standard,Advance
22762,22762,Standard,Advance
22763,22763,Standard,Advance
22764,22764,Standard,Advance
22765,22765,Standard,Advance
22766,22766,Standard,Advance
22767,22767,Standard,Off-Peak
22768,22768,Standard,Advance
22769,22769,Standard,Advance
22770,22770,Standard,Advance
22771,22771,Standard,Advance
22772,22772,Standard,Off-Peak
22773,22773,Standard,Off-Peak
22774,22774,Standard,Off-Peak
22775,22775,Standard,Advance
22776,22776,Standard,Advance
22777,22777,Standard,Off-Peak
22778,22778,Standard,Advance
22779,22779,Standard,Off-Peak
22780,22780,Standard,Advance
22781,22781,Standard,Off-Peak
22782,22782,Standard,Advance
22783,22783,Standard,Off-Peak
22784,22784,Standard,Advance
22785,22785,Standard,Advance
22786,22786,Standard,Advance
22787,22787,Standard,Off-Peak
22788,22788,Standard,Advance
22789,22789,Standard,Off-Peak
22790,22790,Standard,Off-Peak
22791,22791,Standard,Off-Peak
22792,22792,Standard,Off-Peak
22793,22793,Standard,Advance
22794,22794,Standard,Advance
22795,22795,Standard,Off-Peak
22796,22796,Standard,Advance
22797,22797,Standard,Off-Peak
22798,22798,Standard,Advance
22799,22799,Standard,Advance
22800,22800,Standard,Off-Peak
22801,22801,Standard,Off-Peak
22802,22802,Standard,Advance
22803,22803,Standard,Advance
22804,22804,Standard,Advance
22805,22805,Standard,Off-Peak
22806,22806,Standard,Off-Peak
22807,22807,Standard,Off-Peak
22808,22808,Standard,Advance
22809,22809,Standard,Advance
22810,22810,Standard,Advance
22811,22811,Standard,Advance
22812,22812,Standard,Advance
22813,22813,Standard,Advance
22814,22814,Standard,Off-Peak
22815,22815,Standard,Off-Peak
22816,22816,Standard,Anytime
22817,22817,Standard,Anytime
22818,22818,Standard,Advance
22819,22819,Standard,Advance
22820,22820,Standard,Anytime
22821,22821,Standard,Advance
22822,22822,Standard,Anytime
22823,22823,Standard,Anytime
22824,22824,Standard,Advance
22825,22825,Standard,Advance
22826,22826,Standard,Advance
22827,22827,Standard,Anytime
22828,22828,Standard,Advance
22829,22829,Standard,Anytime
22830,22830,Standard,Anytime
22831,22831,Standard,Anytime
22832,22832,Standard,Advance
22833,22833,Standard,Anytime
22834,22834,Standard,Anytime
22835,22835,Standard,Anytime
22836,22836,Standard,Advance
22837,22837,Standard,Advance
22838,22838,Standard,Anytime
22839,22839,Standard,Advance
22840,22840,Standard,Advance
22841,22841,Standard,Anytime
22842,22842,Standard,Anytime
22843,22843,Standard,Anytime
22844,22844,Standard,Anytime
22845,22845,Standard,Anytime
22846,22846,Standard,Anytime
22847,22847,Standard,Anytime
22848,22848,Standard,Anytime
22849,22849,Standard,Anytime
22850,22850,Standard,Anytime
22851,22851,Standard,Anytime
22852,22852,Standard,Anytime
22853,22853,Standard,Advance
22854,22854,Standard,Anytime
22855,22855,Standard,Anytime
22856,22856,Standard,Advance
22857,22857,Standard,Advance
22858,22858,Standard,Advance
22859,22859,Standard,Anytime
22860,22860,Standard,Anytime
22861,22861,Standard,Anytime
22862,22862,Standard,Anytime
22863,22863,Standard,Anytime
22864,22864,Standard,Anytime
22865,22865,Standard,Anytime
22866,22866,Standard,Anytime
22867,22867,Standard,Anytime
22868,22868,Standard,Anytime
22869,22869,Standard,Advance
22870,22870,Standard,Anytime
22871,22871,Standard,Anytime
22872,22872,Standard,Anytime
22873,22873,Standard,Anytime
22874,22874,Standard,Advance
22875,22875,Standard,Anytime
22876,22876,Standard,Anytime
22877,22877,Standard,Anytime
22878,22878,Standard,Advance
22879,22879,Standard,Advance
22880,22880,Standard,Advance
22881,22881,Standard,Advance
22882,22882,Standard,Advance
22883,22883,Standard,Advance
22884,22884,Standard,Advance
22885,22885,Standard,Advance
22886,22886,Standard,Advance
22887,22887,Standard,Anytime
22888,22888,Standard,Off-Peak
22889,22889,Standard,Off-Peak
22890,22890,Standard,Off-Peak
22891,22891,Standard,Advance
22892,22892,Standard,Advance
22893,22893,Standard,Off-Peak
22894,22894,Standard,Off-Peak
22895,22895,Standard,Off-Peak
22896,22896,Standard,Advance
22897,22897,Standard,Off-Peak
22898,22898,Standard,Off-Peak
22899,22899,Standard,Advance
22900,22900,Standard,Advance
22901,22901,Standard,Advance
22902,22902,Standard,Off-Peak
22903,22903,Standard,Off-Peak
22904,22904,Standard,Advance
22905,22905,Standard,Advance
22906,22906,Standard,Off-Peak
22907,22907,Standard,Advance
22908,22908,Standard,Advance
22909,22909,Standard,Off-Peak
22910,22910,Standard,Advance
22911,22911,Standard,Advance
22912,22912,Standard,Advance
22913,22913,Standard,Advance
22914,22914,Standard,Advance
22915,22915,Standard,Advance
22916,22916,Standard,Advance
22917,22917,Standard,Advance
22918,22918,Standard,Advance
22919,22919,Standard,Advance
22920,22920,Standard,Off-Peak
22921,22921,Standard,Advance
22922,22922,Standard,Advance
22923,22923,Standard,Advance
22924,22924,Standard,Advance
22925,22925,Standard,Advance
22926,22926,Standard,Advance
22927,22927,Standard,Advance
22928,22928,Standard,Advance
22929,22929,Standard,Advance
22930,22930,Standard,Advance
22931,22931,Standard,Advance
22932,22932,Standard,Advance
22933,22933,Standard,Advance
22934,22934,Standard,Advance
22935,22935,Standard,Advance
22936,22936,Standard,Advance
22937,22937,Standard,Off-Peak
22938,22938,Standard,Off-Peak
22939,22939,Standard,Off-Peak
22940,22940,Standard,Off-Peak
22941,22941,Standard,Off-Peak
22942,22942,Standard,Advance
22943,22943,Standard,Off-Peak
22944,22944,Standard,Off-Peak
22945,22945,Standard,Off-Peak
22946,22946,Standard,Off-Peak
22947,22947,Standard,Advance
22948,22948,Standard,Advance
22949,22949,Standard,Off-Peak
22950,22950,Standard,Advance
22951,22951,Standard,Advance
22952,22952,Standard,Advance
22953,22953,Standard,Advance
22954,22954,Standard,Advance
22955,22955,Standard,Off-Peak
22956,22956,Standard,Advance
22957,22957,Standard,Off-Peak
22958,22958,Standard,Off-Peak
22959,22959,Standard,Off-Peak
22960,22960,Standard,Off-Peak
22961,22961,Standard,Off-Peak
22962,22962,Standard,Off-Peak
22963,22963,Standard,Off-Peak
22964,22964,Standard,Off-Peak
22965,22965,Standard,Off-Peak
22966,22966,Standard,Off-Peak
22967,22967,Standard,Off-Peak
22968,22968,Standard,Advance
22969,22969,Standard,Advance
22970,22970,Standard,Advance
22971,22971,Standard,Off-Peak
22972,22972,Standard,Advance
22973,22973,Standard,Off-Peak
22974,22974,Standard,Off-Peak
22975,22975,Standard,Anytime
22976,22976,Standard,Anytime
22977,22977,Standard,Anytime
22978,22978,Standard,Anytime
22979,22979,Standard,Advance
22980,22980,Standard,Anytime
22981,22981,Standard,Anytime
22982,22982,Standard,Anytime
22983,22983,Standard,Anytime
22984,22984,Standard,Anytime
22985,22985,Standard,Anytime
22986,22986,Standard,Anytime
22987,22987,Standard,Anytime
22988,22988,Standard,Anytime
22989,22989,Standard,Advance
22990,22990,Standard,Anytime
22991,22991,Standard,Anytime
22992,22992,Standard,Advance
22993,22993,Standard,Advance
22994,22994,Standard,Anytime
22995,22995,Standard,Advance
22996,22996,Standard,Anytime
22997,22997,Standard,Advance
22998,22998,Standard,Advance
22999,22999,Standard,Advance
23000,23000,Standard,Advance
23001,23001,Standard,Anytime
23002,23002,Standard,Anytime
23003,23003,Standard,Anytime
23004,23004,Standard,Advance
23005,23005,Standard,Anytime
23006,23006,Standard,Anytime
23007,23007,Standard,Anytime
23008,23008,Standard,Anytime
23009,23009,Standard,Anytime
23010,23010,Standard,Anytime
23011,23011,Standard,Anytime
23012,23012,Standard,Anytime
23013,23013,Standard,Anytime
23014,23014,Standard,Anytime
23015,23015,Standard,Off-Peak
23016,23016,Standard,Off-Peak
23017,23017,Standard,Advance
23018,23018,Standard,Off-Peak
23019,23019,Standard,Off-Peak
23020,23020,Standard,Advance
23021,23021,Standard,Anytime
23022,23022,Standard,Anytime
23023,23023,Standard,Advance
23024,23024,Standard,Advance
23025,23025,Standard,Advance
23026,23026,Standard,Off-Peak
23027,23027,Standard,Advance
23028,23028,Standard,Advance
23029,23029,Standard,Off-Peak
23030,23030,Standard,Advance
23031,23031,Standard,Advance
23032,23032,Standard,Advance
23033,23033,Standard,Advance
23034,23034,Standard,Advance
23035,23035,Standard,Advance
23036,23036,Standard,Off-Peak
23037,23037,Standard,Advance
23038,23038,Standard,Off-Peak
23039,23039,Standard,Off-Peak
23040,23040,Standard,Advance
23041,23041,Standard,Advance
23042,23042,Standard,Advance
23043,23043,Standard,Advance
23044,23044,Standard,Advance
23045,23045,Standard,Advance
23046,23046,Standard,Off-Peak
23047,23047,Standard,Off-Peak
23048,23048,Standard,Advance
23049,23049,Standard,Off-Peak
23050,23050,Standard,Advance
23051,23051,Standard,Advance
23052,23052,Standard,Advance
23053,23053,Standard,Off-Peak
23054,23054,Standard,Advance
23055,23055,Standard,Off-Peak
23056,23056,Standard,Advance
23057,23057,Standard,Advance
23058,23058,Standard,Advance
23059,23059,Standard,Advance
23060,23060,Standard,Off-Peak
23061,23061,Standard,Advance
23062,23062,Standard,Off-Peak
23063,23063,Standard,Advance
23064,23064,Standard,Off-Peak
23065,23065,Standard,Off-Peak
23066,23066,Standard,Off-Peak
23067,23067,Standard,Advance
23068,23068,Standard,Off-Peak
23069,23069,Standard,Off-Peak
23070,23070,Standard,Off-Peak
23071,23071,Standard,Advance
23072,23072,Standard,Advance
23073,23073,Standard,Off-Peak
23074,23074,Standard,Off-Peak
23075,23075,Standard,Off-Peak
23076,23076,Standard,Advance
23077,23077,Standard,Advance
23078,23078,Standard,Advance
23079,23079,Standard,Advance
23080,23080,Standard,Advance
23081,23081,Standard,Advance
23082,23082,Standard,Advance
23083,23083,Standard,Off-Peak
23084,23084,Standard,Off-Peak
23085,23085,Standard,Off-Peak
23086,23086,Standard,Advance
23087,23087,Standard,Anytime
23088,23088,Standard,Anytime
23089,23089,Standard,Advance
23090,23090,Standard,Advance
23091,23091,Standard,Anytime
23092,23092,Standard,Anytime
23093,23093,Standard,Anytime
23094,23094,Standard,Anytime
23095,23095,Standard,Anytime
23096,23096,Standard,Anytime
23097,23097,Standard,Anytime
23098,23098,Standard,Anytime
23099,23099,Standard,Anytime
23100,23100,Standard,Anytime
23101,23101,Standard,Advance
23102,23102,Standard,Advance
23103,23103,Standard,Anytime
23104,23104,Standard,Anytime
23105,23105,Standard,Anytime
23106,23106,Standard,Anytime
23107,23107,Standard,Advance
23108,23108,Standard,Advance
23109,23109,Standard,Anytime
23110,23110,Standard,Anytime
23111,23111,Standard,Anytime
23112,23112,Standard,Anytime
23113,23113,Standard,Anytime
23114,23114,Standard,Anytime
23115,23115,Standard,Anytime
23116,23116,Standard,Anytime
23117,23117,Standard,Advance
23118,23118,Standard,Advance
23119,23119,Standard,Anytime
23120,23120,Standard,Anytime
23121,23121,Standard,Advance
23122,23122,Standard,Anytime
23123,23123,Standard,Anytime
23124,23124,Standard,Advance
23125,23125,Standard,Advance
23126,23126,Standard,Anytime
23127,23127,Standard,Anytime
23128,23128,Standard,Anytime
23129,23129,Standard,Advance
23130,23130,Standard,Advance
23131,23131,Standard,Anytime
23132,23132,Standard,Anytime
23133,23133,Standard,Anytime
23134,23134,Standard,Anytime
23135,23135,Standard,Anytime
23136,23136,Standard,Advance
23137,23137,Standard,Advance
23138,23138,Standard,Advance
23139,23139,Standard,Advance
23140,23140,Standard,Off-Peak
23141,23141,Standard,Advance
23142,23142,Standard,Advance
23143,23143,Standard,Advance
23144,23144,Standard,Advance
23145,23145,Standard,Advance
23146,23146,Standard,Anytime
23147,23147,Standard,Anytime
23148,23148,Standard,Advance
23149,23149,Standard,Advance
23150,23150,Standard,Off-Peak
23151,23151,Standard,Off-Peak
23152,23152,Standard,Off-Peak
23153,23153,Standard,Off-Peak
23154,23154,Standard,Advance
23155,23155,Standard,Off-Peak
23156,23156,Standard,Off-Peak
23157,23157,Standard,Off-Peak
23158,23158,Standard,Off-Peak
23159,23159,Standard,Advance
23160,23160,Standard,Advance
23161,23161,Standard,Off-Peak
23162,23162,Standard,Advance
23163,23163,Standard,Advance
23164,23164,Standard,Advance
23165,23165,Standard,Advance
23166,23166,Standard,Advance
23167,23167,Standard,Advance
23168,23168,Standard,Advance
23169,23169,Standard,Advance
23170,23170,Standard,Advance
23171,23171,Standard,Advance
23172,23172,Standard,Advance
23173,23173,Standard,Advance
23174,23174,Standard,Off-Peak
23175,23175,Standard,Advance
23176,23176,Standard,Advance
23177,23177,Standard,Advance
23178,23178,Standard,Advance
23179,23179,Standard,Advance
23180,23180,Standard,Advance
23181,23181,Standard,Advance
23182,23182,Standard,Advance
23183,23183,Standard,Advance
23184,23184,Standard,Advance
23185,23185,Standard,Advance
23186,23186,Standard,Advance
23187,23187,Standard,Advance
23188,23188,Standard,Advance
23189,23189,Standard,Advance
23190,23190,Standard,Advance
23191,23191,Standard,Advance
23192,23192,Standard,Advance
23193,23193,Standard,Off-Peak
23194,23194,Standard,Off-Peak
23195,23195,Standard,Advance
23196,23196,Standard,Off-Peak
23197,23197,Standard,Off-Peak
23198,23198,Standard,Off-Peak
23199,23199,Standard,Advance
23200,23200,Standard,Off-Peak
23201,23201,Standard,Off-Peak
23202,23202,Standard,Off-Peak
23203,23203,Standard,Off-Peak
23204,23204,Standard,Off-Peak
23205,23205,Standard,Off-Peak
23206,23206,Standard,Advance
23207,23207,Standard,Off-Peak
23208,23208,Standard,Off-Peak
23209,23209,Standard,Advance
23210,23210,Standard,Off-Peak
23211,23211,Standard,Advance
23212,23212,Standard,Off-Peak
23213,23213,Standard,Advance
23214,23214,Standard,Advance
23215,23215,Standard,Off-Peak
23216,23216,Standard,Off-Peak
23217,23217,Standard,Off-Peak
23218,23218,Standard,Advance
23219,23219,Standard,Advance
23220,23220,Standard,Advance
23221,23221,Standard,Advance
23222,23222,Standard,Off-Peak
23223,23223,Standard,Off-Peak
23224,23224,Standard,Off-Peak
23225,23225,Standard,Advance
23226,23226,Standard,Off-Peak
23227,23227,Standard,Off-Peak
23228,23228,Standard,Anytime
23229,23229,Standard,Anytime
23230,23230,Standard,Anytime
23231,23231,Standard,Anytime
23232,23232,Standard,Anytime
23233,23233,Standard,Anytime
23234,23234,Standard,Anytime
23235,23235,Standard,Advance
23236,23236,Standard,Anytime
23237,23237,Standard,Anytime
23238,23238,Standard,Anytime
23239,23239,Standard,Anytime
23240,23240,Standard,Anytime
23241,23241,Standard,Anytime
23242,23242,Standard,Anytime
23243,23243,Standard,Advance
23244,23244,Standard,Advance
23245,23245,Standard,Anytime
23246,23246,Standard,Advance
23247,23247,Standard,Anytime
23248,23248,Standard,Advance
23249,23249,Standard,Anytime
23250,23250,Standard,Anytime
23251,23251,Standard,Advance
23252,23252,Standard,Anytime
23253,23253,Standard,Anytime
23254,23254,Standard,Advance
23255,23255,Standard,Advance
23256,23256,Standard,Advance
23257,23257,Standard,Advance
23258,23258,Standard,Advance
23259,23259,Standard,Advance
23260,23260,Standard,Anytime
23261,23261,Standard,Advance
23262,23262,Standard,Anytime
23263,23263,Standard,Anytime
23264,23264,Standard,Anytime
23265,23265,Standard,Advance
23266,23266,Standard,Anytime
23267,23267,Standard,Anytime
23268,23268,Standard,Advance
23269,23269,Standard,Anytime
23270,23270,Standard,Advance
23271,23271,Standard,Advance
23272,23272,Standard,Anytime
23273,23273,Standard,Anytime
23274,23274,Standard,Anytime
23275,23275,Standard,Advance
23276,23276,Standard,Anytime
23277,23277,Standard,Anytime
23278,23278,Standard,Anytime
23279,23279,Standard,Anytime
23280,23280,Standard,Anytime
23281,23281,Standard,Anytime
23282,23282,Standard,Anytime
23283,23283,Standard,Off-Peak
23284,23284,Standard,Off-Peak
23285,23285,Standard,Off-Peak
23286,23286,Standard,Off-Peak
23287,23287,Standard,Anytime
23288,23288,Standard,Advance
23289,23289,Standard,Advance
23290,23290,Standard,Off-Peak
23291,23291,Standard,Advance
23292,23292,Standard,Off-Peak
23293,23293,Standard,Advance
23294,23294,Standard,Advance
23295,23295,Standard,Advance
23296,23296,Standard,Advance
23297,23297,Standard,Advance
23298,23298,Standard,Advance
23299,23299,Standard,Advance
23300,23300,Standard,Advance
23301,23301,Standard,Advance
23302,23302,Standard,Advance
23303,23303,Standard,Advance
23304,23304,Standard,Advance
23305,23305,Standard,Off-Peak
23306,23306,Standard,Advance
23307,23307,Standard,Advance
23308,23308,Standard,Advance
23309,23309,Standard,Off-Peak
23310,23310,Standard,Advance
23311,23311,Standard,Advance
23312,23312,Standard,Advance
23313,23313,Standard,Off-Peak
23314,23314,Standard,Advance
23315,23315,Standard,Advance
23316,23316,Standard,Off-Peak
23317,23317,Standard,Advance
23318,23318,Standard,Off-Peak
23319,23319,Standard,Advance
23320,23320,Standard,Advance
23321,23321,Standard,Off-Peak
23322,23322,Standard,Advance
23323,23323,Standard,Advance
23324,23324,Standard,Off-Peak
23325,23325,Standard,Off-Peak
23326,23326,Standard,Off-Peak
23327,23327,Standard,Advance
23328,23328,Standard,Off-Peak
23329,23329,Standard,Off-Peak
23330,23330,Standard,Advance
23331,23331,Standard,Advance
23332,23332,Standard,Advance
23333,23333,Standard,Off-Peak
23334,23334,Standard,Off-Peak
23335,23335,Standard,Advance
23336,23336,Standard,Advance
23337,23337,Standard,Advance
23338,23338,Standard,Advance
23339,23339,Standard,Off-Peak
23340,23340,Standard,Advance
23341,23341,Standard,Off-Peak
23342,23342,Standard,Advance
23343,23343,Standard,Advance
23344,23344,Standard,Advance
23345,23345,Standard,Advance
23346,23346,Standard,Off-Peak
23347,23347,Standard,Off-Peak
23348,23348,Standard,Advance
23349,23349,Standard,Off-Peak
23350,23350,Standard,Off-Peak
23351,23351,Standard,Off-Peak
23352,23352,Standard,Off-Peak
23353,23353,Standard,Off-Peak
23354,23354,Standard,Advance
23355,23355,Standard,Advance
23356,23356,Standard,Advance
23357,23357,Standard,Off-Peak
23358,23358,Standard,Off-Peak
23359,23359,Standard,Advance
23360,23360,Standard,Advance
23361,23361,Standard,Advance
23362,23362,Standard,Advance
23363,23363,Standard,Advance
23364,23364,Standard,Off-Peak
23365,23365,Standard,Advance
23366,23366,Standard,Advance
23367,23367,Standard,Off-Peak
23368,23368,Standard,Advance
23369,23369,Standard,Off-Peak
23370,23370,Standard,Off-Peak
23371,23371,Standard,Off-Peak
23372,23372,Standard,Off-Peak
23373,23373,Standard,Anytime
23374,23374,Standard,Anytime
23375,23375,Standard,Anytime
23376,23376,Standard,Anytime
23377,23377,Standard,Advance
23378,23378,Standard,Advance
23379,23379,Standard,Anytime
23380,23380,Standard,Anytime
23381,23381,Standard,Advance
23382,23382,Standard,Anytime
23383,23383,Standard,Advance
23384,23384,Standard,Advance
23385,23385,Standard,Anytime
23386,23386,Standard,Off-Peak
23387,23387,Standard,Anytime
23388,23388,Standard,Anytime
23389,23389,Standard,Anytime
23390,23390,Standard,Anytime
23391,23391,Standard,Advance
23392,23392,Standard,Anytime
23393,23393,Standard,Anytime
23394,23394,Standard,Anytime
23395,23395,Standard,Advance
23396,23396,Standard,Anytime
23397,23397,Standard,Advance
23398,23398,Standard,Anytime
23399,23399,Standard,Anytime
23400,23400,Standard,Anytime
23401,23401,Standard,Advance
23402,23402,Standard,Anytime
23403,23403,Standard,Advance
23404,23404,Standard,Advance
23405,23405,Standard,Anytime
23406,23406,Standard,Anytime
23407,23407,Standard,Advance
23408,23408,Standard,Anytime
23409,23409,Standard,Anytime
23410,23410,Standard,Anytime
23411,23411,Standard,Advance
23412,23412,Standard,Anytime
23413,23413,Standard,Anytime
23414,23414,Standard,Anytime
23415,23415,Standard,Anytime
23416,23416,Standard,Anytime
23417,23417,Standard,Anytime
23418,23418,Standard,Anytime
23419,23419,Standard,Advance
23420,23420,Standard,Advance
23421,23421,Standard,Advance
23422,23422,Standard,Advance
23423,23423,Standard,Off-Peak
23424,23424,Standard,Advance
23425,23425,Standard,Off-Peak
23426,23426,Standard,Advance
23427,23427,Standard,Advance
23428,23428,Standard,Advance
23429,23429,Standard,Advance
23430,23430,Standard,Off-Peak
23431,23431,Standard,Off-Peak
23432,23432,Standard,Advance
23433,23433,Standard,Off-Peak
23434,23434,Standard,Advance
23435,23435,Standard,Off-Peak
23436,23436,Standard,Advance
23437,23437,Standard,Advance
23438,23438,Standard,Advance
23439,23439,Standard,Advance
23440,23440,Standard,Advance
23441,23441,Standard,Advance
23442,23442,Standard,Advance
23443,23443,Standard,Advance
23444,23444,Standard,Advance
23445,23445,Standard,Advance
23446,23446,Standard,Advance
23447,23447,Standard,Advance
23448,23448,Standard,Advance
23449,23449,Standard,Advance
23450,23450,Standard,Advance
23451,23451,Standard,Advance
23452,23452,Standard,Advance
23453,23453,Standard,Advance
23454,23454,Standard,Advance
23455,23455,Standard,Advance
23456,23456,Standard,Advance
23457,23457,Standard,Advance
23458,23458,Standard,Advance
23459,23459,Standard,Advance
23460,23460,Standard,Advance
23461,23461,Standard,Advance
23462,23462,Standard,Advance
23463,23463,Standard,Off-Peak
23464,23464,Standard,Off-Peak
23465,23465,Standard,Advance
23466,23466,Standard,Advance
23467,23467,Standard,Advance
23468,23468,Standard,Advance
23469,23469,Standard,Advance
23470,23470,Standard,Advance
23471,23471,Standard,Advance
23472,23472,Standard,Advance
23473,23473,Standard,Advance
23474,23474,Standard,Advance
23475,23475,Standard,Advance
23476,23476,Standard,Advance
23477,23477,Standard,Advance
23478,23478,Standard,Advance
23479,23479,Standard,Advance
23480,23480,Standard,Advance
23481,23481,Standard,Off-Peak
23482,23482,Standard,Off-Peak
23483,23483,Standard,Off-Peak
23484,23484,Standard,Off-Peak
23485,23485,Standard,Off-Peak
23486,23486,Standard,Off-Peak
23487,23487,Standard,Off-Peak
23488,23488,Standard,Off-Peak
23489,23489,Standard,Off-Peak
23490,23490,Standard,Off-Peak
23491,23491,Standard,Off-Peak
23492,23492,Standard,Off-Peak
23493,23493,Standard,Off-Peak
23494,23494,Standard,Off-Peak
23495,23495,Standard,Off-Peak
23496,23496,Standard,Off-Peak
23497,23497,Standard,Off-Peak
23498,23498,Standard,Off-Peak
23499,23499,Standard,Off-Peak
23500,23500,Standard,Off-Peak
23501,23501,Standard,Off-Peak
23502,23502,Standard,Off-Peak
23503,23503,Standard,Off-Peak
23504,23504,Standard,Off-Peak
23505,23505,Standard,Off-Peak
23506,23506,Standard,Off-Peak
23507,23507,Standard,Off-Peak
23508,23508,Standard,Off-Peak
23509,23509,Standard,Off-Peak
23510,23510,Standard,Off-Peak
23511,23511,Standard,Off-Peak
23512,23512,Standard,Off-Peak
23513,23513,Standard,Off-Peak
23514,23514,Standard,Off-Peak
23515,23515,Standard,Off-Peak
23516,23516,Standard,Off-Peak
23517,23517,Standard,Off-Peak
23518,23518,Standard,Off-Peak
23519,23519,Standard,Off-Peak
23520,23520,Standard,Off-Peak
23521,23521,Standard,Off-Peak
23522,23522,Standard,Off-Peak
23523,23523,Standard,Off-Peak
23524,23524,Standard,Off-Peak
23525,23525,Standard,Off-Peak
23526,23526,Standard,Off-Peak
23527,23527,Standard,Off-Peak
23528,23528,Standard,Off-Peak
23529,23529,Standard,Off-Peak
23530,23530,Standard,Off-Peak
23531,23531,Standard,Off-Peak
23532,23532,Standard,Off-Peak
23533,23533,Standard,Off-Peak
23534,23534,Standard,Off-Peak
23535,23535,Standard,Off-Peak
23536,23536,Standard,Off-Peak
23537,23537,Standard,Off-Peak
23538,23538,Standard,Off-Peak
23539,23539,Standard,Off-Peak
23540,23540,Standard,Off-Peak
23541,23541,Standard,Off-Peak
23542,23542,Standard,Off-Peak
23543,23543,Standard,Off-Peak
23544,23544,Standard,Off-Peak
23545,23545,Standard,Advance
23546,23546,Standard,Off-Peak
23547,23547,Standard,Off-Peak
23548,23548,Standard,Off-Peak
23549,23549,Standard,Off-Peak
23550,23550,Standard,Off-Peak
23551,23551,Standard,Off-Peak
23552,23552,Standard,Off-Peak
23553,23553,Standard,Off-Peak
23554,23554,Standard,Off-Peak
23555,23555,Standard,Off-Peak
23556,23556,Standard,Off-Peak
23557,23557,Standard,Off-Peak
23558,23558,Standard,Off-Peak
23559,23559,Standard,Off-Peak
23560,23560,Standard,Off-Peak
23561,23561,Standard,Off-Peak
23562,23562,Standard,Off-Peak
23563,23563,Standard,Off-Peak
23564,23564,Standard,Off-Peak
23565,23565,Standard,Off-Peak
23566,23566,Standard,Off-Peak
23567,23567,Standard,Off-Peak
23568,23568,Standard,Off-Peak
23569,23569,Standard,Off-Peak
23570,23570,Standard,Off-Peak
23571,23571,Standard,Off-Peak
23572,23572,Standard,Off-Peak
23573,23573,Standard,Off-Peak
23574,23574,Standard,Off-Peak
23575,23575,Standard,Off-Peak
23576,23576,Standard,Off-Peak
23577,23577,Standard,Off-Peak
23578,23578,Standard,Off-Peak
23579,23579,Standard,Off-Peak
23580,23580,Standard,Off-Peak
23581,23581,Standard,Off-Peak
23582,23582,Standard,Off-Peak
23583,23583,Standard,Off-Peak
23584,23584,Standard,Off-Peak
23585,23585,Standard,Off-Peak
23586,23586,Standard,Off-Peak
23587,23587,Standard,Off-Peak
23588,23588,Standard,Off-Peak
23589,23589,Standard,Off-Peak
23590,23590,Standard,Off-Peak
23591,23591,Standard,Off-Peak
23592,23592,Standard,Off-Peak
23593,23593,Standard,Off-Peak
23594,23594,Standard,Off-Peak
23595,23595,Standard,Off-Peak
23596,23596,Standard,Off-Peak
23597,23597,Standard,Off-Peak
23598,23598,Standard,Off-Peak
23599,23599,Standard,Off-Peak
23600,23600,Standard,Off-Peak
23601,23601,Standard,Off-Peak
23602,23602,Standard,Off-Peak
23603,23603,Standard,Off-Peak
23604,23604,Standard,Off-Peak
23605,23605,Standard,Off-Peak
23606,23606,Standard,Off-Peak
23607,23607,Standard,Off-Peak
23608,23608,Standard,Off-Peak
23609,23609,Standard,Advance
23610,23610,Standard,Off-Peak
23611,23611,Standard,Off-Peak
23612,23612,Standard,Off-Peak
23613,23613,Standard,Off-Peak
23614,23614,Standard,Off-Peak
23615,23615,Standard,Off-Peak
23616,23616,Standard,Off-Peak
23617,23617,Standard,Off-Peak
23618,23618,Standard,Off-Peak
23619,23619,Standard,Advance
23620,23620,Standard,Advance
23621,23621,Standard,Advance
23622,23622,Standard,Advance
23623,23623,Standard,Advance
23624,23624,Standard,Advance
23625,23625,Standard,Off-Peak
23626,23626,Standard,Off-Peak
23627,23627,Standard,Off-Peak
23628,23628,Standard,Advance
23629,23629,Standard,Off-Peak
23630,23630,Standard,Off-Peak
23631,23631,Standard,Off-Peak
23632,23632,Standard,Off-Peak
23633,23633,Standard,Off-Peak
23634,23634,Standard,Off-Peak
23635,23635,Standard,Off-Peak
23636,23636,Standard,Off-Peak
23637,23637,Standard,Off-Peak
23638,23638,Standard,Off-Peak
23639,23639,Standard,Off-Peak
23640,23640,Standard,Off-Peak
23641,23641,Standard,Off-Peak
23642,23642,Standard,Off-Peak
23643,23643,Standard,Off-Peak
23644,23644,Standard,Off-Peak
23645,23645,Standard,Off-Peak
23646,23646,Standard,Off-Peak
23647,23647,Standard,Off-Peak
23648,23648,Standard,Off-Peak
23649,23649,Standard,Off-Peak
23650,23650,Standard,Off-Peak
23651,23651,Standard,Off-Peak
23652,23652,Standard,Off-Peak
23653,23653,Standard,Off-Peak
23654,23654,Standard,Off-Peak
23655,23655,Standard,Off-Peak
23656,23656,Standard,Off-Peak
23657,23657,Standard,Off-Peak
23658,23658,Standard,Off-Peak
23659,23659,Standard,Off-Peak
23660,23660,Standard,Off-Peak
23661,23661,Standard,Off-Peak
23662,23662,Standard,Off-Peak
23663,23663,Standard,Off-Peak
23664,23664,Standard,Off-Peak
23665,23665,Standard,Off-Peak
23666,23666,Standard,Off-Peak
23667,23667,Standard,Off-Peak
23668,23668,Standard,Off-Peak
23669,23669,Standard,Off-Peak
23670,23670,Standard,Advance
23671,23671,Standard,Off-Peak
23672,23672,Standard,Off-Peak
23673,23673,Standard,Off-Peak
23674,23674,Standard,Off-Peak
23675,23675,Standard,Off-Peak
23676,23676,Standard,Off-Peak
23677,23677,Standard,Off-Peak
23678,23678,Standard,Off-Peak
23679,23679,Standard,Off-Peak
23680,23680,Standard,Off-Peak
23681,23681,Standard,Off-Peak
23682,23682,Standard,Off-Peak
23683,23683,Standard,Off-Peak
23684,23684,Standard,Off-Peak
23685,23685,Standard,Advance
23686,23686,Standard,Off-Peak
23687,23687,Standard,Off-Peak
23688,23688,Standard,Off-Peak
23689,23689,Standard,Off-Peak
23690,23690,Standard,Off-Peak
23691,23691,Standard,Off-Peak
23692,23692,Standard,Off-Peak
23693,23693,Standard,Off-Peak
23694,23694,Standard,Off-Peak
23695,23695,Standard,Off-Peak
23696,23696,Standard,Off-Peak
23697,23697,Standard,Off-Peak
23698,23698,Standard,Off-Peak
23699,23699,Standard,Advance
23700,23700,Standard,Off-Peak
23701,23701,Standard,Off-Peak
23702,23702,Standard,Off-Peak
23703,23703,Standard,Off-Peak
23704,23704,Standard,Off-Peak
23705,23705,Standard,Off-Peak
23706,23706,Standard,Off-Peak
23707,23707,Standard,Off-Peak
23708,23708,Standard,Off-Peak
23709,23709,Standard,Off-Peak
23710,23710,Standard,Off-Peak
23711,23711,Standard,Off-Peak
23712,23712,Standard,Off-Peak
23713,23713,Standard,Off-Peak
23714,23714,Standard,Off-Peak
23715,23715,Standard,Off-Peak
23716,23716,Standard,Off-Peak
23717,23717,Standard,Off-Peak
23718,23718,Standard,Off-Peak
23719,23719,Standard,Off-Peak
23720,23720,Standard,Off-Peak
23721,23721,Standard,Off-Peak
23722,23722,Standard,Off-Peak
23723,23723,Standard,Off-Peak
23724,23724,Standard,Off-Peak
23725,23725,Standard,Off-Peak
23726,23726,Standard,Off-Peak
23727,23727,Standard,Off-Peak
23728,23728,Standard,Off-Peak
23729,23729,Standard,Off-Peak
23730,23730,Standard,Off-Peak
23731,23731,Standard,Off-Peak
23732,23732,Standard,Off-Peak
23733,23733,Standard,Off-Peak
23734,23734,Standard,Off-Peak
23735,23735,Standard,Advance
23736,23736,Standard,Off-Peak
23737,23737,Standard,Off-Peak
23738,23738,Standard,Off-Peak
23739,23739,Standard,Off-Peak
23740,23740,Standard,Advance
23741,23741,Standard,Off-Peak
23742,23742,Standard,Advance
23743,23743,Standard,Off-Peak
23744,23744,Standard,Off-Peak
23745,23745,Standard,Advance
23746,23746,Standard,Off-Peak
23747,23747,Standard,Off-Peak
23748,23748,Standard,Advance
23749,23749,Standard,Off-Peak
23750,23750,Standard,Off-Peak
23751,23751,Standard,Off-Peak
23752,23752,Standard,Off-Peak
23753,23753,Standard,Advance
23754,23754,Standard,Off-Peak
23755,23755,Standard,Off-Peak
23756,23756,Standard,Off-Peak
23757,23757,Standard,Off-Peak
23758,23758,Standard,Off-Peak
23759,23759,Standard,Off-Peak
23760,23760,Standard,Off-Peak
23761,23761,Standard,Off-Peak
23762,23762,Standard,Off-Peak
23763,23763,Standard,Advance
23764,23764,Standard,Off-Peak
23765,23765,Standard,Off-Peak
23766,23766,Standard,Off-Peak
23767,23767,Standard,Off-Peak
23768,23768,Standard,Off-Peak
23769,23769,Standard,Off-Peak
23770,23770,Standard,Off-Peak
23771,23771,Standard,Off-Peak
23772,23772,Standard,Off-Peak
23773,23773,Standard,Off-Peak
23774,23774,Standard,Off-Peak
23775,23775,Standard,Off-Peak
23776,23776,Standard,Off-Peak
23777,23777,Standard,Off-Peak
23778,23778,Standard,Off-Peak
23779,23779,Standard,Off-Peak
23780,23780,Standard,Off-Peak
23781,23781,Standard,Off-Peak
23782,23782,Standard,Off-Peak
23783,23783,Standard,Off-Peak
23784,23784,Standard,Off-Peak
23785,23785,Standard,Off-Peak
23786,23786,Standard,Off-Peak
23787,23787,Standard,Advance
23788,23788,Standard,Off-Peak
23789,23789,Standard,Off-Peak
23790,23790,Standard,Off-Peak
23791,23791,Standard,Off-Peak
23792,23792,Standard,Off-Peak
23793,23793,Standard,Off-Peak
23794,23794,Standard,Off-Peak
23795,23795,Standard,Off-Peak
23796,23796,Standard,Off-Peak
23797,23797,Standard,Off-Peak
23798,23798,Standard,Off-Peak
23799,23799,Standard,Off-Peak
23800,23800,Standard,Off-Peak
23801,23801,Standard,Off-Peak
23802,23802,Standard,Off-Peak
23803,23803,Standard,Off-Peak
23804,23804,Standard,Off-Peak
23805,23805,Standard,Off-Peak
23806,23806,Standard,Off-Peak
23807,23807,Standard,Off-Peak
23808,23808,Standard,Off-Peak
23809,23809,Standard,Off-Peak
23810,23810,Standard,Off-Peak
23811,23811,Standard,Off-Peak
23812,23812,Standard,Off-Peak
23813,23813,Standard,Off-Peak
23814,23814,Standard,Off-Peak
23815,23815,Standard,Off-Peak
23816,23816,Standard,Off-Peak
23817,23817,Standard,Off-Peak
23818,23818,Standard,Off-Peak
23819,23819,Standard,Off-Peak
23820,23820,Standard,Off-Peak
23821,23821,Standard,Off-Peak
23822,23822,Standard,Advance
23823,23823,Standard,Off-Peak
23824,23824,Standard,Off-Peak
23825,23825,Standard,Off-Peak
23826,23826,Standard,Off-Peak
23827,23827,Standard,Off-Peak
23828,23828,Standard,Off-Peak
23829,23829,Standard,Off-Peak
23830,23830,Standard,Off-Peak
23831,23831,Standard,Off-Peak
23832,23832,Standard,Off-Peak
23833,23833,Standard,Off-Peak
23834,23834,Standard,Off-Peak
23835,23835,Standard,Off-Peak
23836,23836,Standard,Off-Peak
23837,23837,Standard,Off-Peak
23838,23838,Standard,Off-Peak
23839,23839,Standard,Off-Peak
23840,23840,Standard,Off-Peak
23841,23841,Standard,Off-Peak
23842,23842,Standard,Advance
23843,23843,Standard,Off-Peak
23844,23844,Standard,Off-Peak
23845,23845,Standard,Off-Peak
23846,23846,Standard,Off-Peak
23847,23847,Standard,Off-Peak
23848,23848,Standard,Off-Peak
23849,23849,Standard,Off-Peak
23850,23850,Standard,Off-Peak
23851,23851,Standard,Off-Peak
23852,23852,Standard,Off-Peak
23853,23853,Standard,Off-Peak
23854,23854,Standard,Off-Peak
23855,23855,Standard,Off-Peak
23856,23856,Standard,Off-Peak
23857,23857,Standard,Off-Peak
23858,23858,Standard,Off-Peak
23859,23859,Standard,Off-Peak
23860,23860,Standard,Off-Peak
23861,23861,Standard,Advance
23862,23862,Standard,Off-Peak
23863,23863,Standard,Advance
23864,23864,Standard,Off-Peak
23865,23865,Standard,Off-Peak
23866,23866,Standard,Off-Peak
23867,23867,Standard,Off-Peak
23868,23868,Standard,Off-Peak
23869,23869,Standard,Off-Peak
23870,23870,Standard,Off-Peak
23871,23871,Standard,Off-Peak
23872,23872,Standard,Off-Peak
23873,23873,Standard,Off-Peak
23874,23874,Standard,Advance
23875,23875,Standard,Off-Peak
23876,23876,Standard,Off-Peak
23877,23877,Standard,Off-Peak
23878,23878,Standard,Off-Peak
23879,23879,Standard,Off-Peak
23880,23880,Standard,Advance
23881,23881,Standard,Off-Peak
23882,23882,Standard,Off-Peak
23883,23883,Standard,Off-Peak
23884,23884,Standard,Off-Peak
23885,23885,Standard,Advance
23886,23886,Standard,Off-Peak
23887,23887,Standard,Off-Peak
23888,23888,Standard,Off-Peak
23889,23889,Standard,Off-Peak
23890,23890,Standard,Off-Peak
23891,23891,Standard,Off-Peak
23892,23892,Standard,Off-Peak
23893,23893,Standard,Off-Peak
23894,23894,Standard,Off-Peak
23895,23895,Standard,Off-Peak
23896,23896,Standard,Off-Peak
23897,23897,Standard,Off-Peak
23898,23898,Standard,Advance
23899,23899,Standard,Off-Peak
23900,23900,Standard,Off-Peak
23901,23901,Standard,Off-Peak
23902,23902,Standard,Off-Peak
23903,23903,Standard,Off-Peak
23904,23904,Standard,Off-Peak
23905,23905,Standard,Advance
23906,23906,Standard,Advance
23907,23907,Standard,Advance
23908,23908,Standard,Advance
23909,23909,Standard,Off-Peak
23910,23910,Standard,Off-Peak
23911,23911,Standard,Advance
23912,23912,Standard,Off-Peak
23913,23913,Standard,Off-Peak
23914,23914,Standard,Off-Peak
23915,23915,Standard,Off-Peak
23916,23916,Standard,Off-Peak
23917,23917,Standard,Off-Peak
23918,23918,Standard,Off-Peak
23919,23919,Standard,Off-Peak
23920,23920,Standard,Advance
23921,23921,Standard,Anytime
23922,23922,Standard,Anytime
23923,23923,Standard,Anytime
23924,23924,Standard,Anytime
23925,23925,Standard,Anytime
23926,23926,Standard,Anytime
23927,23927,Standard,Anytime
23928,23928,Standard,Anytime
23929,23929,Standard,Off-Peak
23930,23930,Standard,Advance
23931,23931,Standard,Off-Peak
23932,23932,Standard,Advance
23933,23933,Standard,Advance
23934,23934,Standard,Off-Peak
23935,23935,Standard,Off-Peak
23936,23936,Standard,Advance
23937,23937,Standard,Off-Peak
23938,23938,Standard,Off-Peak
23939,23939,Standard,Off-Peak
23940,23940,Standard,Off-Peak
23941,23941,Standard,Off-Peak
23942,23942,Standard,Anytime
23943,23943,Standard,Advance
23944,23944,Standard,Anytime
23945,23945,Standard,Anytime
23946,23946,Standard,Anytime
23947,23947,Standard,Advance
23948,23948,Standard,Advance
23949,23949,Standard,Advance
23950,23950,Standard,Anytime
23951,23951,Standard,Advance
23952,23952,Standard,Off-Peak
23953,23953,Standard,Advance
23954,23954,Standard,Advance
23955,23955,Standard,Advance
23956,23956,Standard,Advance
23957,23957,Standard,Advance
23958,23958,Standard,Off-Peak
23959,23959,Standard,Off-Peak
23960,23960,Standard,Advance
23961,23961,Standard,Advance
23962,23962,Standard,Advance
23963,23963,Standard,Off-Peak
23964,23964,Standard,Advance
23965,23965,Standard,Advance
23966,23966,Standard,Off-Peak
23967,23967,Standard,Off-Peak
23968,23968,Standard,Off-Peak
23969,23969,Standard,Off-Peak
23970,23970,Standard,Advance
23971,23971,Standard,Advance
23972,23972,Standard,Off-Peak
23973,23973,Standard,Advance
23974,23974,Standard,Off-Peak
23975,23975,Standard,Off-Peak
23976,23976,Standard,Off-Peak
23977,23977,Standard,Off-Peak
23978,23978,Standard,Advance
23979,23979,Standard,Advance
23980,23980,Standard,Advance
23981,23981,Standard,Advance
23982,23982,Standard,Off-Peak
23983,23983,Standard,Off-Peak
23984,23984,Standard,Advance
23985,23985,Standard,Off-Peak
23986,23986,Standard,Advance
23987,23987,Standard,Off-Peak
23988,23988,Standard,Off-Peak
23989,23989,Standard,Advance
23990,23990,Standard,Advance
23991,23991,Standard,Off-Peak
23992,23992,Standard,Advance
23993,23993,Standard,Advance
23994,23994,Standard,Off-Peak
23995,23995,Standard,Advance
23996,23996,Standard,Anytime
23997,23997,Standard,Anytime
23998,23998,Standard,Anytime
23999,23999,Standard,Anytime
24000,24000,Standard,Anytime
24001,24001,Standard,Anytime
24002,24002,Standard,Anytime
24003,24003,Standard,Anytime
24004,24004,Standard,Advance
24005,24005,Standard,Anytime
24006,24006,Standard,Anytime
24007,24007,Standard,Anytime
24008,24008,Standard,Anytime
24009,24009,Standard,Anytime
24010,24010,Standard,Anytime
24011,24011,Standard,Off-Peak
24012,24012,Standard,Advance
24013,24013,Standard,Anytime
24014,24014,Standard,Advance
24015,24015,Standard,Advance
24016,24016,Standard,Anytime
24017,24017,Standard,Advance
24018,24018,Standard,Anytime
24019,24019,Standard,Anytime
24020,24020,Standard,Anytime
24021,24021,Standard,Advance
24022,24022,Standard,Anytime
24023,24023,Standard,Anytime
24024,24024,Standard,Advance
24025,24025,Standard,Anytime
24026,24026,Standard,Advance
24027,24027,Standard,Advance
24028,24028,Standard,Anytime
24029,24029,Standard,Advance
24030,24030,Standard,Anytime
24031,24031,Standard,Anytime
24032,24032,Standard,Advance
24033,24033,Standard,Anytime
24034,24034,Standard,Anytime
24035,24035,Standard,Anytime
24036,24036,Standard,Anytime
24037,24037,Standard,Anytime
24038,24038,Standard,Anytime
24039,24039,Standard,Anytime
24040,24040,Standard,Anytime
24041,24041,Standard,Anytime
24042,24042,Standard,Advance
24043,24043,Standard,Off-Peak
24044,24044,Standard,Advance
24045,24045,Standard,Advance
24046,24046,Standard,Advance
24047,24047,Standard,Off-Peak
24048,24048,Standard,Advance
24049,24049,Standard,Advance
24050,24050,Standard,Advance
24051,24051,Standard,Advance
24052,24052,Standard,Advance
24053,24053,Standard,Advance
24054,24054,Standard,Advance
24055,24055,Standard,Advance
24056,24056,Standard,Advance
24057,24057,Standard,Advance
24058,24058,Standard,Advance
24059,24059,Standard,Advance
24060,24060,Standard,Advance
24061,24061,Standard,Advance
24062,24062,Standard,Advance
24063,24063,Standard,Advance
24064,24064,Standard,Off-Peak
24065,24065,Standard,Off-Peak
24066,24066,Standard,Off-Peak
24067,24067,Standard,Advance
24068,24068,Standard,Off-Peak
24069,24069,Standard,Advance
24070,24070,Standard,Advance
24071,24071,Standard,Advance
24072,24072,Standard,Advance
24073,24073,Standard,Advance
24074,24074,Standard,Advance
24075,24075,Standard,Advance
24076,24076,Standard,Off-Peak
24077,24077,Standard,Advance
24078,24078,Standard,Off-Peak
24079,24079,Standard,Advance
24080,24080,Standard,Advance
24081,24081,Standard,Off-Peak
24082,24082,Standard,Advance
24083,24083,Standard,Advance
24084,24084,Standard,Advance
24085,24085,Standard,Off-Peak
24086,24086,Standard,Off-Peak
24087,24087,Standard,Off-Peak
24088,24088,Standard,Advance
24089,24089,Standard,Off-Peak
24090,24090,Standard,Off-Peak
24091,24091,Standard,Advance
24092,24092,Standard,Advance
24093,24093,Standard,Advance
24094,24094,Standard,Off-Peak
24095,24095,Standard,Advance
24096,24096,Standard,Off-Peak
24097,24097,Standard,Advance
24098,24098,Standard,Advance
24099,24099,Standard,Off-Peak
24100,24100,Standard,Off-Peak
24101,24101,Standard,Off-Peak
24102,24102,Standard,Advance
24103,24103,Standard,Advance
24104,24104,Standard,Off-Peak
24105,24105,Standard,Advance
24106,24106,Standard,Advance
24107,24107,Standard,Off-Peak
24108,24108,Standard,Off-Peak
24109,24109,Standard,Off-Peak
24110,24110,Standard,Off-Peak
24111,24111,Standard,Advance
24112,24112,Standard,Off-Peak
24113,24113,Standard,Advance
24114,24114,Standard,Advance
24115,24115,Standard,Off-Peak
24116,24116,Standard,Off-Peak
24117,24117,Standard,Advance
24118,24118,Standard,Advance
24119,24119,Standard,Off-Peak
24120,24120,Standard,Advance
24121,24121,Standard,Advance
24122,24122,Standard,Off-Peak
24123,24123,Standard,Advance
24124,24124,Standard,Anytime
24125,24125,Standard,Anytime
24126,24126,Standard,Advance
24127,24127,Standard,Anytime
24128,24128,Standard,Advance
24129,24129,Standard,Anytime
24130,24130,Standard,Anytime
24131,24131,Standard,Anytime
24132,24132,Standard,Anytime
24133,24133,Standard,Anytime
24134,24134,Standard,Anytime
24135,24135,Standard,Advance
24136,24136,Standard,Anytime
24137,24137,Standard,Anytime
24138,24138,Standard,Advance
24139,24139,Standard,Anytime
24140,24140,Standard,Anytime
24141,24141,Standard,Anytime
24142,24142,Standard,Advance
24143,24143,Standard,Advance
24144,24144,Standard,Anytime
24145,24145,Standard,Anytime
24146,24146,Standard,Advance
24147,24147,Standard,Advance
24148,24148,Standard,Advance
24149,24149,Standard,Off-Peak
24150,24150,Standard,Advance
24151,24151,Standard,Advance
24152,24152,Standard,Anytime
24153,24153,Standard,Anytime
24154,24154,Standard,Anytime
24155,24155,Standard,Advance
24156,24156,Standard,Advance
24157,24157,Standard,Anytime
24158,24158,Standard,Anytime
24159,24159,Standard,Anytime
24160,24160,Standard,Anytime
24161,24161,Standard,Advance
24162,24162,Standard,Anytime
24163,24163,Standard,Anytime
24164,24164,Standard,Anytime
24165,24165,Standard,Advance
24166,24166,Standard,Anytime
24167,24167,Standard,Anytime
24168,24168,Standard,Anytime
24169,24169,Standard,Anytime
24170,24170,Standard,Advance
24171,24171,Standard,Anytime
24172,24172,Standard,Anytime
24173,24173,Standard,Advance
24174,24174,Standard,Advance
24175,24175,Standard,Anytime
24176,24176,Standard,Anytime
24177,24177,Standard,Anytime
24178,24178,Standard,Anytime
24179,24179,Standard,Advance
24180,24180,Standard,Advance
24181,24181,Standard,Advance
24182,24182,Standard,Advance
24183,24183,Standard,Advance
24184,24184,Standard,Advance
24185,24185,Standard,Advance
24186,24186,Standard,Advance
24187,24187,Standard,Off-Peak
24188,24188,Standard,Advance
24189,24189,Standard,Off-Peak
24190,24190,Standard,Advance
24191,24191,Standard,Anytime
24192,24192,Standard,Advance
24193,24193,Standard,Anytime
24194,24194,Standard,Anytime
24195,24195,Standard,Off-Peak
24196,24196,Standard,Off-Peak
24197,24197,Standard,Off-Peak
24198,24198,Standard,Off-Peak
24199,24199,Standard,Advance
24200,24200,Standard,Advance
24201,24201,Standard,Off-Peak
24202,24202,Standard,Advance
24203,24203,Standard,Advance
24204,24204,Standard,Advance
24205,24205,Standard,Advance
24206,24206,Standard,Advance
24207,24207,Standard,Advance
24208,24208,Standard,Advance
24209,24209,Standard,Advance
24210,24210,Standard,Advance
24211,24211,Standard,Advance
24212,24212,Standard,Advance
24213,24213,Standard,Advance
24214,24214,Standard,Advance
24215,24215,Standard,Advance
24216,24216,Standard,Advance
24217,24217,Standard,Advance
24218,24218,Standard,Advance
24219,24219,Standard,Advance
24220,24220,Standard,Advance
24221,24221,Standard,Advance
24222,24222,Standard,Advance
24223,24223,Standard,Advance
24224,24224,Standard,Off-Peak
24225,24225,Standard,Off-Peak
24226,24226,Standard,Advance
24227,24227,Standard,Advance
24228,24228,Standard,Advance
24229,24229,Standard,Advance
24230,24230,Standard,Advance
24231,24231,Standard,Advance
24232,24232,Standard,Advance
24233,24233,Standard,Advance
24234,24234,Standard,Advance
24235,24235,Standard,Advance
24236,24236,Standard,Advance
24237,24237,Standard,Advance
24238,24238,Standard,Advance
24239,24239,Standard,Advance
24240,24240,Standard,Advance
24241,24241,Standard,Advance
24242,24242,Standard,Advance
24243,24243,Standard,Advance
24244,24244,Standard,Off-Peak
24245,24245,Standard,Off-Peak
24246,24246,Standard,Advance
24247,24247,Standard,Off-Peak
24248,24248,Standard,Off-Peak
24249,24249,Standard,Off-Peak
24250,24250,Standard,Off-Peak
24251,24251,Standard,Off-Peak
24252,24252,Standard,Off-Peak
24253,24253,Standard,Advance
24254,24254,Standard,Off-Peak
24255,24255,Standard,Advance
24256,24256,Standard,Off-Peak
24257,24257,Standard,Off-Peak
24258,24258,Standard,Off-Peak
24259,24259,Standard,Advance
24260,24260,Standard,Advance
24261,24261,Standard,Advance
24262,24262,Standard,Off-Peak
24263,24263,Standard,Off-Peak
24264,24264,Standard,Off-Peak
24265,24265,Standard,Off-Peak
24266,24266,Standard,Off-Peak
24267,24267,Standard,Off-Peak
24268,24268,Standard,Advance
24269,24269,Standard,Off-Peak
24270,24270,Standard,Advance
24271,24271,Standard,Advance
24272,24272,Standard,Advance
24273,24273,Standard,Off-Peak
24274,24274,Standard,Advance
24275,24275,Standard,Advance
24276,24276,Standard,Advance
24277,24277,Standard,Advance
24278,24278,Standard,Advance
24279,24279,Standard,Advance
24280,24280,Standard,Anytime
24281,24281,Standard,Anytime
24282,24282,Standard,Anytime
24283,24283,Standard,Anytime
24284,24284,Standard,Anytime
24285,24285,Standard,Anytime
24286,24286,Standard,Anytime
24287,24287,Standard,Anytime
24288,24288,Standard,Anytime
24289,24289,Standard,Anytime
24290,24290,Standard,Anytime
24291,24291,Standard,Anytime
24292,24292,Standard,Anytime
24293,24293,Standard,Advance
24294,24294,Standard,Anytime
24295,24295,Standard,Anytime
24296,24296,Standard,Advance
24297,24297,Standard,Anytime
24298,24298,Standard,Anytime
24299,24299,Standard,Anytime
24300,24300,Standard,Anytime
24301,24301,Standard,Anytime
24302,24302,Standard,Advance
24303,24303,Standard,Anytime
24304,24304,Standard,Anytime
24305,24305,Standard,Anytime
24306,24306,Standard,Advance
24307,24307,Standard,Advance
24308,24308,Standard,Anytime
24309,24309,Standard,Advance
24310,24310,Standard,Anytime
24311,24311,Standard,Anytime
24312,24312,Standard,Anytime
24313,24313,Standard,Anytime
24314,24314,Standard,Anytime
24315,24315,Standard,Anytime
24316,24316,Standard,Off-Peak
24317,24317,Standard,Off-Peak
24318,24318,Standard,Advance
24319,24319,Standard,Advance
24320,24320,Standard,Advance
24321,24321,Standard,Advance
24322,24322,Standard,Advance
24323,24323,Standard,Advance
24324,24324,Standard,Advance
24325,24325,Standard,Advance
24326,24326,Standard,Advance
24327,24327,Standard,Advance
24328,24328,Standard,Advance
24329,24329,Standard,Advance
24330,24330,Standard,Advance
24331,24331,Standard,Advance
24332,24332,Standard,Off-Peak
24333,24333,Standard,Advance
24334,24334,Standard,Advance
24335,24335,Standard,Advance
24336,24336,Standard,Advance
24337,24337,Standard,Advance
24338,24338,Standard,Advance
24339,24339,Standard,Advance
24340,24340,Standard,Advance
24341,24341,Standard,Advance
24342,24342,Standard,Advance
24343,24343,Standard,Off-Peak
24344,24344,Standard,Advance
24345,24345,Standard,Advance
24346,24346,Standard,Advance
24347,24347,Standard,Advance
24348,24348,Standard,Advance
24349,24349,Standard,Off-Peak
24350,24350,Standard,Advance
24351,24351,Standard,Off-Peak
24352,24352,Standard,Off-Peak
24353,24353,Standard,Off-Peak
24354,24354,Standard,Advance
24355,24355,Standard,Advance
24356,24356,Standard,Off-Peak
24357,24357,Standard,Advance
24358,24358,Standard,Advance
24359,24359,Standard,Advance
24360,24360,Standard,Advance
24361,24361,Standard,Advance
24362,24362,Standard,Advance
24363,24363,Standard,Off-Peak
24364,24364,Standard,Advance
24365,24365,Standard,Advance
24366,24366,Standard,Advance
24367,24367,Standard,Advance
24368,24368,Standard,Off-Peak
24369,24369,Standard,Advance
24370,24370,Standard,Advance
24371,24371,Standard,Advance
24372,24372,Standard,Advance
24373,24373,Standard,Off-Peak
24374,24374,Standard,Off-Peak
24375,24375,Standard,Off-Peak
24376,24376,Standard,Off-Peak
24377,24377,Standard,Off-Peak
24378,24378,Standard,Advance
24379,24379,Standard,Off-Peak
24380,24380,Standard,Advance
24381,24381,Standard,Off-Peak
24382,24382,Standard,Off-Peak
24383,24383,Standard,Off-Peak
24384,24384,Standard,Off-Peak
24385,24385,Standard,Advance
24386,24386,Standard,Off-Peak
24387,24387,Standard,Advance
24388,24388,Standard,Off-Peak
24389,24389,Standard,Advance
24390,24390,Standard,Advance
24391,24391,Standard,Advance
24392,24392,Standard,Off-Peak
24393,24393,Standard,Off-Peak
24394,24394,Standard,Advance
24395,24395,Standard,Advance
24396,24396,Standard,Advance
24397,24397,Standard,Off-Peak
24398,24398,Standard,Advance
24399,24399,Standard,Off-Peak
24400,24400,Standard,Anytime
24401,24401,Standard,Anytime
24402,24402,Standard,Anytime
24403,24403,Standard,Advance
24404,24404,Standard,Anytime
24405,24405,Standard,Anytime
24406,24406,Standard,Advance
24407,24407,Standard,Anytime
24408,24408,Standard,Advance
24409,24409,Standard,Advance
24410,24410,Standard,Anytime
24411,24411,Standard,Anytime
24412,24412,Standard,Anytime
24413,24413,Standard,Anytime
24414,24414,Standard,Anytime
24415,24415,Standard,Anytime
24416,24416,Standard,Anytime
24417,24417,Standard,Anytime
24418,24418,Standard,Anytime
24419,24419,Standard,Advance
24420,24420,Standard,Anytime
24421,24421,Standard,Anytime
24422,24422,Standard,Anytime
24423,24423,Standard,Advance
24424,24424,Standard,Advance
24425,24425,Standard,Advance
24426,24426,Standard,Advance
24427,24427,Standard,Advance
24428,24428,Standard,Anytime
24429,24429,Standard,Advance
24430,24430,Standard,Anytime
24431,24431,Standard,Anytime
24432,24432,Standard,Anytime
24433,24433,Standard,Anytime
24434,24434,Standard,Anytime
24435,24435,Standard,Anytime
24436,24436,Standard,Advance
24437,24437,Standard,Anytime
24438,24438,Standard,Advance
24439,24439,Standard,Anytime
24440,24440,Standard,Anytime
24441,24441,Standard,Anytime
24442,24442,Standard,Off-Peak
24443,24443,Standard,Advance
24444,24444,Standard,Advance
24445,24445,Standard,Advance
24446,24446,Standard,Advance
24447,24447,Standard,Advance
24448,24448,Standard,Off-Peak
24449,24449,Standard,Advance
24450,24450,Standard,Advance
24451,24451,Standard,Advance
24452,24452,Standard,Anytime
24453,24453,Standard,Anytime
24454,24454,Standard,Advance
24455,24455,Standard,Advance
24456,24456,Standard,Off-Peak
24457,24457,Standard,Advance
24458,24458,Standard,Advance
24459,24459,Standard,Off-Peak
24460,24460,Standard,Advance
24461,24461,Standard,Advance
24462,24462,Standard,Advance
24463,24463,Standard,Advance
24464,24464,Standard,Advance
24465,24465,Standard,Advance
24466,24466,Standard,Advance
24467,24467,Standard,Advance
24468,24468,Standard,Advance
24469,24469,Standard,Advance
24470,24470,Standard,Advance
24471,24471,Standard,Advance
24472,24472,Standard,Off-Peak
24473,24473,Standard,Advance
24474,24474,Standard,Advance
24475,24475,Standard,Advance
24476,24476,Standard,Advance
24477,24477,Standard,Advance
24478,24478,Standard,Advance
24479,24479,Standard,Advance
24480,24480,Standard,Advance
24481,24481,Standard,Advance
24482,24482,Standard,Advance
24483,24483,Standard,Advance
24484,24484,Standard,Advance
24485,24485,Standard,Advance
24486,24486,Standard,Advance
24487,24487,Standard,Advance
24488,24488,Standard,Advance
24489,24489,Standard,Advance
24490,24490,Standard,Advance
24491,24491,Standard,Advance
24492,24492,Standard,Advance
24493,24493,Standard,Off-Peak
24494,24494,Standard,Advance
24495,24495,Standard,Off-Peak
24496,24496,Standard,Off-Peak
24497,24497,Standard,Advance
24498,24498,Standard,Advance
24499,24499,Standard,Advance
24500,24500,Standard,Advance
24501,24501,Standard,Advance
24502,24502,Standard,Advance
24503,24503,Standard,Advance
24504,24504,Standard,Advance
24505,24505,Standard,Advance
24506,24506,Standard,Advance
24507,24507,Standard,Advance
24508,24508,Standard,Advance
24509,24509,Standard,Advance
24510,24510,Standard,Advance
24511,24511,Standard,Advance
24512,24512,Standard,Off-Peak
24513,24513,Standard,Off-Peak
24514,24514,Standard,Off-Peak
24515,24515,Standard,Off-Peak
24516,24516,Standard,Advance
24517,24517,Standard,Off-Peak
24518,24518,Standard,Advance
24519,24519,Standard,Advance
24520,24520,Standard,Off-Peak
24521,24521,Standard,Off-Peak
24522,24522,Standard,Advance
24523,24523,Standard,Off-Peak
24524,24524,Standard,Off-Peak
24525,24525,Standard,Advance
24526,24526,Standard,Advance
24527,24527,Standard,Advance
24528,24528,Standard,Advance
24529,24529,Standard,Advance
24530,24530,Standard,Off-Peak
24531,24531,Standard,Advance
24532,24532,Standard,Anytime
24533,24533,Standard,Anytime
24534,24534,Standard,Anytime
24535,24535,Standard,Anytime
24536,24536,Standard,Anytime
24537,24537,Standard,Anytime
24538,24538,Standard,Anytime
24539,24539,Standard,Anytime
24540,24540,Standard,Anytime
24541,24541,Standard,Anytime
24542,24542,Standard,Anytime
24543,24543,Standard,Anytime
24544,24544,Standard,Anytime
24545,24545,Standard,Anytime
24546,24546,Standard,Advance
24547,24547,Standard,Anytime
24548,24548,Standard,Anytime
24549,24549,Standard,Anytime
24550,24550,Standard,Anytime
24551,24551,Standard,Anytime
24552,24552,Standard,Anytime
24553,24553,Standard,Anytime
24554,24554,Standard,Anytime
24555,24555,Standard,Anytime
24556,24556,Standard,Advance
24557,24557,Standard,Anytime
24558,24558,Standard,Anytime
24559,24559,Standard,Advance
24560,24560,Standard,Anytime
24561,24561,Standard,Anytime
24562,24562,Standard,Advance
24563,24563,Standard,Anytime
24564,24564,Standard,Anytime
24565,24565,Standard,Anytime
24566,24566,Standard,Anytime
24567,24567,Standard,Off-Peak
24568,24568,Standard,Advance
24569,24569,Standard,Advance
24570,24570,Standard,Advance
24571,24571,Standard,Advance
24572,24572,Standard,Advance
24573,24573,Standard,Anytime
24574,24574,Standard,Advance
24575,24575,Standard,Anytime
24576,24576,Standard,Advance
24577,24577,Standard,Off-Peak
24578,24578,Standard,Advance
24579,24579,Standard,Advance
24580,24580,Standard,Off-Peak
24581,24581,Standard,Advance
24582,24582,Standard,Advance
24583,24583,Standard,Advance
24584,24584,Standard,Advance
24585,24585,Standard,Advance
24586,24586,Standard,Advance
24587,24587,Standard,Advance
24588,24588,Standard,Advance
24589,24589,Standard,Off-Peak
24590,24590,Standard,Advance
24591,24591,Standard,Advance
24592,24592,Standard,Off-Peak
24593,24593,Standard,Advance
24594,24594,Standard,Advance
24595,24595,Standard,Advance
24596,24596,Standard,Off-Peak
24597,24597,Standard,Advance
24598,24598,Standard,Advance
24599,24599,Standard,Off-Peak
24600,24600,Standard,Advance
24601,24601,Standard,Advance
24602,24602,Standard,Advance
24603,24603,Standard,Advance
24604,24604,Standard,Advance
24605,24605,Standard,Advance
24606,24606,Standard,Advance
24607,24607,Standard,Advance
24608,24608,Standard,Advance
24609,24609,Standard,Advance
24610,24610,Standard,Off-Peak
24611,24611,Standard,Off-Peak
24612,24612,Standard,Advance
24613,24613,Standard,Advance
24614,24614,Standard,Advance
24615,24615,Standard,Off-Peak
24616,24616,Standard,Advance
24617,24617,Standard,Advance
24618,24618,Standard,Advance
24619,24619,Standard,Advance
24620,24620,Standard,Advance
24621,24621,Standard,Advance
24622,24622,Standard,Advance
24623,24623,Standard,Advance
24624,24624,Standard,Off-Peak
24625,24625,Standard,Advance
24626,24626,Standard,Advance
24627,24627,Standard,Off-Peak
24628,24628,Standard,Off-Peak
24629,24629,Standard,Advance
24630,24630,Standard,Off-Peak
24631,24631,Standard,Off-Peak
24632,24632,Standard,Off-Peak
24633,24633,Standard,Advance
24634,24634,Standard,Advance
24635,24635,Standard,Advance
24636,24636,Standard,Off-Peak
24637,24637,Standard,Off-Peak
24638,24638,Standard,Off-Peak
24639,24639,Standard,Off-Peak
24640,24640,Standard,Anytime
24641,24641,Standard,Anytime
24642,24642,Standard,Advance
24643,24643,Standard,Advance
24644,24644,Standard,Anytime
24645,24645,Standard,Anytime
24646,24646,Standard,Advance
24647,24647,Standard,Advance
24648,24648,Standard,Advance
24649,24649,Standard,Advance
24650,24650,Standard,Anytime
24651,24651,Standard,Advance
24652,24652,Standard,Anytime
24653,24653,Standard,Anytime
24654,24654,Standard,Anytime
24655,24655,Standard,Anytime
24656,24656,Standard,Advance
24657,24657,Standard,Anytime
24658,24658,Standard,Anytime
24659,24659,Standard,Anytime
24660,24660,Standard,Anytime
24661,24661,Standard,Advance
24662,24662,Standard,Advance
24663,24663,Standard,Anytime
24664,24664,Standard,Advance
24665,24665,Standard,Anytime
24666,24666,Standard,Anytime
24667,24667,Standard,Anytime
24668,24668,Standard,Advance
24669,24669,Standard,Anytime
24670,24670,Standard,Anytime
24671,24671,Standard,Anytime
24672,24672,Standard,Advance
24673,24673,Standard,Anytime
24674,24674,Standard,Anytime
24675,24675,Standard,Anytime
24676,24676,Standard,Advance
24677,24677,Standard,Advance
24678,24678,Standard,Advance
24679,24679,Standard,Advance
24680,24680,Standard,Advance
24681,24681,Standard,Advance
24682,24682,Standard,Advance
24683,24683,Standard,Advance
24684,24684,Standard,Anytime
24685,24685,Standard,Anytime
24686,24686,Standard,Anytime
24687,24687,Standard,Off-Peak
24688,24688,Standard,Advance
24689,24689,Standard,Off-Peak
24690,24690,Standard,Off-Peak
24691,24691,Standard,Off-Peak
24692,24692,Standard,Off-Peak
24693,24693,Standard,Advance
24694,24694,Standard,Advance
24695,24695,Standard,Advance
24696,24696,Standard,Advance
24697,24697,Standard,Off-Peak
24698,24698,Standard,Advance
24699,24699,Standard,Advance
24700,24700,Standard,Advance
24701,24701,Standard,Advance
24702,24702,Standard,Off-Peak
24703,24703,Standard,Advance
24704,24704,Standard,Advance
24705,24705,Standard,Advance
24706,24706,Standard,Advance
24707,24707,Standard,Advance
24708,24708,Standard,Advance
24709,24709,Standard,Advance
24710,24710,Standard,Advance
24711,24711,Standard,Advance
24712,24712,Standard,Advance
24713,24713,Standard,Off-Peak
24714,24714,Standard,Off-Peak
24715,24715,Standard,Off-Peak
24716,24716,Standard,Advance
24717,24717,Standard,Advance
24718,24718,Standard,Advance
24719,24719,Standard,Advance
24720,24720,Standard,Advance
24721,24721,Standard,Advance
24722,24722,Standard,Advance
24723,24723,Standard,Advance
24724,24724,Standard,Advance
24725,24725,Standard,Advance
24726,24726,Standard,Off-Peak
24727,24727,Standard,Off-Peak
24728,24728,Standard,Advance
24729,24729,Standard,Off-Peak
24730,24730,Standard,Off-Peak
24731,24731,Standard,Off-Peak
24732,24732,Standard,Off-Peak
24733,24733,Standard,Off-Peak
24734,24734,Standard,Off-Peak
24735,24735,Standard,Off-Peak
24736,24736,Standard,Advance
24737,24737,Standard,Off-Peak
24738,24738,Standard,Advance
24739,24739,Standard,Off-Peak
24740,24740,Standard,Off-Peak
24741,24741,Standard,Advance
24742,24742,Standard,Advance
24743,24743,Standard,Advance
24744,24744,Standard,Advance
24745,24745,Standard,Advance
24746,24746,Standard,Advance
24747,24747,Standard,Advance
24748,24748,Standard,Advance
24749,24749,Standard,Off-Peak
24750,24750,Standard,Advance
24751,24751,Standard,Off-Peak
24752,24752,Standard,Advance
24753,24753,Standard,Off-Peak
24754,24754,Standard,Off-Peak
24755,24755,Standard,Off-Peak
24756,24756,Standard,Off-Peak
24757,24757,Standard,Off-Peak
24758,24758,Standard,Off-Peak
24759,24759,Standard,Off-Peak
24760,24760,Standard,Advance
24761,24761,Standard,Advance
24762,24762,Standard,Advance
24763,24763,Standard,Advance
24764,24764,Standard,Off-Peak
24765,24765,Standard,Off-Peak
24766,24766,Standard,Anytime
24767,24767,Standard,Anytime
24768,24768,Standard,Anytime
24769,24769,Standard,Anytime
24770,24770,Standard,Anytime
24771,24771,Standard,Anytime
24772,24772,Standard,Anytime
24773,24773,Standard,Anytime
24774,24774,Standard,Anytime
24775,24775,Standard,Advance
24776,24776,Standard,Anytime
24777,24777,Standard,Anytime
24778,24778,Standard,Anytime
24779,24779,Standard,Anytime
24780,24780,Standard,Anytime
24781,24781,Standard,Anytime
24782,24782,Standard,Advance
24783,24783,Standard,Advance
24784,24784,Standard,Advance
24785,24785,Standard,Advance
24786,24786,Standard,Anytime
24787,24787,Standard,Anytime
24788,24788,Standard,Anytime
24789,24789,Standard,Anytime
24790,24790,Standard,Anytime
24791,24791,Standard,Anytime
24792,24792,Standard,Anytime
24793,24793,Standard,Anytime
24794,24794,Standard,Anytime
24795,24795,Standard,Anytime
24796,24796,Standard,Advance
24797,24797,Standard,Anytime
24798,24798,Standard,Anytime
24799,24799,Standard,Anytime
24800,24800,Standard,Anytime
24801,24801,Standard,Advance
24802,24802,Standard,Anytime
24803,24803,Standard,Anytime
24804,24804,Standard,Advance
24805,24805,Standard,Anytime
24806,24806,Standard,Anytime
24807,24807,Standard,Anytime
24808,24808,Standard,Anytime
24809,24809,Standard,Anytime
24810,24810,Standard,Advance
24811,24811,Standard,Anytime
24812,24812,Standard,Anytime
24813,24813,Standard,Off-Peak
24814,24814,Standard,Advance
24815,24815,Standard,Advance
24816,24816,Standard,Advance
24817,24817,Standard,Advance
24818,24818,Standard,Advance
24819,24819,Standard,Advance
24820,24820,Standard,Advance
24821,24821,Standard,Advance
24822,24822,Standard,Off-Peak
24823,24823,Standard,Advance
24824,24824,Standard,Advance
24825,24825,Standard,Advance
24826,24826,Standard,Advance
24827,24827,Standard,Advance
24828,24828,Standard,Advance
24829,24829,Standard,Advance
24830,24830,Standard,Advance
24831,24831,Standard,Advance
24832,24832,Standard,Advance
24833,24833,Standard,Advance
24834,24834,Standard,Advance
24835,24835,Standard,Advance
24836,24836,Standard,Advance
24837,24837,Standard,Advance
24838,24838,Standard,Advance
24839,24839,Standard,Advance
24840,24840,Standard,Advance
24841,24841,Standard,Advance
24842,24842,Standard,Advance
24843,24843,Standard,Off-Peak
24844,24844,Standard,Off-Peak
24845,24845,Standard,Off-Peak
24846,24846,Standard,Advance
24847,24847,Standard,Advance
24848,24848,Standard,Advance
24849,24849,Standard,Off-Peak
24850,24850,Standard,Advance
24851,24851,Standard,Off-Peak
24852,24852,Standard,Advance
24853,24853,Standard,Advance
24854,24854,Standard,Advance
24855,24855,Standard,Off-Peak
24856,24856,Standard,Off-Peak
24857,24857,Standard,Off-Peak
24858,24858,Standard,Off-Peak
24859,24859,Standard,Advance
24860,24860,Standard,Off-Peak
24861,24861,Standard,Off-Peak
24862,24862,Standard,Off-Peak
24863,24863,Standard,Advance
24864,24864,Standard,Off-Peak
24865,24865,Standard,Off-Peak
24866,24866,Standard,Off-Peak
24867,24867,Standard,Advance
24868,24868,Standard,Off-Peak
24869,24869,Standard,Advance
24870,24870,Standard,Advance
24871,24871,Standard,Off-Peak
24872,24872,Standard,Off-Peak
24873,24873,Standard,Advance
24874,24874,Standard,Off-Peak
24875,24875,Standard,Off-Peak
24876,24876,Standard,Advance
24877,24877,Standard,Advance
24878,24878,Standard,Advance
24879,24879,Standard,Advance
24880,24880,Standard,Off-Peak
24881,24881,Standard,Advance
24882,24882,Standard,Advance
24883,24883,Standard,Off-Peak
24884,24884,Standard,Off-Peak
24885,24885,Standard,Advance
24886,24886,Standard,Advance
24887,24887,Standard,Anytime
24888,24888,Standard,Anytime
24889,24889,Standard,Anytime
24890,24890,Standard,Anytime
24891,24891,Standard,Anytime
24892,24892,Standard,Anytime
24893,24893,Standard,Anytime
24894,24894,Standard,Anytime
24895,24895,Standard,Anytime
24896,24896,Standard,Anytime
24897,24897,Standard,Anytime
24898,24898,Standard,Anytime
24899,24899,Standard,Advance
24900,24900,Standard,Advance
24901,24901,Standard,Anytime
24902,24902,Standard,Advance
24903,24903,Standard,Advance
24904,24904,Standard,Anytime
24905,24905,Standard,Anytime
24906,24906,Standard,Anytime
24907,24907,Standard,Anytime
24908,24908,Standard,Anytime
24909,24909,Standard,Advance
24910,24910,Standard,Advance
24911,24911,Standard,Anytime
24912,24912,Standard,Anytime
24913,24913,Standard,Anytime
24914,24914,Standard,Advance
24915,24915,Standard,Anytime
24916,24916,Standard,Advance
24917,24917,Standard,Advance
24918,24918,Standard,Anytime
24919,24919,Standard,Advance
24920,24920,Standard,Anytime
24921,24921,Standard,Anytime
24922,24922,Standard,Anytime
24923,24923,Standard,Anytime
24924,24924,Standard,Advance
24925,24925,Standard,Advance
24926,24926,Standard,Advance
24927,24927,Standard,Advance
24928,24928,Standard,Advance
24929,24929,Standard,Advance
24930,24930,Standard,Advance
24931,24931,Standard,Advance
24932,24932,Standard,Advance
24933,24933,Standard,Off-Peak
24934,24934,Standard,Advance
24935,24935,Standard,Advance
24936,24936,Standard,Advance
24937,24937,Standard,Anytime
24938,24938,Standard,Advance
24939,24939,Standard,Anytime
24940,24940,Standard,Off-Peak
24941,24941,Standard,Anytime
24942,24942,Standard,Anytime
24943,24943,Standard,Off-Peak
24944,24944,Standard,Off-Peak
24945,24945,Standard,Advance
24946,24946,Standard,Advance
24947,24947,Standard,Off-Peak
24948,24948,Standard,Advance
24949,24949,Standard,Advance
24950,24950,Standard,Advance
24951,24951,Standard,Advance
24952,24952,Standard,Advance
24953,24953,Standard,Advance
24954,24954,Standard,Off-Peak
24955,24955,Standard,Off-Peak
24956,24956,Standard,Advance
24957,24957,Standard,Advance
24958,24958,Standard,Advance
24959,24959,Standard,Advance
24960,24960,Standard,Advance
24961,24961,Standard,Advance
24962,24962,Standard,Advance
24963,24963,Standard,Advance
24964,24964,Standard,Advance
24965,24965,Standard,Advance
24966,24966,Standard,Advance
24967,24967,Standard,Advance
24968,24968,Standard,Advance
24969,24969,Standard,Advance
24970,24970,Standard,Advance
24971,24971,Standard,Advance
24972,24972,Standard,Advance
24973,24973,Standard,Advance
24974,24974,Standard,Advance
24975,24975,Standard,Advance
24976,24976,Standard,Advance
24977,24977,Standard,Off-Peak
24978,24978,Standard,Advance
24979,24979,Standard,Advance
24980,24980,Standard,Advance
24981,24981,Standard,Advance
24982,24982,Standard,Advance
24983,24983,Standard,Advance
24984,24984,Standard,Advance
24985,24985,Standard,Advance
24986,24986,Standard,Advance
24987,24987,Standard,Advance
24988,24988,Standard,Advance
24989,24989,Standard,Advance
24990,24990,Standard,Advance
24991,24991,Standard,Off-Peak
24992,24992,Standard,Off-Peak
24993,24993,Standard,Advance
24994,24994,Standard,Off-Peak
24995,24995,Standard,Off-Peak
24996,24996,Standard,Off-Peak
24997,24997,Standard,Off-Peak
24998,24998,Standard,Off-Peak
24999,24999,Standard,Advance
25000,25000,Standard,Advance
25001,25001,Standard,Off-Peak
25002,25002,Standard,Off-Peak
25003,25003,Standard,Off-Peak
25004,25004,Standard,Advance
25005,25005,Standard,Advance
25006,25006,Standard,Advance
25007,25007,Standard,Off-Peak
25008,25008,Standard,Advance
25009,25009,Standard,Advance
25010,25010,Standard,Advance
25011,25011,Standard,Off-Peak
25012,25012,Standard,Off-Peak
25013,25013,Standard,Off-Peak
25014,25014,Standard,Off-Peak
25015,25015,Standard,Off-Peak
25016,25016,Standard,Advance
25017,25017,Standard,Advance
25018,25018,Standard,Advance
25019,25019,Standard,Advance
25020,25020,Standard,Advance
25021,25021,Standard,Advance
25022,25022,Standard,Advance
25023,25023,Standard,Advance
25024,25024,Standard,Advance
25025,25025,Standard,Advance
25026,25026,Standard,Advance
25027,25027,Standard,Off-Peak
25028,25028,Standard,Advance
25029,25029,Standard,Advance
25030,25030,Standard,Off-Peak
25031,25031,Standard,Off-Peak
25032,25032,Standard,Off-Peak
25033,25033,Standard,Off-Peak
25034,25034,Standard,Off-Peak
25035,25035,Standard,Off-Peak
25036,25036,Standard,Off-Peak
25037,25037,Standard,Off-Peak
25038,25038,Standard,Off-Peak
25039,25039,Standard,Off-Peak
25040,25040,Standard,Off-Peak
25041,25041,Standard,Advance
25042,25042,Standard,Off-Peak
25043,25043,Standard,Advance
25044,25044,Standard,Advance
25045,25045,Standard,Off-Peak
25046,25046,Standard,Off-Peak
25047,25047,Standard,Off-Peak
25048,25048,Standard,Off-Peak
25049,25049,Standard,Advance
25050,25050,Standard,Off-Peak
25051,25051,Standard,Off-Peak
25052,25052,Standard,Off-Peak
25053,25053,Standard,Off-Peak
25054,25054,Standard,Off-Peak
25055,25055,Standard,Off-Peak
25056,25056,Standard,Off-Peak
25057,25057,Standard,Advance
25058,25058,Standard,Off-Peak
25059,25059,Standard,Off-Peak
25060,25060,Standard,Off-Peak
25061,25061,Standard,Off-Peak
25062,25062,Standard,Off-Peak
25063,25063,Standard,Off-Peak
25064,25064,Standard,Off-Peak
25065,25065,Standard,Off-Peak
25066,25066,Standard,Off-Peak
25067,25067,Standard,Off-Peak
25068,25068,Standard,Off-Peak
25069,25069,Standard,Off-Peak
25070,25070,Standard,Off-Peak
25071,25071,Standard,Advance
25072,25072,Standard,Advance
25073,25073,Standard,Advance
25074,25074,Standard,Off-Peak
25075,25075,Standard,Advance
25076,25076,Standard,Advance
25077,25077,Standard,Off-Peak
25078,25078,Standard,Advance
25079,25079,Standard,Advance
25080,25080,Standard,Off-Peak
25081,25081,Standard,Advance
25082,25082,Standard,Advance
25083,25083,Standard,Advance
25084,25084,Standard,Advance
25085,25085,Standard,Advance
25086,25086,Standard,Advance
25087,25087,Standard,Advance
25088,25088,Standard,Advance
25089,25089,Standard,Advance
25090,25090,Standard,Advance
25091,25091,Standard,Advance
25092,25092,Standard,Advance
25093,25093,Standard,Off-Peak
25094,25094,Standard,Advance
25095,25095,Standard,Advance
25096,25096,Standard,Advance
25097,25097,Standard,Advance
25098,25098,Standard,Advance
25099,25099,Standard,Advance
25100,25100,Standard,Off-Peak
25101,25101,Standard,Off-Peak
25102,25102,Standard,Off-Peak
25103,25103,Standard,Advance
25104,25104,Standard,Off-Peak
25105,25105,Standard,Advance
25106,25106,Standard,Advance
25107,25107,Standard,Advance
25108,25108,Standard,Advance
25109,25109,Standard,Off-Peak
25110,25110,Standard,Advance
25111,25111,Standard,Off-Peak
25112,25112,Standard,Advance
25113,25113,Standard,Advance
25114,25114,Standard,Off-Peak
25115,25115,Standard,Advance
25116,25116,Standard,Off-Peak
25117,25117,Standard,Off-Peak
25118,25118,Standard,Off-Peak
25119,25119,Standard,Off-Peak
25120,25120,Standard,Off-Peak
25121,25121,Standard,Off-Peak
25122,25122,Standard,Off-Peak
25123,25123,Standard,Off-Peak
25124,25124,Standard,Off-Peak
25125,25125,Standard,Off-Peak
25126,25126,Standard,Off-Peak
25127,25127,Standard,Advance
25128,25128,Standard,Off-Peak
25129,25129,Standard,Off-Peak
25130,25130,Standard,Off-Peak
25131,25131,Standard,Off-Peak
25132,25132,Standard,Advance
25133,25133,Standard,Off-Peak
25134,25134,Standard,Advance
25135,25135,Standard,Off-Peak
25136,25136,Standard,Advance
25137,25137,Standard,Off-Peak
25138,25138,Standard,Off-Peak
25139,25139,Standard,Off-Peak
25140,25140,Standard,Off-Peak
25141,25141,Standard,Off-Peak
25142,25142,Standard,Off-Peak
25143,25143,Standard,Off-Peak
25144,25144,Standard,Advance
25145,25145,Standard,Off-Peak
25146,25146,Standard,Advance
25147,25147,Standard,Off-Peak
25148,25148,Standard,Off-Peak
25149,25149,Standard,Advance
25150,25150,Standard,Off-Peak
25151,25151,Standard,Off-Peak
25152,25152,Standard,Off-Peak
25153,25153,Standard,Off-Peak
25154,25154,Standard,Off-Peak
25155,25155,Standard,Off-Peak
25156,25156,Standard,Advance
25157,25157,Standard,Off-Peak
25158,25158,Standard,Off-Peak
25159,25159,Standard,Advance
25160,25160,Standard,Off-Peak
25161,25161,Standard,Advance
25162,25162,Standard,Advance
25163,25163,Standard,Off-Peak
25164,25164,Standard,Advance
25165,25165,Standard,Off-Peak
25166,25166,Standard,Off-Peak
25167,25167,Standard,Off-Peak
25168,25168,Standard,Off-Peak
25169,25169,Standard,Off-Peak
25170,25170,Standard,Advance
25171,25171,Standard,Off-Peak
25172,25172,Standard,Advance
25173,25173,Standard,Off-Peak
25174,25174,Standard,Off-Peak
25175,25175,Standard,Off-Peak
25176,25176,Standard,Advance
25177,25177,Standard,Off-Peak
25178,25178,Standard,Off-Peak
25179,25179,Standard,Off-Peak
25180,25180,Standard,Off-Peak
25181,25181,Standard,Off-Peak
25182,25182,Standard,Off-Peak
25183,25183,Standard,Off-Peak
25184,25184,Standard,Off-Peak
25185,25185,Standard,Off-Peak
25186,25186,Standard,Advance
25187,25187,Standard,Off-Peak
25188,25188,Standard,Advance
25189,25189,Standard,Off-Peak
25190,25190,Standard,Off-Peak
25191,25191,Standard,Off-Peak
25192,25192,Standard,Off-Peak
25193,25193,Standard,Off-Peak
25194,25194,Standard,Off-Peak
25195,25195,Standard,Advance
25196,25196,Standard,Off-Peak
25197,25197,Standard,Off-Peak
25198,25198,Standard,Off-Peak
25199,25199,Standard,Advance
25200,25200,Standard,Advance
25201,25201,Standard,Advance
25202,25202,Standard,Advance
25203,25203,Standard,Advance
25204,25204,Standard,Advance
25205,25205,Standard,Advance
25206,25206,Standard,Off-Peak
25207,25207,Standard,Advance
25208,25208,Standard,Advance
25209,25209,Standard,Advance
25210,25210,Standard,Advance
25211,25211,Standard,Advance
25212,25212,Standard,Off-Peak
25213,25213,Standard,Advance
25214,25214,Standard,Advance
25215,25215,Standard,Off-Peak
25216,25216,Standard,Off-Peak
25217,25217,Standard,Advance
25218,25218,Standard,Off-Peak
25219,25219,Standard,Advance
25220,25220,Standard,Advance
25221,25221,Standard,Off-Peak
25222,25222,Standard,Off-Peak
25223,25223,Standard,Off-Peak
25224,25224,Standard,Advance
25225,25225,Standard,Off-Peak
25226,25226,Standard,Off-Peak
25227,25227,Standard,Off-Peak
25228,25228,Standard,Advance
25229,25229,Standard,Advance
25230,25230,Standard,Advance
25231,25231,Standard,Advance
25232,25232,Standard,Advance
25233,25233,Standard,Advance
25234,25234,Standard,Advance
25235,25235,Standard,Advance
25236,25236,Standard,Advance
25237,25237,Standard,Advance
25238,25238,Standard,Advance
25239,25239,Standard,Advance
25240,25240,Standard,Advance
25241,25241,Standard,Advance
25242,25242,Standard,Advance
25243,25243,Standard,Advance
25244,25244,Standard,Advance
25245,25245,Standard,Advance
25246,25246,Standard,Off-Peak
25247,25247,Standard,Off-Peak
25248,25248,Standard,Advance
25249,25249,Standard,Off-Peak
25250,25250,Standard,Off-Peak
25251,25251,Standard,Advance
25252,25252,Standard,Advance
25253,25253,Standard,Advance
25254,25254,Standard,Advance
25255,25255,Standard,Advance
25256,25256,Standard,Advance
25257,25257,Standard,Advance
25258,25258,Standard,Advance
25259,25259,Standard,Advance
25260,25260,Standard,Advance
25261,25261,Standard,Advance
25262,25262,Standard,Advance
25263,25263,Standard,Advance
25264,25264,Standard,Off-Peak
25265,25265,Standard,Off-Peak
25266,25266,Standard,Advance
25267,25267,Standard,Off-Peak
25268,25268,Standard,Off-Peak
25269,25269,Standard,Off-Peak
25270,25270,Standard,Advance
25271,25271,Standard,Advance
25272,25272,Standard,Off-Peak
25273,25273,Standard,Advance
25274,25274,Standard,Advance
25275,25275,Standard,Off-Peak
25276,25276,Standard,Off-Peak
25277,25277,Standard,Advance
25278,25278,Standard,Advance
25279,25279,Standard,Advance
25280,25280,Standard,Advance
25281,25281,Standard,Advance
25282,25282,Standard,Off-Peak
25283,25283,Standard,Off-Peak
25284,25284,Standard,Advance
25285,25285,Standard,Off-Peak
25286,25286,Standard,Advance
25287,25287,Standard,Off-Peak
25288,25288,Standard,Off-Peak
25289,25289,Standard,Advance
25290,25290,Standard,Advance
25291,25291,Standard,Advance
25292,25292,Standard,Advance
25293,25293,Standard,Advance
25294,25294,Standard,Advance
25295,25295,Standard,Advance
25296,25296,Standard,Advance
25297,25297,Standard,Off-Peak
25298,25298,Standard,Advance
25299,25299,Standard,Off-Peak
25300,25300,Standard,Off-Peak
25301,25301,Standard,Off-Peak
25302,25302,Standard,Off-Peak
25303,25303,Standard,Off-Peak
25304,25304,Standard,Off-Peak
25305,25305,Standard,Advance
25306,25306,Standard,Off-Peak
25307,25307,Standard,Off-Peak
25308,25308,Standard,Off-Peak
25309,25309,Standard,Off-Peak
25310,25310,Standard,Off-Peak
25311,25311,Standard,Advance
25312,25312,Standard,Off-Peak
25313,25313,Standard,Off-Peak
25314,25314,Standard,Off-Peak
25315,25315,Standard,Off-Peak
25316,25316,Standard,Off-Peak
25317,25317,Standard,Off-Peak
25318,25318,Standard,Off-Peak
25319,25319,Standard,Off-Peak
25320,25320,Standard,Off-Peak
25321,25321,Standard,Advance
25322,25322,Standard,Off-Peak
25323,25323,Standard,Off-Peak
25324,25324,Standard,Off-Peak
25325,25325,Standard,Off-Peak
25326,25326,Standard,Off-Peak
25327,25327,Standard,Advance
25328,25328,Standard,Off-Peak
25329,25329,Standard,Off-Peak
25330,25330,Standard,Off-Peak
25331,25331,Standard,Advance
25332,25332,Standard,Advance
25333,25333,Standard,Off-Peak
25334,25334,Standard,Advance
25335,25335,Standard,Off-Peak
25336,25336,Standard,Off-Peak
25337,25337,Standard,Off-Peak
25338,25338,Standard,Advance
25339,25339,Standard,Off-Peak
25340,25340,Standard,Off-Peak
25341,25341,Standard,Off-Peak
25342,25342,Standard,Off-Peak
25343,25343,Standard,Off-Peak
25344,25344,Standard,Off-Peak
25345,25345,Standard,Advance
25346,25346,Standard,Advance
25347,25347,Standard,Advance
25348,25348,Standard,Advance
25349,25349,Standard,Advance
25350,25350,Standard,Off-Peak
25351,25351,Standard,Advance
25352,25352,Standard,Advance
25353,25353,Standard,Advance
25354,25354,Standard,Advance
25355,25355,Standard,Advance
25356,25356,Standard,Advance
25357,25357,Standard,Advance
25358,25358,Standard,Advance
25359,25359,Standard,Advance
25360,25360,Standard,Advance
25361,25361,Standard,Advance
25362,25362,Standard,Advance
25363,25363,Standard,Advance
25364,25364,Standard,Advance
25365,25365,Standard,Advance
25366,25366,Standard,Advance
25367,25367,Standard,Advance
25368,25368,Standard,Advance
25369,25369,Standard,Advance
25370,25370,Standard,Advance
25371,25371,Standard,Advance
25372,25372,Standard,Advance
25373,25373,Standard,Advance
25374,25374,Standard,Advance
25375,25375,Standard,Advance
25376,25376,Standard,Off-Peak
25377,25377,Standard,Advance
25378,25378,Standard,Advance
25379,25379,Standard,Off-Peak
25380,25380,Standard,Off-Peak
25381,25381,Standard,Advance
25382,25382,Standard,Advance
25383,25383,Standard,Advance
25384,25384,Standard,Advance
25385,25385,Standard,Advance
25386,25386,Standard,Advance
25387,25387,Standard,Advance
25388,25388,Standard,Advance
25389,25389,Standard,Advance
25390,25390,Standard,Off-Peak
25391,25391,Standard,Advance
25392,25392,Standard,Advance
25393,25393,Standard,Off-Peak
25394,25394,Standard,Advance
25395,25395,Standard,Advance
25396,25396,Standard,Advance
25397,25397,Standard,Off-Peak
25398,25398,Standard,Off-Peak
25399,25399,Standard,Advance
25400,25400,Standard,Advance
25401,25401,Standard,Advance
25402,25402,Standard,Off-Peak
25403,25403,Standard,Off-Peak
25404,25404,Standard,Off-Peak
25405,25405,Standard,Off-Peak
25406,25406,Standard,Off-Peak
25407,25407,Standard,Off-Peak
25408,25408,Standard,Advance
25409,25409,Standard,Advance
25410,25410,Standard,Off-Peak
25411,25411,Standard,Advance
25412,25412,Standard,Off-Peak
25413,25413,Standard,Advance
25414,25414,Standard,Off-Peak
25415,25415,Standard,Off-Peak
25416,25416,Standard,Advance
25417,25417,Standard,Off-Peak
25418,25418,Standard,Advance
25419,25419,Standard,Off-Peak
25420,25420,Standard,Off-Peak
25421,25421,Standard,Off-Peak
25422,25422,Standard,Off-Peak
25423,25423,Standard,Off-Peak
25424,25424,Standard,Off-Peak
25425,25425,Standard,Advance
25426,25426,Standard,Advance
25427,25427,Standard,Off-Peak
25428,25428,Standard,Off-Peak
25429,25429,Standard,Off-Peak
25430,25430,Standard,Off-Peak
25431,25431,Standard,Advance
25432,25432,Standard,Off-Peak
25433,25433,Standard,Off-Peak
25434,25434,Standard,Off-Peak
25435,25435,Standard,Off-Peak
25436,25436,Standard,Off-Peak
25437,25437,Standard,Off-Peak
25438,25438,Standard,Advance
25439,25439,Standard,Advance
25440,25440,Standard,Advance
25441,25441,Standard,Off-Peak
25442,25442,Standard,Advance
25443,25443,Standard,Off-Peak
25444,25444,Standard,Off-Peak
25445,25445,Standard,Off-Peak
25446,25446,Standard,Advance
25447,25447,Standard,Off-Peak
25448,25448,Standard,Advance
25449,25449,Standard,Advance
25450,25450,Standard,Off-Peak
25451,25451,Standard,Off-Peak
25452,25452,Standard,Off-Peak
25453,25453,Standard,Off-Peak
25454,25454,Standard,Off-Peak
25455,25455,Standard,Advance
25456,25456,Standard,Off-Peak
25457,25457,Standard,Advance
25458,25458,Standard,Off-Peak
25459,25459,Standard,Off-Peak
25460,25460,Standard,Off-Peak
25461,25461,Standard,Off-Peak
25462,25462,Standard,Off-Peak
25463,25463,Standard,Off-Peak
25464,25464,Standard,Advance
25465,25465,Standard,Advance
25466,25466,Standard,Advance
25467,25467,Standard,Off-Peak
25468,25468,Standard,Advance
25469,25469,Standard,Advance
25470,25470,Standard,Advance
25471,25471,Standard,Advance
25472,25472,Standard,Advance
25473,25473,Standard,Advance
25474,25474,Standard,Advance
25475,25475,Standard,Advance
25476,25476,Standard,Off-Peak
25477,25477,Standard,Advance
25478,25478,Standard,Advance
25479,25479,Standard,Advance
25480,25480,Standard,Advance
25481,25481,Standard,Off-Peak
25482,25482,Standard,Off-Peak
25483,25483,Standard,Off-Peak
25484,25484,Standard,Off-Peak
25485,25485,Standard,Advance
25486,25486,Standard,Advance
25487,25487,Standard,Advance
25488,25488,Standard,Advance
25489,25489,Standard,Advance
25490,25490,Standard,Advance
25491,25491,Standard,Advance
25492,25492,Standard,Off-Peak
25493,25493,Standard,Advance
25494,25494,Standard,Advance
25495,25495,Standard,Advance
25496,25496,Standard,Advance
25497,25497,Standard,Advance
25498,25498,Standard,Advance
25499,25499,Standard,Off-Peak
25500,25500,Standard,Advance
25501,25501,Standard,Advance
25502,25502,Standard,Advance
25503,25503,Standard,Advance
25504,25504,Standard,Off-Peak
25505,25505,Standard,Advance
25506,25506,Standard,Off-Peak
25507,25507,Standard,Off-Peak
25508,25508,Standard,Advance
25509,25509,Standard,Advance
25510,25510,Standard,Advance
25511,25511,Standard,Advance
25512,25512,Standard,Advance
25513,25513,Standard,Advance
25514,25514,Standard,Advance
25515,25515,Standard,Advance
25516,25516,Standard,Advance
25517,25517,Standard,Advance
25518,25518,Standard,Advance
25519,25519,Standard,Advance
25520,25520,Standard,Advance
25521,25521,Standard,Advance
25522,25522,Standard,Advance
25523,25523,Standard,Off-Peak
25524,25524,Standard,Off-Peak
25525,25525,Standard,Off-Peak
25526,25526,Standard,Off-Peak
25527,25527,Standard,Off-Peak
25528,25528,Standard,Off-Peak
25529,25529,Standard,Off-Peak
25530,25530,Standard,Off-Peak
25531,25531,Standard,Off-Peak
25532,25532,Standard,Off-Peak
25533,25533,Standard,Off-Peak
25534,25534,Standard,Advance
25535,25535,Standard,Off-Peak
25536,25536,Standard,Off-Peak
25537,25537,Standard,Advance
25538,25538,Standard,Advance
25539,25539,Standard,Advance
25540,25540,Standard,Off-Peak
25541,25541,Standard,Advance
25542,25542,Standard,Advance
25543,25543,Standard,Advance
25544,25544,Standard,Advance
25545,25545,Standard,Advance
25546,25546,Standard,Advance
25547,25547,Standard,Advance
25548,25548,Standard,Off-Peak
25549,25549,Standard,Off-Peak
25550,25550,Standard,Off-Peak
25551,25551,Standard,Advance
25552,25552,Standard,Off-Peak
25553,25553,Standard,Advance
25554,25554,Standard,Advance
25555,25555,Standard,Advance
25556,25556,Standard,Off-Peak
25557,25557,Standard,Advance
25558,25558,Standard,Advance
25559,25559,Standard,Advance
25560,25560,Standard,Advance
25561,25561,Standard,Advance
25562,25562,Standard,Advance
25563,25563,Standard,Off-Peak
25564,25564,Standard,Advance
25565,25565,Standard,Off-Peak
25566,25566,Standard,Advance
25567,25567,Standard,Anytime
25568,25568,Standard,Anytime
25569,25569,Standard,Anytime
25570,25570,Standard,Anytime
25571,25571,Standard,Anytime
25572,25572,Standard,Anytime
25573,25573,Standard,Anytime
25574,25574,Standard,Anytime
25575,25575,Standard,Anytime
25576,25576,Standard,Anytime
25577,25577,Standard,Advance
25578,25578,Standard,Advance
25579,25579,Standard,Anytime
25580,25580,Standard,Anytime
25581,25581,Standard,Anytime
25582,25582,Standard,Advance
25583,25583,Standard,Anytime
25584,25584,Standard,Anytime
25585,25585,Standard,Anytime
25586,25586,Standard,Anytime
25587,25587,Standard,Anytime
25588,25588,Standard,Advance
25589,25589,Standard,Anytime
25590,25590,Standard,Anytime
25591,25591,Standard,Advance
25592,25592,Standard,Advance
25593,25593,Standard,Anytime
25594,25594,Standard,Anytime
25595,25595,Standard,Anytime
25596,25596,Standard,Anytime
25597,25597,Standard,Anytime
25598,25598,Standard,Anytime
25599,25599,Standard,Anytime
25600,25600,Standard,Advance
25601,25601,Standard,Advance
25602,25602,Standard,Anytime
25603,25603,Standard,Advance
25604,25604,Standard,Advance
25605,25605,Standard,Anytime
25606,25606,Standard,Anytime
25607,25607,Standard,Anytime
25608,25608,Standard,Anytime
25609,25609,Standard,Anytime
25610,25610,Standard,Advance
25611,25611,Standard,Advance
25612,25612,Standard,Advance
25613,25613,Standard,Anytime
25614,25614,Standard,Off-Peak
25615,25615,Standard,Off-Peak
25616,25616,Standard,Anytime
25617,25617,Standard,Advance
25618,25618,Standard,Advance
25619,25619,Standard,Off-Peak
25620,25620,Standard,Advance
25621,25621,Standard,Advance
25622,25622,Standard,Advance
25623,25623,Standard,Advance
25624,25624,Standard,Advance
25625,25625,Standard,Advance
25626,25626,Standard,Off-Peak
25627,25627,Standard,Off-Peak
25628,25628,Standard,Advance
25629,25629,Standard,Advance
25630,25630,Standard,Advance
25631,25631,Standard,Advance
25632,25632,Standard,Advance
25633,25633,Standard,Advance
25634,25634,Standard,Advance
25635,25635,Standard,Advance
25636,25636,Standard,Advance
25637,25637,Standard,Advance
25638,25638,Standard,Advance
25639,25639,Standard,Advance
25640,25640,Standard,Off-Peak
25641,25641,Standard,Advance
25642,25642,Standard,Off-Peak
25643,25643,Standard,Advance
25644,25644,Standard,Advance
25645,25645,Standard,Off-Peak
25646,25646,Standard,Advance
25647,25647,Standard,Advance
25648,25648,Standard,Off-Peak
25649,25649,Standard,Advance
25650,25650,Standard,Advance
25651,25651,Standard,Advance
25652,25652,Standard,Off-Peak
25653,25653,Standard,Advance
25654,25654,Standard,Advance
25655,25655,Standard,Off-Peak
25656,25656,Standard,Advance
25657,25657,Standard,Advance
25658,25658,Standard,Advance
25659,25659,Standard,Advance
25660,25660,Standard,Advance
25661,25661,Standard,Advance
25662,25662,Standard,Advance
25663,25663,Standard,Off-Peak
25664,25664,Standard,Off-Peak
25665,25665,Standard,Advance
25666,25666,Standard,Advance
25667,25667,Standard,Off-Peak
25668,25668,Standard,Off-Peak
25669,25669,Standard,Advance
25670,25670,Standard,Advance
25671,25671,Standard,Off-Peak
25672,25672,Standard,Advance
25673,25673,Standard,Advance
25674,25674,Standard,Advance
25675,25675,Standard,Off-Peak
25676,25676,Standard,Off-Peak
25677,25677,Standard,Advance
25678,25678,Standard,Off-Peak
25679,25679,Standard,Advance
25680,25680,Standard,Off-Peak
25681,25681,Standard,Advance
25682,25682,Standard,Off-Peak
25683,25683,Standard,Off-Peak
25684,25684,Standard,Advance
25685,25685,Standard,Advance
25686,25686,Standard,Off-Peak
25687,25687,Standard,Off-Peak
25688,25688,Standard,Off-Peak
25689,25689,Standard,Off-Peak
25690,25690,Standard,Off-Peak
25691,25691,Standard,Off-Peak
25692,25692,Standard,Advance
25693,25693,Standard,Off-Peak
25694,25694,Standard,Advance
25695,25695,Standard,Off-Peak
25696,25696,Standard,Advance
25697,25697,Standard,Off-Peak
25698,25698,Standard,Off-Peak
25699,25699,Standard,Advance
25700,25700,Standard,Off-Peak
25701,25701,Standard,Off-Peak
25702,25702,Standard,Off-Peak
25703,25703,Standard,Anytime
25704,25704,Standard,Anytime
25705,25705,Standard,Anytime
25706,25706,Standard,Anytime
25707,25707,Standard,Anytime
25708,25708,Standard,Anytime
25709,25709,Standard,Anytime
25710,25710,Standard,Anytime
25711,25711,Standard,Anytime
25712,25712,Standard,Off-Peak
25713,25713,Standard,Off-Peak
25714,25714,Standard,Advance
25715,25715,Standard,Anytime
25716,25716,Standard,Advance
25717,25717,Standard,Advance
25718,25718,Standard,Advance
25719,25719,Standard,Anytime
25720,25720,Standard,Advance
25721,25721,Standard,Anytime
25722,25722,Standard,Anytime
25723,25723,Standard,Advance
25724,25724,Standard,Advance
25725,25725,Standard,Anytime
25726,25726,Standard,Advance
25727,25727,Standard,Anytime
25728,25728,Standard,Anytime
25729,25729,Standard,Anytime
25730,25730,Standard,Advance
25731,25731,Standard,Anytime
25732,25732,Standard,Anytime
25733,25733,Standard,Anytime
25734,25734,Standard,Advance
25735,25735,Standard,Anytime
25736,25736,Standard,Anytime
25737,25737,Standard,Anytime
25738,25738,Standard,Anytime
25739,25739,Standard,Advance
25740,25740,Standard,Anytime
25741,25741,Standard,Advance
25742,25742,Standard,Anytime
25743,25743,Standard,Advance
25744,25744,Standard,Anytime
25745,25745,Standard,Advance
25746,25746,Standard,Anytime
25747,25747,Standard,Anytime
25748,25748,Standard,Anytime
25749,25749,Standard,Anytime
25750,25750,Standard,Anytime
25751,25751,Standard,Anytime
25752,25752,Standard,Advance
25753,25753,Standard,Advance
25754,25754,Standard,Advance
25755,25755,Standard,Advance
25756,25756,Standard,Advance
25757,25757,Standard,Advance
25758,25758,Standard,Advance
25759,25759,Standard,Advance
25760,25760,Standard,Advance
25761,25761,Standard,Advance
25762,25762,Standard,Advance
25763,25763,Standard,Advance
25764,25764,Standard,Off-Peak
25765,25765,Standard,Anytime
25766,25766,Standard,Off-Peak
25767,25767,Standard,Off-Peak
25768,25768,Standard,Off-Peak
25769,25769,Standard,Off-Peak
25770,25770,Standard,Advance
25771,25771,Standard,Advance
25772,25772,Standard,Off-Peak
25773,25773,Standard,Off-Peak
25774,25774,Standard,Advance
25775,25775,Standard,Advance
25776,25776,Standard,Advance
25777,25777,Standard,Advance
25778,25778,Standard,Advance
25779,25779,Standard,Off-Peak
25780,25780,Standard,Advance
25781,25781,Standard,Advance
25782,25782,Standard,Advance
25783,25783,Standard,Advance
25784,25784,Standard,Advance
25785,25785,Standard,Advance
25786,25786,Standard,Advance
25787,25787,Standard,Off-Peak
25788,25788,Standard,Advance
25789,25789,Standard,Off-Peak
25790,25790,Standard,Off-Peak
25791,25791,Standard,Advance
25792,25792,Standard,Advance
25793,25793,Standard,Advance
25794,25794,Standard,Advance
25795,25795,Standard,Advance
25796,25796,Standard,Advance
25797,25797,Standard,Advance
25798,25798,Standard,Advance
25799,25799,Standard,Advance
25800,25800,Standard,Advance
25801,25801,Standard,Advance
25802,25802,Standard,Advance
25803,25803,Standard,Advance
25804,25804,Standard,Advance
25805,25805,Standard,Advance
25806,25806,Standard,Advance
25807,25807,Standard,Advance
25808,25808,Standard,Advance
25809,25809,Standard,Advance
25810,25810,Standard,Advance
25811,25811,Standard,Advance
25812,25812,Standard,Advance
25813,25813,Standard,Advance
25814,25814,Standard,Advance
25815,25815,Standard,Advance
25816,25816,Standard,Advance
25817,25817,Standard,Advance
25818,25818,Standard,Advance
25819,25819,Standard,Advance
25820,25820,Standard,Advance
25821,25821,Standard,Advance
25822,25822,Standard,Advance
25823,25823,Standard,Off-Peak
25824,25824,Standard,Off-Peak
25825,25825,Standard,Off-Peak
25826,25826,Standard,Advance
25827,25827,Standard,Off-Peak
25828,25828,Standard,Off-Peak
25829,25829,Standard,Off-Peak
25830,25830,Standard,Off-Peak
25831,25831,Standard,Off-Peak
25832,25832,Standard,Off-Peak
25833,25833,Standard,Off-Peak
25834,25834,Standard,Advance
25835,25835,Standard,Advance
25836,25836,Standard,Advance
25837,25837,Standard,Advance
25838,25838,Standard,Off-Peak
25839,25839,Standard,Off-Peak
25840,25840,Standard,Advance
25841,25841,Standard,Off-Peak
25842,25842,Standard,Advance
25843,25843,Standard,Off-Peak
25844,25844,Standard,Off-Peak
25845,25845,Standard,Off-Peak
25846,25846,Standard,Advance
25847,25847,Standard,Advance
25848,25848,Standard,Advance
25849,25849,Standard,Advance
25850,25850,Standard,Advance
25851,25851,Standard,Off-Peak
25852,25852,Standard,Off-Peak
25853,25853,Standard,Off-Peak
25854,25854,Standard,Off-Peak
25855,25855,Standard,Off-Peak
25856,25856,Standard,Advance
25857,25857,Standard,Anytime
25858,25858,Standard,Anytime
25859,25859,Standard,Anytime
25860,25860,Standard,Anytime
25861,25861,Standard,Anytime
25862,25862,Standard,Anytime
25863,25863,Standard,Anytime
25864,25864,Standard,Anytime
25865,25865,Standard,Anytime
25866,25866,Standard,Anytime
25867,25867,Standard,Anytime
25868,25868,Standard,Anytime
25869,25869,Standard,Anytime
25870,25870,Standard,Anytime
25871,25871,Standard,Anytime
25872,25872,Standard,Anytime
25873,25873,Standard,Anytime
25874,25874,Standard,Anytime
25875,25875,Standard,Advance
25876,25876,Standard,Off-Peak
25877,25877,Standard,Anytime
25878,25878,Standard,Advance
25879,25879,Standard,Advance
25880,25880,Standard,Anytime
25881,25881,Standard,Anytime
25882,25882,Standard,Advance
25883,25883,Standard,Anytime
25884,25884,Standard,Advance
25885,25885,Standard,Anytime
25886,25886,Standard,Anytime
25887,25887,Standard,Anytime
25888,25888,Standard,Anytime
25889,25889,Standard,Anytime
25890,25890,Standard,Anytime
25891,25891,Standard,Anytime
25892,25892,Standard,Anytime
25893,25893,Standard,Anytime
25894,25894,Standard,Advance
25895,25895,Standard,Anytime
25896,25896,Standard,Anytime
25897,25897,Standard,Anytime
25898,25898,Standard,Anytime
25899,25899,Standard,Off-Peak
25900,25900,Standard,Anytime
25901,25901,Standard,Advance
25902,25902,Standard,Advance
25903,25903,Standard,Off-Peak
25904,25904,Standard,Off-Peak
25905,25905,Standard,Advance
25906,25906,Standard,Advance
25907,25907,Standard,Advance
25908,25908,Standard,Advance
25909,25909,Standard,Advance
25910,25910,Standard,Advance
25911,25911,Standard,Advance
25912,25912,Standard,Advance
25913,25913,Standard,Off-Peak
25914,25914,Standard,Advance
25915,25915,Standard,Advance
25916,25916,Standard,Advance
25917,25917,Standard,Advance
25918,25918,Standard,Off-Peak
25919,25919,Standard,Off-Peak
25920,25920,Standard,Advance
25921,25921,Standard,Advance
25922,25922,Standard,Off-Peak
25923,25923,Standard,Advance
25924,25924,Standard,Advance
25925,25925,Standard,Advance
25926,25926,Standard,Advance
25927,25927,Standard,Off-Peak
25928,25928,Standard,Advance
25929,25929,Standard,Off-Peak
25930,25930,Standard,Off-Peak
25931,25931,Standard,Off-Peak
25932,25932,Standard,Off-Peak
25933,25933,Standard,Advance
25934,25934,Standard,Advance
25935,25935,Standard,Off-Peak
25936,25936,Standard,Advance
25937,25937,Standard,Advance
25938,25938,Standard,Off-Peak
25939,25939,Standard,Off-Peak
25940,25940,Standard,Off-Peak
25941,25941,Standard,Off-Peak
25942,25942,Standard,Off-Peak
25943,25943,Standard,Advance
25944,25944,Standard,Off-Peak
25945,25945,Standard,Advance
25946,25946,Standard,Advance
25947,25947,Standard,Advance
25948,25948,Standard,Off-Peak
25949,25949,Standard,Off-Peak
25950,25950,Standard,Advance
25951,25951,Standard,Advance
25952,25952,Standard,Advance
25953,25953,Standard,Advance
25954,25954,Standard,Advance
25955,25955,Standard,Off-Peak
25956,25956,Standard,Off-Peak
25957,25957,Standard,Off-Peak
25958,25958,Standard,Off-Peak
25959,25959,Standard,Advance
25960,25960,Standard,Advance
25961,25961,Standard,Advance
25962,25962,Standard,Off-Peak
25963,25963,Standard,Off-Peak
25964,25964,Standard,Off-Peak
25965,25965,Standard,Off-Peak
25966,25966,Standard,Off-Peak
25967,25967,Standard,Anytime
25968,25968,Standard,Advance
25969,25969,Standard,Anytime
25970,25970,Standard,Anytime
25971,25971,Standard,Advance
25972,25972,Standard,Anytime
25973,25973,Standard,Anytime
25974,25974,Standard,Anytime
25975,25975,Standard,Advance
25976,25976,Standard,Anytime
25977,25977,Standard,Anytime
25978,25978,Standard,Advance
25979,25979,Standard,Anytime
25980,25980,Standard,Anytime
25981,25981,Standard,Anytime
25982,25982,Standard,Advance
25983,25983,Standard,Advance
25984,25984,Standard,Advance
25985,25985,Standard,Advance
25986,25986,Standard,Anytime
25987,25987,Standard,Advance
25988,25988,Standard,Advance
25989,25989,Standard,Off-Peak
25990,25990,Standard,Anytime
25991,25991,Standard,Anytime
25992,25992,Standard,Anytime
25993,25993,Standard,Anytime
25994,25994,Standard,Advance
25995,25995,Standard,Advance
25996,25996,Standard,Advance
25997,25997,Standard,Anytime
25998,25998,Standard,Advance
25999,25999,Standard,Anytime
26000,26000,Standard,Anytime
26001,26001,Standard,Anytime
26002,26002,Standard,Anytime
26003,26003,Standard,Anytime
26004,26004,Standard,Anytime
26005,26005,Standard,Advance
26006,26006,Standard,Anytime
26007,26007,Standard,Anytime
26008,26008,Standard,Advance
26009,26009,Standard,Anytime
26010,26010,Standard,Anytime
26011,26011,Standard,Anytime
26012,26012,Standard,Advance
26013,26013,Standard,Anytime
26014,26014,Standard,Anytime
26015,26015,Standard,Anytime
26016,26016,Standard,Anytime
26017,26017,Standard,Anytime
26018,26018,Standard,Anytime
26019,26019,Standard,Advance
26020,26020,Standard,Anytime
26021,26021,Standard,Advance
26022,26022,Standard,Advance
26023,26023,Standard,Advance
26024,26024,Standard,Anytime
26025,26025,Standard,Anytime
26026,26026,Standard,Advance
26027,26027,Standard,Off-Peak
26028,26028,Standard,Off-Peak
26029,26029,Standard,Off-Peak
26030,26030,Standard,Anytime
26031,26031,Standard,Anytime
26032,26032,Standard,Advance
26033,26033,Standard,Advance
26034,26034,Standard,Advance
26035,26035,Standard,Advance
26036,26036,Standard,Off-Peak
26037,26037,Standard,Advance
26038,26038,Standard,Advance
26039,26039,Standard,Advance
26040,26040,Standard,Advance
26041,26041,Standard,Advance
26042,26042,Standard,Advance
26043,26043,Standard,Advance
26044,26044,Standard,Advance
26045,26045,Standard,Advance
26046,26046,Standard,Advance
26047,26047,Standard,Advance
26048,26048,Standard,Advance
26049,26049,Standard,Advance
26050,26050,Standard,Advance
26051,26051,Standard,Advance
26052,26052,Standard,Advance
26053,26053,Standard,Advance
26054,26054,Standard,Advance
26055,26055,Standard,Advance
26056,26056,Standard,Advance
26057,26057,Standard,Off-Peak
26058,26058,Standard,Advance
26059,26059,Standard,Advance
26060,26060,Standard,Advance
26061,26061,Standard,Advance
26062,26062,Standard,Advance
26063,26063,Standard,Advance
26064,26064,Standard,Advance
26065,26065,Standard,Advance
26066,26066,Standard,Advance
26067,26067,Standard,Advance
26068,26068,Standard,Advance
26069,26069,Standard,Advance
26070,26070,Standard,Advance
26071,26071,Standard,Advance
26072,26072,Standard,Advance
26073,26073,Standard,Advance
26074,26074,Standard,Advance
26075,26075,Standard,Advance
26076,26076,Standard,Off-Peak
26077,26077,Standard,Off-Peak
26078,26078,Standard,Off-Peak
26079,26079,Standard,Off-Peak
26080,26080,Standard,Advance
26081,26081,Standard,Advance
26082,26082,Standard,Advance
26083,26083,Standard,Advance
26084,26084,Standard,Advance
26085,26085,Standard,Advance
26086,26086,Standard,Advance
26087,26087,Standard,Advance
26088,26088,Standard,Advance
26089,26089,Standard,Advance
26090,26090,Standard,Advance
26091,26091,Standard,Advance
26092,26092,Standard,Advance
26093,26093,Standard,Advance
26094,26094,Standard,Advance
26095,26095,Standard,Advance
26096,26096,Standard,Advance
26097,26097,Standard,Off-Peak
26098,26098,Standard,Off-Peak
26099,26099,Standard,Off-Peak
26100,26100,Standard,Off-Peak
26101,26101,Standard,Off-Peak
26102,26102,Standard,Advance
26103,26103,Standard,Off-Peak
26104,26104,Standard,Advance
26105,26105,Standard,Advance
26106,26106,Standard,Advance
26107,26107,Standard,Off-Peak
26108,26108,Standard,Advance
26109,26109,Standard,Advance
26110,26110,Standard,Advance
26111,26111,Standard,Off-Peak
26112,26112,Standard,Off-Peak
26113,26113,Standard,Off-Peak
26114,26114,Standard,Off-Peak
26115,26115,Standard,Advance
26116,26116,Standard,Advance
26117,26117,Standard,Advance
26118,26118,Standard,Advance
26119,26119,Standard,Advance
26120,26120,Standard,Advance
26121,26121,Standard,Off-Peak
26122,26122,Standard,Off-Peak
26123,26123,Standard,Off-Peak
26124,26124,Standard,Advance
26125,26125,Standard,Advance
26126,26126,Standard,Advance
26127,26127,Standard,Anytime
26128,26128,Standard,Anytime
26129,26129,Standard,Anytime
26130,26130,Standard,Anytime
26131,26131,Standard,Anytime
26132,26132,Standard,Anytime
26133,26133,Standard,Advance
26134,26134,Standard,Anytime
26135,26135,Standard,Anytime
26136,26136,Standard,Anytime
26137,26137,Standard,Anytime
26138,26138,Standard,Anytime
26139,26139,Standard,Anytime
26140,26140,Standard,Anytime
26141,26141,Standard,Advance
26142,26142,Standard,Advance
26143,26143,Standard,Anytime
26144,26144,Standard,Anytime
26145,26145,Standard,Anytime
26146,26146,Standard,Advance
26147,26147,Standard,Anytime
26148,26148,Standard,Anytime
26149,26149,Standard,Advance
26150,26150,Standard,Advance
26151,26151,Standard,Anytime
26152,26152,Standard,Anytime
26153,26153,Standard,Anytime
26154,26154,Standard,Anytime
26155,26155,Standard,Anytime
26156,26156,Standard,Anytime
26157,26157,Standard,Anytime
26158,26158,Standard,Anytime
26159,26159,Standard,Anytime
26160,26160,Standard,Anytime
26161,26161,Standard,Advance
26162,26162,Standard,Advance
26163,26163,Standard,Off-Peak
26164,26164,Standard,Advance
26165,26165,Standard,Advance
26166,26166,Standard,Advance
26167,26167,Standard,Advance
26168,26168,Standard,Advance
26169,26169,Standard,Advance
26170,26170,Standard,Advance
26171,26171,Standard,Off-Peak
26172,26172,Standard,Advance
26173,26173,Standard,Advance
26174,26174,Standard,Advance
26175,26175,Standard,Advance
26176,26176,Standard,Advance
26177,26177,Standard,Off-Peak
26178,26178,Standard,Advance
26179,26179,Standard,Advance
26180,26180,Standard,Off-Peak
26181,26181,Standard,Off-Peak
26182,26182,Standard,Advance
26183,26183,Standard,Advance
26184,26184,Standard,Advance
26185,26185,Standard,Advance
26186,26186,Standard,Advance
26187,26187,Standard,Advance
26188,26188,Standard,Off-Peak
26189,26189,Standard,Off-Peak
26190,26190,Standard,Off-Peak
26191,26191,Standard,Off-Peak
26192,26192,Standard,Off-Peak
26193,26193,Standard,Advance
26194,26194,Standard,Off-Peak
26195,26195,Standard,Advance
26196,26196,Standard,Advance
26197,26197,Standard,Off-Peak
26198,26198,Standard,Advance
26199,26199,Standard,Off-Peak
26200,26200,Standard,Advance
26201,26201,Standard,Off-Peak
26202,26202,Standard,Off-Peak
26203,26203,Standard,Off-Peak
26204,26204,Standard,Off-Peak
26205,26205,Standard,Advance
26206,26206,Standard,Off-Peak
26207,26207,Standard,Advance
26208,26208,Standard,Advance
26209,26209,Standard,Off-Peak
26210,26210,Standard,Advance
26211,26211,Standard,Off-Peak
26212,26212,Standard,Off-Peak
26213,26213,Standard,Off-Peak
26214,26214,Standard,Off-Peak
26215,26215,Standard,Off-Peak
26216,26216,Standard,Off-Peak
26217,26217,Standard,Advance
26218,26218,Standard,Off-Peak
26219,26219,Standard,Advance
26220,26220,Standard,Off-Peak
26221,26221,Standard,Off-Peak
26222,26222,Standard,Advance
26223,26223,Standard,Advance
26224,26224,Standard,Off-Peak
26225,26225,Standard,Advance
26226,26226,Standard,Advance
26227,26227,Standard,Off-Peak
26228,26228,Standard,Advance
26229,26229,Standard,Advance
26230,26230,Standard,Advance
26231,26231,Standard,Off-Peak
26232,26232,Standard,Advance
26233,26233,Standard,Anytime
26234,26234,Standard,Anytime
26235,26235,Standard,Anytime
26236,26236,Standard,Anytime
26237,26237,Standard,Anytime
26238,26238,Standard,Anytime
26239,26239,Standard,Anytime
26240,26240,Standard,Anytime
26241,26241,Standard,Anytime
26242,26242,Standard,Anytime
26243,26243,Standard,Advance
26244,26244,Standard,Anytime
26245,26245,Standard,Anytime
26246,26246,Standard,Anytime
26247,26247,Standard,Anytime
26248,26248,Standard,Anytime
26249,26249,Standard,Anytime
26250,26250,Standard,Anytime
26251,26251,Standard,Advance
26252,26252,Standard,Anytime
26253,26253,Standard,Anytime
26254,26254,Standard,Anytime
26255,26255,Standard,Anytime
26256,26256,Standard,Anytime
26257,26257,Standard,Anytime
26258,26258,Standard,Advance
26259,26259,Standard,Anytime
26260,26260,Standard,Anytime
26261,26261,Standard,Advance
26262,26262,Standard,Advance
26263,26263,Standard,Advance
26264,26264,Standard,Advance
26265,26265,Standard,Anytime
26266,26266,Standard,Anytime
26267,26267,Standard,Anytime
26268,26268,Standard,Anytime
26269,26269,Standard,Anytime
26270,26270,Standard,Anytime
26271,26271,Standard,Anytime
26272,26272,Standard,Anytime
26273,26273,Standard,Anytime
26274,26274,Standard,Advance
26275,26275,Standard,Advance
26276,26276,Standard,Advance
26277,26277,Standard,Advance
26278,26278,Standard,Advance
26279,26279,Standard,Advance
26280,26280,Standard,Advance
26281,26281,Standard,Anytime
26282,26282,Standard,Anytime
26283,26283,Standard,Anytime
26284,26284,Standard,Anytime
26285,26285,Standard,Advance
26286,26286,Standard,Off-Peak
26287,26287,Standard,Off-Peak
26288,26288,Standard,Off-Peak
26289,26289,Standard,Advance
26290,26290,Standard,Off-Peak
26291,26291,Standard,Off-Peak
26292,26292,Standard,Advance
26293,26293,Standard,Advance
26294,26294,Standard,Advance
26295,26295,Standard,Advance
26296,26296,Standard,Advance
26297,26297,Standard,Advance
26298,26298,Standard,Advance
26299,26299,Standard,Advance
26300,26300,Standard,Advance
26301,26301,Standard,Advance
26302,26302,Standard,Advance
26303,26303,Standard,Advance
26304,26304,Standard,Advance
26305,26305,Standard,Advance
26306,26306,Standard,Advance
26307,26307,Standard,Advance
26308,26308,Standard,Advance
26309,26309,Standard,Advance
26310,26310,Standard,Advance
26311,26311,Standard,Advance
26312,26312,Standard,Advance
26313,26313,Standard,Advance
26314,26314,Standard,Advance
26315,26315,Standard,Advance
26316,26316,Standard,Advance
26317,26317,Standard,Advance
26318,26318,Standard,Advance
26319,26319,Standard,Advance
26320,26320,Standard,Advance
26321,26321,Standard,Advance
26322,26322,Standard,Advance
26323,26323,Standard,Advance
26324,26324,Standard,Advance
26325,26325,Standard,Advance
26326,26326,Standard,Advance
26327,26327,Standard,Advance
26328,26328,Standard,Advance
26329,26329,Standard,Off-Peak
26330,26330,Standard,Off-Peak
26331,26331,Standard,Off-Peak
26332,26332,Standard,Advance
26333,26333,Standard,Off-Peak
26334,26334,Standard,Off-Peak
26335,26335,Standard,Off-Peak
26336,26336,Standard,Advance
26337,26337,Standard,Advance
26338,26338,Standard,Off-Peak
26339,26339,Standard,Advance
26340,26340,Standard,Off-Peak
26341,26341,Standard,Off-Peak
26342,26342,Standard,Advance
26343,26343,Standard,Advance
26344,26344,Standard,Advance
26345,26345,Standard,Advance
26346,26346,Standard,Off-Peak
26347,26347,Standard,Off-Peak
26348,26348,Standard,Off-Peak
26349,26349,Standard,Off-Peak
26350,26350,Standard,Off-Peak
26351,26351,Standard,Advance
26352,26352,Standard,Advance
26353,26353,Standard,Off-Peak
26354,26354,Standard,Advance
26355,26355,Standard,Advance
26356,26356,Standard,Advance
26357,26357,Standard,Advance
26358,26358,Standard,Advance
26359,26359,Standard,Advance
26360,26360,Standard,Off-Peak
26361,26361,Standard,Advance
26362,26362,Standard,Off-Peak
26363,26363,Standard,Off-Peak
26364,26364,Standard,Off-Peak
26365,26365,Standard,Off-Peak
26366,26366,Standard,Off-Peak
26367,26367,Standard,Advance
26368,26368,Standard,Anytime
26369,26369,Standard,Advance
26370,26370,Standard,Anytime
26371,26371,Standard,Anytime
26372,26372,Standard,Anytime
26373,26373,Standard,Anytime
26374,26374,Standard,Anytime
26375,26375,Standard,Advance
26376,26376,Standard,Advance
26377,26377,Standard,Advance
26378,26378,Standard,Anytime
26379,26379,Standard,Anytime
26380,26380,Standard,Anytime
26381,26381,Standard,Anytime
26382,26382,Standard,Anytime
26383,26383,Standard,Anytime
26384,26384,Standard,Anytime
26385,26385,Standard,Anytime
26386,26386,Standard,Anytime
26387,26387,Standard,Anytime
26388,26388,Standard,Anytime
26389,26389,Standard,Advance
26390,26390,Standard,Anytime
26391,26391,Standard,Anytime
26392,26392,Standard,Anytime
26393,26393,Standard,Anytime
26394,26394,Standard,Advance
26395,26395,Standard,Anytime
26396,26396,Standard,Anytime
26397,26397,Standard,Anytime
26398,26398,Standard,Advance
26399,26399,Standard,Anytime
26400,26400,Standard,Anytime
26401,26401,Standard,Anytime
26402,26402,Standard,Anytime
26403,26403,Standard,Anytime
26404,26404,Standard,Anytime
26405,26405,Standard,Anytime
26406,26406,Standard,Anytime
26407,26407,Standard,Advance
26408,26408,Standard,Anytime
26409,26409,Standard,Anytime
26410,26410,Standard,Advance
26411,26411,Standard,Advance
26412,26412,Standard,Off-Peak
26413,26413,Standard,Off-Peak
26414,26414,Standard,Advance
26415,26415,Standard,Anytime
26416,26416,Standard,Advance
26417,26417,Standard,Advance
26418,26418,Standard,Off-Peak
26419,26419,Standard,Advance
26420,26420,Standard,Advance
26421,26421,Standard,Advance
26422,26422,Standard,Advance
26423,26423,Standard,Advance
26424,26424,Standard,Advance
26425,26425,Standard,Advance
26426,26426,Standard,Advance
26427,26427,Standard,Advance
26428,26428,Standard,Advance
26429,26429,Standard,Advance
26430,26430,Standard,Advance
26431,26431,Standard,Advance
26432,26432,Standard,Advance
26433,26433,Standard,Advance
26434,26434,Standard,Advance
26435,26435,Standard,Off-Peak
26436,26436,Standard,Advance
26437,26437,Standard,Advance
26438,26438,Standard,Advance
26439,26439,Standard,Advance
26440,26440,Standard,Advance
26441,26441,Standard,Advance
26442,26442,Standard,Advance
26443,26443,Standard,Advance
26444,26444,Standard,Advance
26445,26445,Standard,Advance
26446,26446,Standard,Advance
26447,26447,Standard,Advance
26448,26448,Standard,Advance
26449,26449,Standard,Advance
26450,26450,Standard,Off-Peak
26451,26451,Standard,Off-Peak
26452,26452,Standard,Advance
26453,26453,Standard,Advance
26454,26454,Standard,Off-Peak
26455,26455,Standard,Off-Peak
26456,26456,Standard,Advance
26457,26457,Standard,Off-Peak
26458,26458,Standard,Advance
26459,26459,Standard,Advance
26460,26460,Standard,Advance
26461,26461,Standard,Off-Peak
26462,26462,Standard,Advance
26463,26463,Standard,Off-Peak
26464,26464,Standard,Advance
26465,26465,Standard,Advance
26466,26466,Standard,Advance
26467,26467,Standard,Advance
26468,26468,Standard,Advance
26469,26469,Standard,Off-Peak
26470,26470,Standard,Off-Peak
26471,26471,Standard,Advance
26472,26472,Standard,Advance
26473,26473,Standard,Off-Peak
26474,26474,Standard,Advance
26475,26475,Standard,Advance
26476,26476,Standard,Off-Peak
26477,26477,Standard,Off-Peak
26478,26478,Standard,Off-Peak
26479,26479,Standard,Off-Peak
26480,26480,Standard,Advance
26481,26481,Standard,Off-Peak
26482,26482,Standard,Off-Peak
26483,26483,Standard,Off-Peak
26484,26484,Standard,Off-Peak
26485,26485,Standard,Off-Peak
26486,26486,Standard,Anytime
26487,26487,Standard,Anytime
26488,26488,Standard,Anytime
26489,26489,Standard,Advance
26490,26490,Standard,Advance
26491,26491,Standard,Anytime
26492,26492,Standard,Advance
26493,26493,Standard,Advance
26494,26494,Standard,Anytime
26495,26495,Standard,Advance
26496,26496,Standard,Advance
26497,26497,Standard,Anytime
26498,26498,Standard,Anytime
26499,26499,Standard,Off-Peak
26500,26500,Standard,Anytime
26501,26501,Standard,Anytime
26502,26502,Standard,Anytime
26503,26503,Standard,Anytime
26504,26504,Standard,Anytime
26505,26505,Standard,Anytime
26506,26506,Standard,Anytime
26507,26507,Standard,Anytime
26508,26508,Standard,Anytime
26509,26509,Standard,Anytime
26510,26510,Standard,Anytime
26511,26511,Standard,Anytime
26512,26512,Standard,Anytime
26513,26513,Standard,Anytime
26514,26514,Standard,Anytime
26515,26515,Standard,Anytime
26516,26516,Standard,Anytime
26517,26517,Standard,Advance
26518,26518,Standard,Anytime
26519,26519,Standard,Anytime
26520,26520,Standard,Advance
26521,26521,Standard,Advance
26522,26522,Standard,Advance
26523,26523,Standard,Advance
26524,26524,Standard,Anytime
26525,26525,Standard,Anytime
26526,26526,Standard,Advance
26527,26527,Standard,Anytime
26528,26528,Standard,Anytime
26529,26529,Standard,Anytime
26530,26530,Standard,Advance
26531,26531,Standard,Anytime
26532,26532,Standard,Anytime
26533,26533,Standard,Anytime
26534,26534,Standard,Advance
26535,26535,Standard,Advance
26536,26536,Standard,Off-Peak
26537,26537,Standard,Advance
26538,26538,Standard,Advance
26539,26539,Standard,Advance
26540,26540,Standard,Advance
26541,26541,Standard,Advance
26542,26542,Standard,Advance
26543,26543,Standard,Advance
26544,26544,Standard,Advance
26545,26545,Standard,Advance
26546,26546,Standard,Advance
26547,26547,Standard,Anytime
26548,26548,Standard,Anytime
26549,26549,Standard,Anytime
26550,26550,Standard,Anytime
26551,26551,Standard,Anytime
26552,26552,Standard,Off-Peak
26553,26553,Standard,Off-Peak
26554,26554,Standard,Advance
26555,26555,Standard,Advance
26556,26556,Standard,Advance
26557,26557,Standard,Advance
26558,26558,Standard,Off-Peak
26559,26559,Standard,Off-Peak
26560,26560,Standard,Advance
26561,26561,Standard,Off-Peak
26562,26562,Standard,Off-Peak
26563,26563,Standard,Off-Peak
26564,26564,Standard,Off-Peak
26565,26565,Standard,Off-Peak
26566,26566,Standard,Advance
26567,26567,Standard,Advance
26568,26568,Standard,Advance
26569,26569,Standard,Advance
26570,26570,Standard,Off-Peak
26571,26571,Standard,Advance
26572,26572,Standard,Advance
26573,26573,Standard,Advance
26574,26574,Standard,Off-Peak
26575,26575,Standard,Off-Peak
26576,26576,Standard,Advance
26577,26577,Standard,Advance
26578,26578,Standard,Advance
26579,26579,Standard,Advance
26580,26580,Standard,Advance
26581,26581,Standard,Advance
26582,26582,Standard,Advance
26583,26583,Standard,Advance
26584,26584,Standard,Advance
26585,26585,Standard,Advance
26586,26586,Standard,Advance
26587,26587,Standard,Advance
26588,26588,Standard,Off-Peak
26589,26589,Standard,Off-Peak
26590,26590,Standard,Off-Peak
26591,26591,Standard,Advance
26592,26592,Standard,Advance
26593,26593,Standard,Advance
26594,26594,Standard,Advance
26595,26595,Standard,Advance
26596,26596,Standard,Advance
26597,26597,Standard,Advance
26598,26598,Standard,Advance
26599,26599,Standard,Advance
26600,26600,Standard,Advance
26601,26601,Standard,Advance
26602,26602,Standard,Advance
26603,26603,Standard,Advance
26604,26604,Standard,Advance
26605,26605,Standard,Advance
26606,26606,Standard,Off-Peak
26607,26607,Standard,Off-Peak
26608,26608,Standard,Off-Peak
26609,26609,Standard,Off-Peak
26610,26610,Standard,Off-Peak
26611,26611,Standard,Off-Peak
26612,26612,Standard,Off-Peak
26613,26613,Standard,Off-Peak
26614,26614,Standard,Advance
26615,26615,Standard,Advance
26616,26616,Standard,Off-Peak
26617,26617,Standard,Off-Peak
26618,26618,Standard,Advance
26619,26619,Standard,Advance
26620,26620,Standard,Advance
26621,26621,Standard,Advance
26622,26622,Standard,Off-Peak
26623,26623,Standard,Off-Peak
26624,26624,Standard,Off-Peak
26625,26625,Standard,Off-Peak
26626,26626,Standard,Advance
26627,26627,Standard,Off-Peak
26628,26628,Standard,Off-Peak
26629,26629,Standard,Advance
26630,26630,Standard,Off-Peak
26631,26631,Standard,Off-Peak
26632,26632,Standard,Off-Peak
26633,26633,Standard,Advance
26634,26634,Standard,Advance
26635,26635,Standard,Off-Peak
26636,26636,Standard,Off-Peak
26637,26637,Standard,Off-Peak
26638,26638,Standard,Advance
26639,26639,Standard,Off-Peak
26640,26640,Standard,Off-Peak
26641,26641,Standard,Anytime
26642,26642,Standard,Anytime
26643,26643,Standard,Anytime
26644,26644,Standard,Anytime
26645,26645,Standard,Advance
26646,26646,Standard,Anytime
26647,26647,Standard,Anytime
26648,26648,Standard,Anytime
26649,26649,Standard,Anytime
26650,26650,Standard,Anytime
26651,26651,Standard,Advance
26652,26652,Standard,Anytime
26653,26653,Standard,Anytime
26654,26654,Standard,Anytime
26655,26655,Standard,Anytime
26656,26656,Standard,Anytime
26657,26657,Standard,Anytime
26658,26658,Standard,Anytime
26659,26659,Standard,Anytime
26660,26660,Standard,Advance
26661,26661,Standard,Advance
26662,26662,Standard,Anytime
26663,26663,Standard,Anytime
26664,26664,Standard,Anytime
26665,26665,Standard,Off-Peak
26666,26666,Standard,Anytime
26667,26667,Standard,Advance
26668,26668,Standard,Anytime
26669,26669,Standard,Anytime
26670,26670,Standard,Advance
26671,26671,Standard,Anytime
26672,26672,Standard,Anytime
26673,26673,Standard,Anytime
26674,26674,Standard,Anytime
26675,26675,Standard,Anytime
26676,26676,Standard,Anytime
26677,26677,Standard,Anytime
26678,26678,Standard,Anytime
26679,26679,Standard,Anytime
26680,26680,Standard,Advance
26681,26681,Standard,Anytime
26682,26682,Standard,Anytime
26683,26683,Standard,Advance
26684,26684,Standard,Anytime
26685,26685,Standard,Anytime
26686,26686,Standard,Anytime
26687,26687,Standard,Anytime
26688,26688,Standard,Advance
26689,26689,Standard,Advance
26690,26690,Standard,Advance
26691,26691,Standard,Advance
26692,26692,Standard,Anytime
26693,26693,Standard,Anytime
26694,26694,Standard,Anytime
26695,26695,Standard,Anytime
26696,26696,Standard,Anytime
26697,26697,Standard,Anytime
26698,26698,Standard,Anytime
26699,26699,Standard,Anytime
26700,26700,Standard,Anytime
26701,26701,Standard,Anytime
26702,26702,Standard,Off-Peak
26703,26703,Standard,Off-Peak
26704,26704,Standard,Off-Peak
26705,26705,Standard,Advance
26706,26706,Standard,Anytime
26707,26707,Standard,Off-Peak
26708,26708,Standard,Advance
26709,26709,Standard,Advance
26710,26710,Standard,Off-Peak
26711,26711,Standard,Advance
26712,26712,Standard,Advance
26713,26713,Standard,Advance
26714,26714,Standard,Advance
26715,26715,Standard,Advance
26716,26716,Standard,Advance
26717,26717,Standard,Advance
26718,26718,Standard,Off-Peak
26719,26719,Standard,Advance
26720,26720,Standard,Advance
26721,26721,Standard,Advance
26722,26722,Standard,Advance
26723,26723,Standard,Advance
26724,26724,Standard,Advance
26725,26725,Standard,Off-Peak
26726,26726,Standard,Advance
26727,26727,Standard,Advance
26728,26728,Standard,Advance
26729,26729,Standard,Advance
26730,26730,Standard,Advance
26731,26731,Standard,Advance
26732,26732,Standard,Advance
26733,26733,Standard,Advance
26734,26734,Standard,Advance
26735,26735,Standard,Advance
26736,26736,Standard,Advance
26737,26737,Standard,Advance
26738,26738,Standard,Off-Peak
26739,26739,Standard,Advance
26740,26740,Standard,Advance
26741,26741,Standard,Advance
26742,26742,Standard,Off-Peak
26743,26743,Standard,Advance
26744,26744,Standard,Advance
26745,26745,Standard,Off-Peak
26746,26746,Standard,Advance
26747,26747,Standard,Advance
26748,26748,Standard,Advance
26749,26749,Standard,Advance
26750,26750,Standard,Advance
26751,26751,Standard,Advance
26752,26752,Standard,Advance
26753,26753,Standard,Advance
26754,26754,Standard,Off-Peak
26755,26755,Standard,Advance
26756,26756,Standard,Off-Peak
26757,26757,Standard,Off-Peak
26758,26758,Standard,Advance
26759,26759,Standard,Off-Peak
26760,26760,Standard,Advance
26761,26761,Standard,Off-Peak
26762,26762,Standard,Advance
26763,26763,Standard,Advance
26764,26764,Standard,Advance
26765,26765,Standard,Off-Peak
26766,26766,Standard,Advance
26767,26767,Standard,Advance
26768,26768,Standard,Off-Peak
26769,26769,Standard,Advance
26770,26770,Standard,Off-Peak
26771,26771,Standard,Off-Peak
26772,26772,Standard,Advance
26773,26773,Standard,Advance
26774,26774,Standard,Advance
26775,26775,Standard,Advance
26776,26776,Standard,Off-Peak
26777,26777,Standard,Off-Peak
26778,26778,Standard,Off-Peak
26779,26779,Standard,Anytime
26780,26780,Standard,Anytime
26781,26781,Standard,Anytime
26782,26782,Standard,Anytime
26783,26783,Standard,Anytime
26784,26784,Standard,Anytime
26785,26785,Standard,Anytime
26786,26786,Standard,Anytime
26787,26787,Standard,Anytime
26788,26788,Standard,Advance
26789,26789,Standard,Advance
26790,26790,Standard,Advance
26791,26791,Standard,Anytime
26792,26792,Standard,Advance
26793,26793,Standard,Advance
26794,26794,Standard,Off-Peak
26795,26795,Standard,Advance
26796,26796,Standard,Anytime
26797,26797,Standard,Advance
26798,26798,Standard,Anytime
26799,26799,Standard,Anytime
26800,26800,Standard,Anytime
26801,26801,Standard,Advance
26802,26802,Standard,Anytime
26803,26803,Standard,Anytime
26804,26804,Standard,Anytime
26805,26805,Standard,Anytime
26806,26806,Standard,Advance
26807,26807,Standard,Anytime
26808,26808,Standard,Anytime
26809,26809,Standard,Advance
26810,26810,Standard,Anytime
26811,26811,Standard,Anytime
26812,26812,Standard,Advance
26813,26813,Standard,Advance
26814,26814,Standard,Anytime
26815,26815,Standard,Anytime
26816,26816,Standard,Anytime
26817,26817,Standard,Anytime
26818,26818,Standard,Advance
26819,26819,Standard,Anytime
26820,26820,Standard,Anytime
26821,26821,Standard,Anytime
26822,26822,Standard,Anytime
26823,26823,Standard,Advance
26824,26824,Standard,Off-Peak
26825,26825,Standard,Advance
26826,26826,Standard,Off-Peak
26827,26827,Standard,Advance
26828,26828,Standard,Off-Peak
26829,26829,Standard,Advance
26830,26830,Standard,Advance
26831,26831,Standard,Advance
26832,26832,Standard,Advance
26833,26833,Standard,Advance
26834,26834,Standard,Advance
26835,26835,Standard,Advance
26836,26836,Standard,Advance
26837,26837,Standard,Off-Peak
26838,26838,Standard,Advance
26839,26839,Standard,Off-Peak
26840,26840,Standard,Off-Peak
26841,26841,Standard,Off-Peak
26842,26842,Standard,Off-Peak
26843,26843,Standard,Advance
26844,26844,Standard,Advance
26845,26845,Standard,Advance
26846,26846,Standard,Anytime
26847,26847,Standard,Off-Peak
26848,26848,Standard,Off-Peak
26849,26849,Standard,Off-Peak
26850,26850,Standard,Off-Peak
26851,26851,Standard,Off-Peak
26852,26852,Standard,Off-Peak
26853,26853,Standard,Off-Peak
26854,26854,Standard,Advance
26855,26855,Standard,Advance
26856,26856,Standard,Advance
26857,26857,Standard,Off-Peak
26858,26858,Standard,Advance
26859,26859,Standard,Advance
26860,26860,Standard,Advance
26861,26861,Standard,Off-Peak
26862,26862,Standard,Advance
26863,26863,Standard,Advance
26864,26864,Standard,Advance
26865,26865,Standard,Advance
26866,26866,Standard,Advance
26867,26867,Standard,Advance
26868,26868,Standard,Advance
26869,26869,Standard,Advance
26870,26870,Standard,Advance
26871,26871,Standard,Advance
26872,26872,Standard,Off-Peak
26873,26873,Standard,Advance
26874,26874,Standard,Off-Peak
26875,26875,Standard,Off-Peak
26876,26876,Standard,Off-Peak
26877,26877,Standard,Off-Peak
26878,26878,Standard,Advance
26879,26879,Standard,Advance
26880,26880,Standard,Advance
26881,26881,Standard,Advance
26882,26882,Standard,Advance
26883,26883,Standard,Advance
26884,26884,Standard,Advance
26885,26885,Standard,Advance
26886,26886,Standard,Advance
26887,26887,Standard,Advance
26888,26888,Standard,Advance
26889,26889,Standard,Advance
26890,26890,Standard,Advance
26891,26891,Standard,Advance
26892,26892,Standard,Advance
26893,26893,Standard,Advance
26894,26894,Standard,Advance
26895,26895,Standard,Advance
26896,26896,Standard,Advance
26897,26897,Standard,Advance
26898,26898,Standard,Advance
26899,26899,Standard,Advance
26900,26900,Standard,Advance
26901,26901,Standard,Advance
26902,26902,Standard,Advance
26903,26903,Standard,Off-Peak
26904,26904,Standard,Off-Peak
26905,26905,Standard,Off-Peak
26906,26906,Standard,Advance
26907,26907,Standard,Advance
26908,26908,Standard,Advance
26909,26909,Standard,Off-Peak
26910,26910,Standard,Off-Peak
26911,26911,Standard,Off-Peak
26912,26912,Standard,Off-Peak
26913,26913,Standard,Off-Peak
26914,26914,Standard,Advance
26915,26915,Standard,Advance
26916,26916,Standard,Off-Peak
26917,26917,Standard,Off-Peak
26918,26918,Standard,Advance
26919,26919,Standard,Off-Peak
26920,26920,Standard,Advance
26921,26921,Standard,Advance
26922,26922,Standard,Advance
26923,26923,Standard,Advance
26924,26924,Standard,Advance
26925,26925,Standard,Off-Peak
26926,26926,Standard,Off-Peak
26927,26927,Standard,Off-Peak
26928,26928,Standard,Advance
26929,26929,Standard,Off-Peak
26930,26930,Standard,Off-Peak
26931,26931,Standard,Off-Peak
26932,26932,Standard,Off-Peak
26933,26933,Standard,Advance
26934,26934,Standard,Advance
26935,26935,Standard,Advance
26936,26936,Standard,Off-Peak
26937,26937,Standard,Advance
26938,26938,Standard,Off-Peak
26939,26939,Standard,Advance
26940,26940,Standard,Off-Peak
26941,26941,Standard,Off-Peak
26942,26942,Standard,Advance
26943,26943,Standard,Advance
26944,26944,Standard,Advance
26945,26945,Standard,Off-Peak
26946,26946,Standard,Off-Peak
26947,26947,Standard,Off-Peak
26948,26948,Standard,Off-Peak
26949,26949,Standard,Off-Peak
26950,26950,Standard,Off-Peak
26951,26951,Standard,Off-Peak
26952,26952,Standard,Advance
26953,26953,Standard,Off-Peak
26954,26954,Standard,Off-Peak
26955,26955,Standard,Off-Peak
26956,26956,Standard,Off-Peak
26957,26957,Standard,Advance
26958,26958,Standard,Advance
26959,26959,Standard,Off-Peak
26960,26960,Standard,Off-Peak
26961,26961,Standard,Advance
26962,26962,Standard,Off-Peak
26963,26963,Standard,Advance
26964,26964,Standard,Off-Peak
26965,26965,Standard,Off-Peak
26966,26966,Standard,Off-Peak
26967,26967,Standard,Off-Peak
26968,26968,Standard,Advance
26969,26969,Standard,Advance
26970,26970,Standard,Advance
26971,26971,Standard,Off-Peak
26972,26972,Standard,Off-Peak
26973,26973,Standard,Off-Peak
26974,26974,Standard,Off-Peak
26975,26975,Standard,Off-Peak
26976,26976,Standard,Off-Peak
26977,26977,Standard,Off-Peak
26978,26978,Standard,Off-Peak
26979,26979,Standard,Off-Peak
26980,26980,Standard,Off-Peak
26981,26981,Standard,Off-Peak
26982,26982,Standard,Off-Peak
26983,26983,Standard,Advance
26984,26984,Standard,Advance
26985,26985,Standard,Off-Peak
26986,26986,Standard,Advance
26987,26987,Standard,Off-Peak
26988,26988,Standard,Off-Peak
26989,26989,Standard,Advance
26990,26990,Standard,Advance
26991,26991,Standard,Advance
26992,26992,Standard,Advance
26993,26993,Standard,Advance
26994,26994,Standard,Advance
26995,26995,Standard,Off-Peak
26996,26996,Standard,Advance
26997,26997,Standard,Advance
26998,26998,Standard,Advance
26999,26999,Standard,Off-Peak
27000,27000,Standard,Advance
27001,27001,Standard,Advance
27002,27002,Standard,Advance
27003,27003,Standard,Advance
27004,27004,Standard,Advance
27005,27005,Standard,Off-Peak
27006,27006,Standard,Advance
27007,27007,Standard,Advance
27008,27008,Standard,Advance
27009,27009,Standard,Advance
27010,27010,Standard,Advance
27011,27011,Standard,Advance
27012,27012,Standard,Advance
27013,27013,Standard,Off-Peak
27014,27014,Standard,Advance
27015,27015,Standard,Advance
27016,27016,Standard,Advance
27017,27017,Standard,Advance
27018,27018,Standard,Advance
27019,27019,Standard,Advance
27020,27020,Standard,Advance
27021,27021,Standard,Off-Peak
27022,27022,Standard,Advance
27023,27023,Standard,Advance
27024,27024,Standard,Advance
27025,27025,Standard,Advance
27026,27026,Standard,Advance
27027,27027,Standard,Advance
27028,27028,Standard,Advance
27029,27029,Standard,Advance
27030,27030,Standard,Advance
27031,27031,Standard,Advance
27032,27032,Standard,Advance
27033,27033,Standard,Off-Peak
27034,27034,Standard,Advance
27035,27035,Standard,Off-Peak
27036,27036,Standard,Off-Peak
27037,27037,Standard,Off-Peak
27038,27038,Standard,Advance
27039,27039,Standard,Off-Peak
27040,27040,Standard,Off-Peak
27041,27041,Standard,Advance
27042,27042,Standard,Advance
27043,27043,Standard,Advance
27044,27044,Standard,Off-Peak
27045,27045,Standard,Advance
27046,27046,Standard,Off-Peak
27047,27047,Standard,Advance
27048,27048,Standard,Advance
27049,27049,Standard,Off-Peak
27050,27050,Standard,Off-Peak
27051,27051,Standard,Off-Peak
27052,27052,Standard,Off-Peak
27053,27053,Standard,Off-Peak
27054,27054,Standard,Off-Peak
27055,27055,Standard,Advance
27056,27056,Standard,Advance
27057,27057,Standard,Advance
27058,27058,Standard,Advance
27059,27059,Standard,Advance
27060,27060,Standard,Off-Peak
27061,27061,Standard,Advance
27062,27062,Standard,Advance
27063,27063,Standard,Off-Peak
27064,27064,Standard,Off-Peak
27065,27065,Standard,Off-Peak
27066,27066,Standard,Off-Peak
27067,27067,Standard,Off-Peak
27068,27068,Standard,Off-Peak
27069,27069,Standard,Off-Peak
27070,27070,Standard,Off-Peak
27071,27071,Standard,Off-Peak
27072,27072,Standard,Off-Peak
27073,27073,Standard,Advance
27074,27074,Standard,Advance
27075,27075,Standard,Off-Peak
27076,27076,Standard,Off-Peak
27077,27077,Standard,Off-Peak
27078,27078,Standard,Off-Peak
27079,27079,Standard,Advance
27080,27080,Standard,Off-Peak
27081,27081,Standard,Off-Peak
27082,27082,Standard,Off-Peak
27083,27083,Standard,Off-Peak
27084,27084,Standard,Off-Peak
27085,27085,Standard,Off-Peak
27086,27086,Standard,Advance
27087,27087,Standard,Off-Peak
27088,27088,Standard,Off-Peak
27089,27089,Standard,Advance
27090,27090,Standard,Advance
27091,27091,Standard,Advance
27092,27092,Standard,Off-Peak
27093,27093,Standard,Advance
27094,27094,Standard,Advance
27095,27095,Standard,Advance
27096,27096,Standard,Advance
27097,27097,Standard,Advance
27098,27098,Standard,Advance
27099,27099,Standard,Off-Peak
27100,27100,Standard,Advance
27101,27101,Standard,Advance
27102,27102,Standard,Advance
27103,27103,Standard,Off-Peak
27104,27104,Standard,Off-Peak
27105,27105,Standard,Off-Peak
27106,27106,Standard,Advance
27107,27107,Standard,Anytime
27108,27108,Standard,Advance
27109,27109,Standard,Off-Peak
27110,27110,Standard,Advance
27111,27111,Standard,Advance
27112,27112,Standard,Advance
27113,27113,Standard,Advance
27114,27114,Standard,Off-Peak
27115,27115,Standard,Advance
27116,27116,Standard,Advance
27117,27117,Standard,Off-Peak
27118,27118,Standard,Off-Peak
27119,27119,Standard,Advance
27120,27120,Standard,Off-Peak
27121,27121,Standard,Advance
27122,27122,Standard,Advance
27123,27123,Standard,Advance
27124,27124,Standard,Advance
27125,27125,Standard,Off-Peak
27126,27126,Standard,Off-Peak
27127,27127,Standard,Advance
27128,27128,Standard,Advance
27129,27129,Standard,Off-Peak
27130,27130,Standard,Advance
27131,27131,Standard,Advance
27132,27132,Standard,Advance
27133,27133,Standard,Advance
27134,27134,Standard,Advance
27135,27135,Standard,Advance
27136,27136,Standard,Advance
27137,27137,Standard,Advance
27138,27138,Standard,Off-Peak
27139,27139,Standard,Off-Peak
27140,27140,Standard,Advance
27141,27141,Standard,Advance
27142,27142,Standard,Advance
27143,27143,Standard,Advance
27144,27144,Standard,Advance
27145,27145,Standard,Advance
27146,27146,Standard,Advance
27147,27147,Standard,Advance
27148,27148,Standard,Advance
27149,27149,Standard,Advance
27150,27150,Standard,Advance
27151,27151,Standard,Advance
27152,27152,Standard,Advance
27153,27153,Standard,Advance
27154,27154,Standard,Advance
27155,27155,Standard,Advance
27156,27156,Standard,Advance
27157,27157,Standard,Advance
27158,27158,Standard,Advance
27159,27159,Standard,Off-Peak
27160,27160,Standard,Off-Peak
27161,27161,Standard,Off-Peak
27162,27162,Standard,Advance
27163,27163,Standard,Advance
27164,27164,Standard,Advance
27165,27165,Standard,Advance
27166,27166,Standard,Advance
27167,27167,Standard,Advance
27168,27168,Standard,Advance
27169,27169,Standard,Advance
27170,27170,Standard,Advance
27171,27171,Standard,Advance
27172,27172,Standard,Advance
27173,27173,Standard,Advance
27174,27174,Standard,Advance
27175,27175,Standard,Advance
27176,27176,Standard,Advance
27177,27177,Standard,Advance
27178,27178,Standard,Advance
27179,27179,Standard,Advance
27180,27180,Standard,Advance
27181,27181,Standard,Advance
27182,27182,Standard,Advance
27183,27183,Standard,Advance
27184,27184,Standard,Advance
27185,27185,Standard,Advance
27186,27186,Standard,Off-Peak
27187,27187,Standard,Off-Peak
27188,27188,Standard,Off-Peak
27189,27189,Standard,Off-Peak
27190,27190,Standard,Advance
27191,27191,Standard,Off-Peak
27192,27192,Standard,Off-Peak
27193,27193,Standard,Off-Peak
27194,27194,Standard,Off-Peak
27195,27195,Standard,Off-Peak
27196,27196,Standard,Advance
27197,27197,Standard,Off-Peak
27198,27198,Standard,Off-Peak
27199,27199,Standard,Off-Peak
27200,27200,Standard,Off-Peak
27201,27201,Standard,Off-Peak
27202,27202,Standard,Advance
27203,27203,Standard,Advance
27204,27204,Standard,Advance
27205,27205,Standard,Off-Peak
27206,27206,Standard,Off-Peak
27207,27207,Standard,Advance
27208,27208,Standard,Off-Peak
27209,27209,Standard,Off-Peak
27210,27210,Standard,Advance
27211,27211,Standard,Advance
27212,27212,Standard,Advance
27213,27213,Standard,Off-Peak
27214,27214,Standard,Off-Peak
27215,27215,Standard,Off-Peak
27216,27216,Standard,Off-Peak
27217,27217,Standard,Off-Peak
27218,27218,Standard,Advance
27219,27219,Standard,Advance
27220,27220,Standard,Advance
27221,27221,Standard,Advance
27222,27222,Standard,Advance
27223,27223,Standard,Advance
27224,27224,Standard,Off-Peak
27225,27225,Standard,Advance
27226,27226,Standard,Off-Peak
27227,27227,Standard,Off-Peak
27228,27228,Standard,Off-Peak
27229,27229,Standard,Off-Peak
27230,27230,Standard,Off-Peak
27231,27231,Standard,Off-Peak
27232,27232,Standard,Off-Peak
27233,27233,Standard,Off-Peak
27234,27234,Standard,Off-Peak
27235,27235,Standard,Off-Peak
27236,27236,Standard,Off-Peak
27237,27237,Standard,Off-Peak
27238,27238,Standard,Off-Peak
27239,27239,Standard,Advance
27240,27240,Standard,Off-Peak
27241,27241,Standard,Advance
27242,27242,Standard,Advance
27243,27243,Standard,Off-Peak
27244,27244,Standard,Off-Peak
27245,27245,Standard,Off-Peak
27246,27246,Standard,Off-Peak
27247,27247,Standard,Advance
27248,27248,Standard,Off-Peak
27249,27249,Standard,Off-Peak
27250,27250,Standard,Off-Peak
27251,27251,Standard,Advance
27252,27252,Standard,Advance
27253,27253,Standard,Advance
27254,27254,Standard,Advance
27255,27255,Standard,Advance
27256,27256,Standard,Off-Peak
27257,27257,Standard,Off-Peak
27258,27258,Standard,Off-Peak
27259,27259,Standard,Off-Peak
27260,27260,Standard,Off-Peak
27261,27261,Standard,Off-Peak
27262,27262,Standard,Advance
27263,27263,Standard,Advance
27264,27264,Standard,Advance
27265,27265,Standard,Off-Peak
27266,27266,Standard,Advance
27267,27267,Standard,Advance
27268,27268,Standard,Advance
27269,27269,Standard,Advance
27270,27270,Standard,Advance
27271,27271,Standard,Advance
27272,27272,Standard,Advance
27273,27273,Standard,Advance
27274,27274,Standard,Advance
27275,27275,Standard,Advance
27276,27276,Standard,Advance
27277,27277,Standard,Off-Peak
27278,27278,Standard,Advance
27279,27279,Standard,Advance
27280,27280,Standard,Off-Peak
27281,27281,Standard,Advance
27282,27282,Standard,Advance
27283,27283,Standard,Advance
27284,27284,Standard,Advance
27285,27285,Standard,Advance
27286,27286,Standard,Advance
27287,27287,Standard,Advance
27288,27288,Standard,Advance
27289,27289,Standard,Advance
27290,27290,Standard,Advance
27291,27291,Standard,Off-Peak
27292,27292,Standard,Advance
27293,27293,Standard,Advance
27294,27294,Standard,Advance
27295,27295,Standard,Advance
27296,27296,Standard,Off-Peak
27297,27297,Standard,Advance
27298,27298,Standard,Advance
27299,27299,Standard,Advance
27300,27300,Standard,Advance
27301,27301,Standard,Advance
27302,27302,Standard,Advance
27303,27303,Standard,Advance
27304,27304,Standard,Advance
27305,27305,Standard,Advance
27306,27306,Standard,Off-Peak
27307,27307,Standard,Off-Peak
27308,27308,Standard,Off-Peak
27309,27309,Standard,Off-Peak
27310,27310,Standard,Off-Peak
27311,27311,Standard,Off-Peak
27312,27312,Standard,Off-Peak
27313,27313,Standard,Off-Peak
27314,27314,Standard,Off-Peak
27315,27315,Standard,Advance
27316,27316,Standard,Advance
27317,27317,Standard,Off-Peak
27318,27318,Standard,Advance
27319,27319,Standard,Off-Peak
27320,27320,Standard,Off-Peak
27321,27321,Standard,Advance
27322,27322,Standard,Advance
27323,27323,Standard,Advance
27324,27324,Standard,Off-Peak
27325,27325,Standard,Advance
27326,27326,Standard,Advance
27327,27327,Standard,Off-Peak
27328,27328,Standard,Off-Peak
27329,27329,Standard,Advance
27330,27330,Standard,Off-Peak
27331,27331,Standard,Advance
27332,27332,Standard,Advance
27333,27333,Standard,Off-Peak
27334,27334,Standard,Off-Peak
27335,27335,Standard,Off-Peak
27336,27336,Standard,Advance
27337,27337,Standard,Advance
27338,27338,Standard,Off-Peak
27339,27339,Standard,Advance
27340,27340,Standard,Advance
27341,27341,Standard,Advance
27342,27342,Standard,Advance
27343,27343,Standard,Off-Peak
27344,27344,Standard,Off-Peak
27345,27345,Standard,Off-Peak
27346,27346,Standard,Off-Peak
27347,27347,Standard,Off-Peak
27348,27348,Standard,Off-Peak
27349,27349,Standard,Advance
27350,27350,Standard,Advance
27351,27351,Standard,Off-Peak
27352,27352,Standard,Off-Peak
27353,27353,Standard,Advance
27354,27354,Standard,Off-Peak
27355,27355,Standard,Advance
27356,27356,Standard,Off-Peak
27357,27357,Standard,Off-Peak
27358,27358,Standard,Advance
27359,27359,Standard,Off-Peak
27360,27360,Standard,Off-Peak
27361,27361,Standard,Off-Peak
27362,27362,Standard,Advance
27363,27363,Standard,Off-Peak
27364,27364,Standard,Advance
27365,27365,Standard,Advance
27366,27366,Standard,Advance
27367,27367,Standard,Advance
27368,27368,Standard,Advance
27369,27369,Standard,Advance
27370,27370,Standard,Off-Peak
27371,27371,Standard,Off-Peak
27372,27372,Standard,Off-Peak
27373,27373,Standard,Off-Peak
27374,27374,Standard,Off-Peak
27375,27375,Standard,Off-Peak
27376,27376,Standard,Advance
27377,27377,Standard,Anytime
27378,27378,Standard,Off-Peak
27379,27379,Standard,Off-Peak
27380,27380,Standard,Off-Peak
27381,27381,Standard,Off-Peak
27382,27382,Standard,Off-Peak
27383,27383,Standard,Off-Peak
27384,27384,Standard,Advance
27385,27385,Standard,Advance
27386,27386,Standard,Advance
27387,27387,Standard,Advance
27388,27388,Standard,Advance
27389,27389,Standard,Advance
27390,27390,Standard,Advance
27391,27391,Standard,Off-Peak
27392,27392,Standard,Advance
27393,27393,Standard,Off-Peak
27394,27394,Standard,Advance
27395,27395,Standard,Off-Peak
27396,27396,Standard,Advance
27397,27397,Standard,Advance
27398,27398,Standard,Off-Peak
27399,27399,Standard,Off-Peak
27400,27400,Standard,Advance
27401,27401,Standard,Advance
27402,27402,Standard,Off-Peak
27403,27403,Standard,Off-Peak
27404,27404,Standard,Advance
27405,27405,Standard,Off-Peak
27406,27406,Standard,Off-Peak
27407,27407,Standard,Advance
27408,27408,Standard,Advance
27409,27409,Standard,Advance
27410,27410,Standard,Advance
27411,27411,Standard,Advance
27412,27412,Standard,Off-Peak
27413,27413,Standard,Off-Peak
27414,27414,Standard,Off-Peak
27415,27415,Standard,Off-Peak
27416,27416,Standard,Advance
27417,27417,Standard,Off-Peak
27418,27418,Standard,Advance
27419,27419,Standard,Advance
27420,27420,Standard,Advance
27421,27421,Standard,Advance
27422,27422,Standard,Advance
27423,27423,Standard,Advance
27424,27424,Standard,Advance
27425,27425,Standard,Advance
27426,27426,Standard,Advance
27427,27427,Standard,Advance
27428,27428,Standard,Advance
27429,27429,Standard,Advance
27430,27430,Standard,Off-Peak
27431,27431,Standard,Off-Peak
27432,27432,Standard,Advance
27433,27433,Standard,Off-Peak
27434,27434,Standard,Off-Peak
27435,27435,Standard,Advance
27436,27436,Standard,Off-Peak
27437,27437,Standard,Off-Peak
27438,27438,Standard,Advance
27439,27439,Standard,Advance
27440,27440,Standard,Advance
27441,27441,Standard,Advance
27442,27442,Standard,Advance
27443,27443,Standard,Advance
27444,27444,Standard,Advance
27445,27445,Standard,Advance
27446,27446,Standard,Advance
27447,27447,Standard,Advance
27448,27448,Standard,Advance
27449,27449,Standard,Advance
27450,27450,Standard,Advance
27451,27451,Standard,Off-Peak
27452,27452,Standard,Off-Peak
27453,27453,Standard,Off-Peak
27454,27454,Standard,Off-Peak
27455,27455,Standard,Advance
27456,27456,Standard,Advance
27457,27457,Standard,Off-Peak
27458,27458,Standard,Advance
27459,27459,Standard,Off-Peak
27460,27460,Standard,Off-Peak
27461,27461,Standard,Advance
27462,27462,Standard,Advance
27463,27463,Standard,Off-Peak
27464,27464,Standard,Advance
27465,27465,Standard,Off-Peak
27466,27466,Standard,Off-Peak
27467,27467,Standard,Advance
27468,27468,Standard,Off-Peak
27469,27469,Standard,Off-Peak
27470,27470,Standard,Advance
27471,27471,Standard,Off-Peak
27472,27472,Standard,Off-Peak
27473,27473,Standard,Advance
27474,27474,Standard,Advance
27475,27475,Standard,Advance
27476,27476,Standard,Off-Peak
27477,27477,Standard,Off-Peak
27478,27478,Standard,Off-Peak
27479,27479,Standard,Off-Peak
27480,27480,Standard,Off-Peak
27481,27481,Standard,Off-Peak
27482,27482,Standard,Anytime
27483,27483,Standard,Anytime
27484,27484,Standard,Anytime
27485,27485,Standard,Anytime
27486,27486,Standard,Anytime
27487,27487,Standard,Anytime
27488,27488,Standard,Advance
27489,27489,Standard,Anytime
27490,27490,Standard,Anytime
27491,27491,Standard,Anytime
27492,27492,Standard,Advance
27493,27493,Standard,Anytime
27494,27494,Standard,Anytime
27495,27495,Standard,Advance
27496,27496,Standard,Anytime
27497,27497,Standard,Advance
27498,27498,Standard,Anytime
27499,27499,Standard,Anytime
27500,27500,Standard,Anytime
27501,27501,Standard,Anytime
27502,27502,Standard,Advance
27503,27503,Standard,Advance
27504,27504,Standard,Advance
27505,27505,Standard,Advance
27506,27506,Standard,Anytime
27507,27507,Standard,Advance
27508,27508,Standard,Anytime
27509,27509,Standard,Anytime
27510,27510,Standard,Anytime
27511,27511,Standard,Anytime
27512,27512,Standard,Advance
27513,27513,Standard,Anytime
27514,27514,Standard,Anytime
27515,27515,Standard,Anytime
27516,27516,Standard,Anytime
27517,27517,Standard,Anytime
27518,27518,Standard,Anytime
27519,27519,Standard,Anytime
27520,27520,Standard,Anytime
27521,27521,Standard,Anytime
27522,27522,Standard,Anytime
27523,27523,Standard,Anytime
27524,27524,Standard,Anytime
27525,27525,Standard,Anytime
27526,27526,Standard,Anytime
27527,27527,Standard,Anytime
27528,27528,Standard,Anytime
27529,27529,Standard,Anytime
27530,27530,Standard,Anytime
27531,27531,Standard,Anytime
27532,27532,Standard,Anytime
27533,27533,Standard,Anytime
27534,27534,Standard,Advance
27535,27535,Standard,Anytime
27536,27536,Standard,Off-Peak
27537,27537,Standard,Off-Peak
27538,27538,Standard,Off-Peak
27539,27539,Standard,Advance
27540,27540,Standard,Anytime
27541,27541,Standard,Advance
27542,27542,Standard,Anytime
27543,27543,Standard,Advance
27544,27544,Standard,Advance
27545,27545,Standard,Advance
27546,27546,Standard,Advance
27547,27547,Standard,Advance
27548,27548,Standard,Advance
27549,27549,Standard,Advance
27550,27550,Standard,Advance
27551,27551,Standard,Advance
27552,27552,Standard,Advance
27553,27553,Standard,Off-Peak
27554,27554,Standard,Advance
27555,27555,Standard,Advance
27556,27556,Standard,Advance
27557,27557,Standard,Off-Peak
27558,27558,Standard,Advance
27559,27559,Standard,Off-Peak
27560,27560,Standard,Advance
27561,27561,Standard,Advance
27562,27562,Standard,Advance
27563,27563,Standard,Advance
27564,27564,Standard,Advance
27565,27565,Standard,Advance
27566,27566,Standard,Advance
27567,27567,Standard,Advance
27568,27568,Standard,Off-Peak
27569,27569,Standard,Advance
27570,27570,Standard,Advance
27571,27571,Standard,Advance
27572,27572,Standard,Advance
27573,27573,Standard,Advance
27574,27574,Standard,Advance
27575,27575,Standard,Advance
27576,27576,Standard,Advance
27577,27577,Standard,Off-Peak
27578,27578,Standard,Off-Peak
27579,27579,Standard,Advance
27580,27580,Standard,Off-Peak
27581,27581,Standard,Off-Peak
27582,27582,Standard,Advance
27583,27583,Standard,Advance
27584,27584,Standard,Advance
27585,27585,Standard,Off-Peak
27586,27586,Standard,Off-Peak
27587,27587,Standard,Off-Peak
27588,27588,Standard,Off-Peak
27589,27589,Standard,Off-Peak
27590,27590,Standard,Off-Peak
27591,27591,Standard,Off-Peak
27592,27592,Standard,Off-Peak
27593,27593,Standard,Off-Peak
27594,27594,Standard,Advance
27595,27595,Standard,Off-Peak
27596,27596,Standard,Advance
27597,27597,Standard,Off-Peak
27598,27598,Standard,Off-Peak
27599,27599,Standard,Off-Peak
27600,27600,Standard,Advance
27601,27601,Standard,Advance
27602,27602,Standard,Advance
27603,27603,Standard,Off-Peak
27604,27604,Standard,Off-Peak
27605,27605,Standard,Off-Peak
27606,27606,Standard,Off-Peak
27607,27607,Standard,Off-Peak
27608,27608,Standard,Advance
27609,27609,Standard,Off-Peak
27610,27610,Standard,Advance
27611,27611,Standard,Advance
27612,27612,Standard,Advance
27613,27613,Standard,Off-Peak
27614,27614,Standard,Advance
27615,27615,Standard,Off-Peak
27616,27616,Standard,Advance
27617,27617,Standard,Advance
27618,27618,Standard,Off-Peak
27619,27619,Standard,Anytime
27620,27620,Standard,Advance
27621,27621,Standard,Advance
27622,27622,Standard,Anytime
27623,27623,Standard,Anytime
27624,27624,Standard,Anytime
27625,27625,Standard,Anytime
27626,27626,Standard,Anytime
27627,27627,Standard,Anytime
27628,27628,Standard,Anytime
27629,27629,Standard,Off-Peak
27630,27630,Standard,Anytime
27631,27631,Standard,Advance
27632,27632,Standard,Anytime
27633,27633,Standard,Anytime
27634,27634,Standard,Anytime
27635,27635,Standard,Anytime
27636,27636,Standard,Advance
27637,27637,Standard,Advance
27638,27638,Standard,Anytime
27639,27639,Standard,Advance
27640,27640,Standard,Anytime
27641,27641,Standard,Advance
27642,27642,Standard,Anytime
27643,27643,Standard,Anytime
27644,27644,Standard,Anytime
27645,27645,Standard,Anytime
27646,27646,Standard,Anytime
27647,27647,Standard,Anytime
27648,27648,Standard,Advance
27649,27649,Standard,Anytime
27650,27650,Standard,Anytime
27651,27651,Standard,Anytime
27652,27652,Standard,Anytime
27653,27653,Standard,Anytime
27654,27654,Standard,Advance
27655,27655,Standard,Anytime
27656,27656,Standard,Advance
27657,27657,Standard,Advance
27658,27658,Standard,Anytime
27659,27659,Standard,Anytime
27660,27660,Standard,Anytime
27661,27661,Standard,Advance
27662,27662,Standard,Advance
27663,27663,Standard,Anytime
27664,27664,Standard,Anytime
27665,27665,Standard,Advance
27666,27666,Standard,Advance
27667,27667,Standard,Advance
27668,27668,Standard,Anytime
27669,27669,Standard,Anytime
27670,27670,Standard,Anytime
27671,27671,Standard,Anytime
27672,27672,Standard,Advance
27673,27673,Standard,Advance
27674,27674,Standard,Advance
27675,27675,Standard,Advance
27676,27676,Standard,Off-Peak
27677,27677,Standard,Advance
27678,27678,Standard,Advance
27679,27679,Standard,Advance
27680,27680,Standard,Off-Peak
27681,27681,Standard,Advance
27682,27682,Standard,Off-Peak
27683,27683,Standard,Advance
27684,27684,Standard,Anytime
27685,27685,Standard,Anytime
27686,27686,Standard,Off-Peak
27687,27687,Standard,Advance
27688,27688,Standard,Off-Peak
27689,27689,Standard,Off-Peak
27690,27690,Standard,Advance
27691,27691,Standard,Off-Peak
27692,27692,Standard,Off-Peak
27693,27693,Standard,Advance
27694,27694,Standard,Advance
27695,27695,Standard,Off-Peak
27696,27696,Standard,Advance
27697,27697,Standard,Advance
27698,27698,Standard,Advance
27699,27699,Standard,Advance
27700,27700,Standard,Advance
27701,27701,Standard,Advance
27702,27702,Standard,Advance
27703,27703,Standard,Advance
27704,27704,Standard,Off-Peak
27705,27705,Standard,Advance
27706,27706,Standard,Advance
27707,27707,Standard,Advance
27708,27708,Standard,Off-Peak
27709,27709,Standard,Off-Peak
27710,27710,Standard,Off-Peak
27711,27711,Standard,Advance
27712,27712,Standard,Advance
27713,27713,Standard,Advance
27714,27714,Standard,Advance
27715,27715,Standard,Advance
27716,27716,Standard,Advance
27717,27717,Standard,Advance
27718,27718,Standard,Advance
27719,27719,Standard,Advance
27720,27720,Standard,Advance
27721,27721,Standard,Advance
27722,27722,Standard,Off-Peak
27723,27723,Standard,Advance
27724,27724,Standard,Advance
27725,27725,Standard,Advance
27726,27726,Standard,Advance
27727,27727,Standard,Advance
27728,27728,Standard,Advance
27729,27729,Standard,Advance
27730,27730,Standard,Advance
27731,27731,Standard,Advance
27732,27732,Standard,Advance
27733,27733,Standard,Advance
27734,27734,Standard,Advance
27735,27735,Standard,Advance
27736,27736,Standard,Off-Peak
27737,27737,Standard,Advance
27738,27738,Standard,Advance
27739,27739,Standard,Off-Peak
27740,27740,Standard,Off-Peak
27741,27741,Standard,Off-Peak
27742,27742,Standard,Off-Peak
27743,27743,Standard,Off-Peak
27744,27744,Standard,Off-Peak
27745,27745,Standard,Advance
27746,27746,Standard,Off-Peak
27747,27747,Standard,Off-Peak
27748,27748,Standard,Off-Peak
27749,27749,Standard,Off-Peak
27750,27750,Standard,Advance
27751,27751,Standard,Advance
27752,27752,Standard,Advance
27753,27753,Standard,Advance
27754,27754,Standard,Off-Peak
27755,27755,Standard,Advance
27756,27756,Standard,Off-Peak
27757,27757,Standard,Advance
27758,27758,Standard,Off-Peak
27759,27759,Standard,Advance
27760,27760,Standard,Off-Peak
27761,27761,Standard,Off-Peak
27762,27762,Standard,Off-Peak
27763,27763,Standard,Off-Peak
27764,27764,Standard,Advance
27765,27765,Standard,Advance
27766,27766,Standard,Advance
27767,27767,Standard,Advance
27768,27768,Standard,Advance
27769,27769,Standard,Advance
27770,27770,Standard,Advance
27771,27771,Standard,Off-Peak
27772,27772,Standard,Advance
27773,27773,Standard,Advance
27774,27774,Standard,Anytime
27775,27775,Standard,Anytime
27776,27776,Standard,Anytime
27777,27777,Standard,Anytime
27778,27778,Standard,Anytime
27779,27779,Standard,Anytime
27780,27780,Standard,Anytime
27781,27781,Standard,Anytime
27782,27782,Standard,Anytime
27783,27783,Standard,Anytime
27784,27784,Standard,Anytime
27785,27785,Standard,Advance
27786,27786,Standard,Advance
27787,27787,Standard,Advance
27788,27788,Standard,Advance
27789,27789,Standard,Anytime
27790,27790,Standard,Anytime
27791,27791,Standard,Advance
27792,27792,Standard,Advance
27793,27793,Standard,Anytime
27794,27794,Standard,Anytime
27795,27795,Standard,Anytime
27796,27796,Standard,Anytime
27797,27797,Standard,Anytime
27798,27798,Standard,Anytime
27799,27799,Standard,Advance
27800,27800,Standard,Anytime
27801,27801,Standard,Anytime
27802,27802,Standard,Anytime
27803,27803,Standard,Anytime
27804,27804,Standard,Anytime
27805,27805,Standard,Anytime
27806,27806,Standard,Anytime
27807,27807,Standard,Anytime
27808,27808,Standard,Anytime
27809,27809,Standard,Anytime
27810,27810,Standard,Anytime
27811,27811,Standard,Anytime
27812,27812,Standard,Off-Peak
27813,27813,Standard,Off-Peak
27814,27814,Standard,Advance
27815,27815,Standard,Anytime
27816,27816,Standard,Advance
27817,27817,Standard,Advance
27818,27818,Standard,Advance
27819,27819,Standard,Advance
27820,27820,Standard,Advance
27821,27821,Standard,Advance
27822,27822,Standard,Advance
27823,27823,Standard,Advance
27824,27824,Standard,Off-Peak
27825,27825,Standard,Advance
27826,27826,Standard,Advance
27827,27827,Standard,Advance
27828,27828,Standard,Advance
27829,27829,Standard,Advance
27830,27830,Standard,Advance
27831,27831,Standard,Advance
27832,27832,Standard,Advance
27833,27833,Standard,Off-Peak
27834,27834,Standard,Off-Peak
27835,27835,Standard,Advance
27836,27836,Standard,Advance
27837,27837,Standard,Advance
27838,27838,Standard,Advance
27839,27839,Standard,Off-Peak
27840,27840,Standard,Advance
27841,27841,Standard,Advance
27842,27842,Standard,Advance
27843,27843,Standard,Advance
27844,27844,Standard,Advance
27845,27845,Standard,Advance
27846,27846,Standard,Advance
27847,27847,Standard,Advance
27848,27848,Standard,Advance
27849,27849,Standard,Advance
27850,27850,Standard,Advance
27851,27851,Standard,Advance
27852,27852,Standard,Advance
27853,27853,Standard,Advance
27854,27854,Standard,Advance
27855,27855,Standard,Advance
27856,27856,Standard,Off-Peak
27857,27857,Standard,Advance
27858,27858,Standard,Off-Peak
27859,27859,Standard,Advance
27860,27860,Standard,Advance
27861,27861,Standard,Off-Peak
27862,27862,Standard,Off-Peak
27863,27863,Standard,Off-Peak
27864,27864,Standard,Off-Peak
27865,27865,Standard,Off-Peak
27866,27866,Standard,Off-Peak
27867,27867,Standard,Off-Peak
27868,27868,Standard,Off-Peak
27869,27869,Standard,Advance
27870,27870,Standard,Advance
27871,27871,Standard,Advance
27872,27872,Standard,Advance
27873,27873,Standard,Off-Peak
27874,27874,Standard,Advance
27875,27875,Standard,Off-Peak
27876,27876,Standard,Off-Peak
27877,27877,Standard,Advance
27878,27878,Standard,Off-Peak
27879,27879,Standard,Off-Peak
27880,27880,Standard,Off-Peak
27881,27881,Standard,Off-Peak
27882,27882,Standard,Advance
27883,27883,Standard,Advance
27884,27884,Standard,Advance
27885,27885,Standard,Advance
27886,27886,Standard,Anytime
27887,27887,Standard,Anytime
27888,27888,Standard,Anytime
27889,27889,Standard,Anytime
27890,27890,Standard,Anytime
27891,27891,Standard,Advance
27892,27892,Standard,Anytime
27893,27893,Standard,Anytime
27894,27894,Standard,Advance
27895,27895,Standard,Advance
27896,27896,Standard,Advance
27897,27897,Standard,Advance
27898,27898,Standard,Anytime
27899,27899,Standard,Anytime
27900,27900,Standard,Advance
27901,27901,Standard,Anytime
27902,27902,Standard,Anytime
27903,27903,Standard,Advance
27904,27904,Standard,Anytime
27905,27905,Standard,Anytime
27906,27906,Standard,Anytime
27907,27907,Standard,Anytime
27908,27908,Standard,Advance
27909,27909,Standard,Anytime
27910,27910,Standard,Anytime
27911,27911,Standard,Anytime
27912,27912,Standard,Anytime
27913,27913,Standard,Advance
27914,27914,Standard,Anytime
27915,27915,Standard,Anytime
27916,27916,Standard,Anytime
27917,27917,Standard,Advance
27918,27918,Standard,Advance
27919,27919,Standard,Advance
27920,27920,Standard,Advance
27921,27921,Standard,Anytime
27922,27922,Standard,Anytime
27923,27923,Standard,Advance
27924,27924,Standard,Advance
27925,27925,Standard,Anytime
27926,27926,Standard,Anytime
27927,27927,Standard,Anytime
27928,27928,Standard,Anytime
27929,27929,Standard,Advance
27930,27930,Standard,Anytime
27931,27931,Standard,Anytime
27932,27932,Standard,Anytime
27933,27933,Standard,Anytime
27934,27934,Standard,Anytime
27935,27935,Standard,Anytime
27936,27936,Standard,Advance
27937,27937,Standard,Advance
27938,27938,Standard,Advance
27939,27939,Standard,Advance
27940,27940,Standard,Advance
27941,27941,Standard,Off-Peak
27942,27942,Standard,Off-Peak
27943,27943,Standard,Advance
27944,27944,Standard,Off-Peak
27945,27945,Standard,Advance
27946,27946,Standard,Advance
27947,27947,Standard,Off-Peak
27948,27948,Standard,Advance
27949,27949,Standard,Advance
27950,27950,Standard,Advance
27951,27951,Standard,Anytime
27952,27952,Standard,Advance
27953,27953,Standard,Anytime
27954,27954,Standard,Anytime
27955,27955,Standard,Off-Peak
27956,27956,Standard,Off-Peak
27957,27957,Standard,Advance
27958,27958,Standard,Advance
27959,27959,Standard,Advance
27960,27960,Standard,Advance
27961,27961,Standard,Advance
27962,27962,Standard,Advance
27963,27963,Standard,Advance
27964,27964,Standard,Advance
27965,27965,Standard,Advance
27966,27966,Standard,Advance
27967,27967,Standard,Advance
27968,27968,Standard,Advance
27969,27969,Standard,Advance
27970,27970,Standard,Advance
27971,27971,Standard,Advance
27972,27972,Standard,Off-Peak
27973,27973,Standard,Advance
27974,27974,Standard,Advance
27975,27975,Standard,Advance
27976,27976,Standard,Advance
27977,27977,Standard,Advance
27978,27978,Standard,Advance
27979,27979,Standard,Advance
27980,27980,Standard,Advance
27981,27981,Standard,Advance
27982,27982,Standard,Advance
27983,27983,Standard,Advance
27984,27984,Standard,Advance
27985,27985,Standard,Off-Peak
27986,27986,Standard,Advance
27987,27987,Standard,Advance
27988,27988,Standard,Advance
27989,27989,Standard,Advance
27990,27990,Standard,Advance
27991,27991,Standard,Advance
27992,27992,Standard,Advance
27993,27993,Standard,Advance
27994,27994,Standard,Advance
27995,27995,Standard,Advance
27996,27996,Standard,Advance
27997,27997,Standard,Advance
27998,27998,Standard,Advance
27999,27999,Standard,Advance
28000,28000,Standard,Advance
28001,28001,Standard,Advance
28002,28002,Standard,Advance
28003,28003,Standard,Advance
28004,28004,Standard,Advance
28005,28005,Standard,Advance
28006,28006,Standard,Advance
28007,28007,Standard,Advance
28008,28008,Standard,Off-Peak
28009,28009,Standard,Advance
28010,28010,Standard,Advance
28011,28011,Standard,Off-Peak
28012,28012,Standard,Off-Peak
28013,28013,Standard,Off-Peak
28014,28014,Standard,Off-Peak
28015,28015,Standard,Advance
28016,28016,Standard,Off-Peak
28017,28017,Standard,Off-Peak
28018,28018,Standard,Off-Peak
28019,28019,Standard,Advance
28020,28020,Standard,Off-Peak
28021,28021,Standard,Off-Peak
28022,28022,Standard,Advance
28023,28023,Standard,Advance
28024,28024,Standard,Advance
28025,28025,Standard,Off-Peak
28026,28026,Standard,Advance
28027,28027,Standard,Advance
28028,28028,Standard,Advance
28029,28029,Standard,Off-Peak
28030,28030,Standard,Advance
28031,28031,Standard,Off-Peak
28032,28032,Standard,Off-Peak
28033,28033,Standard,Off-Peak
28034,28034,Standard,Advance
28035,28035,Standard,Advance
28036,28036,Standard,Advance
28037,28037,Standard,Off-Peak
28038,28038,Standard,Off-Peak
28039,28039,Standard,Advance
28040,28040,Standard,Advance
28041,28041,Standard,Off-Peak
28042,28042,Standard,Advance
28043,28043,Standard,Off-Peak
28044,28044,Standard,Off-Peak
28045,28045,Standard,Off-Peak
28046,28046,Standard,Off-Peak
28047,28047,Standard,Advance
28048,28048,Standard,Off-Peak
28049,28049,Standard,Anytime
28050,28050,Standard,Anytime
28051,28051,Standard,Advance
28052,28052,Standard,Anytime
28053,28053,Standard,Anytime
28054,28054,Standard,Anytime
28055,28055,Standard,Anytime
28056,28056,Standard,Anytime
28057,28057,Standard,Anytime
28058,28058,Standard,Anytime
28059,28059,Standard,Anytime
28060,28060,Standard,Anytime
28061,28061,Standard,Advance
28062,28062,Standard,Anytime
28063,28063,Standard,Anytime
28064,28064,Standard,Anytime
28065,28065,Standard,Anytime
28066,28066,Standard,Anytime
28067,28067,Standard,Anytime
28068,28068,Standard,Anytime
28069,28069,Standard,Anytime
28070,28070,Standard,Anytime
28071,28071,Standard,Anytime
28072,28072,Standard,Advance
28073,28073,Standard,Anytime
28074,28074,Standard,Advance
28075,28075,Standard,Anytime
28076,28076,Standard,Anytime
28077,28077,Standard,Anytime
28078,28078,Standard,Anytime
28079,28079,Standard,Advance
28080,28080,Standard,Advance
28081,28081,Standard,Anytime
28082,28082,Standard,Advance
28083,28083,Standard,Anytime
28084,28084,Standard,Anytime
28085,28085,Standard,Anytime
28086,28086,Standard,Advance
28087,28087,Standard,Anytime
28088,28088,Standard,Anytime
28089,28089,Standard,Anytime
28090,28090,Standard,Anytime
28091,28091,Standard,Anytime
28092,28092,Standard,Anytime
28093,28093,Standard,Anytime
28094,28094,Standard,Anytime
28095,28095,Standard,Anytime
28096,28096,Standard,Anytime
28097,28097,Standard,Anytime
28098,28098,Standard,Anytime
28099,28099,Standard,Anytime
28100,28100,Standard,Off-Peak
28101,28101,Standard,Off-Peak
28102,28102,Standard,Off-Peak
28103,28103,Standard,Anytime
28104,28104,Standard,Advance
28105,28105,Standard,Advance
28106,28106,Standard,Off-Peak
28107,28107,Standard,Advance
28108,28108,Standard,Advance
28109,28109,Standard,Advance
28110,28110,Standard,Advance
28111,28111,Standard,Advance
28112,28112,Standard,Advance
28113,28113,Standard,Off-Peak
28114,28114,Standard,Off-Peak
28115,28115,Standard,Advance
28116,28116,Standard,Off-Peak
28117,28117,Standard,Off-Peak
28118,28118,Standard,Advance
28119,28119,Standard,Advance
28120,28120,Standard,Advance
28121,28121,Standard,Off-Peak
28122,28122,Standard,Off-Peak
28123,28123,Standard,Off-Peak
28124,28124,Standard,Advance
28125,28125,Standard,Advance
28126,28126,Standard,Off-Peak
28127,28127,Standard,Off-Peak
28128,28128,Standard,Off-Peak
28129,28129,Standard,Advance
28130,28130,Standard,Advance
28131,28131,Standard,Advance
28132,28132,Standard,Off-Peak
28133,28133,Standard,Off-Peak
28134,28134,Standard,Off-Peak
28135,28135,Standard,Off-Peak
28136,28136,Standard,Off-Peak
28137,28137,Standard,Advance
28138,28138,Standard,Off-Peak
28139,28139,Standard,Advance
28140,28140,Standard,Advance
28141,28141,Standard,Off-Peak
28142,28142,Standard,Off-Peak
28143,28143,Standard,Off-Peak
28144,28144,Standard,Off-Peak
28145,28145,Standard,Advance
28146,28146,Standard,Advance
28147,28147,Standard,Advance
28148,28148,Standard,Off-Peak
28149,28149,Standard,Advance
28150,28150,Standard,Off-Peak
28151,28151,Standard,Off-Peak
28152,28152,Standard,Advance
28153,28153,Standard,Off-Peak
28154,28154,Standard,Off-Peak
28155,28155,Standard,Advance
28156,28156,Standard,Advance
28157,28157,Standard,Advance
28158,28158,Standard,Anytime
28159,28159,Standard,Anytime
28160,28160,Standard,Anytime
28161,28161,Standard,Advance
28162,28162,Standard,Anytime
28163,28163,Standard,Anytime
28164,28164,Standard,Anytime
28165,28165,Standard,Anytime
28166,28166,Standard,Anytime
28167,28167,Standard,Advance
28168,28168,Standard,Anytime
28169,28169,Standard,Advance
28170,28170,Standard,Anytime
28171,28171,Standard,Anytime
28172,28172,Standard,Anytime
28173,28173,Standard,Anytime
28174,28174,Standard,Anytime
28175,28175,Standard,Anytime
28176,28176,Standard,Anytime
28177,28177,Standard,Anytime
28178,28178,Standard,Advance
28179,28179,Standard,Anytime
28180,28180,Standard,Advance
28181,28181,Standard,Advance
28182,28182,Standard,Anytime
28183,28183,Standard,Anytime
28184,28184,Standard,Anytime
28185,28185,Standard,Anytime
28186,28186,Standard,Anytime
28187,28187,Standard,Anytime
28188,28188,Standard,Anytime
28189,28189,Standard,Anytime
28190,28190,Standard,Anytime
28191,28191,Standard,Advance
28192,28192,Standard,Advance
28193,28193,Standard,Advance
28194,28194,Standard,Advance
28195,28195,Standard,Advance
28196,28196,Standard,Advance
28197,28197,Standard,Advance
28198,28198,Standard,Advance
28199,28199,Standard,Anytime
28200,28200,Standard,Off-Peak
28201,28201,Standard,Off-Peak
28202,28202,Standard,Off-Peak
28203,28203,Standard,Off-Peak
28204,28204,Standard,Off-Peak
28205,28205,Standard,Advance
28206,28206,Standard,Off-Peak
28207,28207,Standard,Off-Peak
28208,28208,Standard,Advance
28209,28209,Standard,Advance
28210,28210,Standard,Advance
28211,28211,Standard,Advance
28212,28212,Standard,Advance
28213,28213,Standard,Advance
28214,28214,Standard,Advance
28215,28215,Standard,Advance
28216,28216,Standard,Advance
28217,28217,Standard,Advance
28218,28218,Standard,Advance
28219,28219,Standard,Advance
28220,28220,Standard,Off-Peak
28221,28221,Standard,Off-Peak
28222,28222,Standard,Advance
28223,28223,Standard,Advance
28224,28224,Standard,Advance
28225,28225,Standard,Advance
28226,28226,Standard,Advance
28227,28227,Standard,Advance
28228,28228,Standard,Advance
28229,28229,Standard,Advance
28230,28230,Standard,Advance
28231,28231,Standard,Advance
28232,28232,Standard,Advance
28233,28233,Standard,Off-Peak
28234,28234,Standard,Off-Peak
28235,28235,Standard,Advance
28236,28236,Standard,Advance
28237,28237,Standard,Advance
28238,28238,Standard,Advance
28239,28239,Standard,Advance
28240,28240,Standard,Advance
28241,28241,Standard,Advance
28242,28242,Standard,Advance
28243,28243,Standard,Advance
28244,28244,Standard,Advance
28245,28245,Standard,Advance
28246,28246,Standard,Advance
28247,28247,Standard,Advance
28248,28248,Standard,Advance
28249,28249,Standard,Advance
28250,28250,Standard,Off-Peak
28251,28251,Standard,Off-Peak
28252,28252,Standard,Advance
28253,28253,Standard,Advance
28254,28254,Standard,Off-Peak
28255,28255,Standard,Off-Peak
28256,28256,Standard,Off-Peak
28257,28257,Standard,Off-Peak
28258,28258,Standard,Off-Peak
28259,28259,Standard,Off-Peak
28260,28260,Standard,Off-Peak
28261,28261,Standard,Off-Peak
28262,28262,Standard,Advance
28263,28263,Standard,Advance
28264,28264,Standard,Off-Peak
28265,28265,Standard,Advance
28266,28266,Standard,Off-Peak
28267,28267,Standard,Advance
28268,28268,Standard,Advance
28269,28269,Standard,Advance
28270,28270,Standard,Advance
28271,28271,Standard,Off-Peak
28272,28272,Standard,Advance
28273,28273,Standard,Off-Peak
28274,28274,Standard,Advance
28275,28275,Standard,Advance
28276,28276,Standard,Advance
28277,28277,Standard,Off-Peak
28278,28278,Standard,Off-Peak
28279,28279,Standard,Off-Peak
28280,28280,Standard,Advance
28281,28281,Standard,Off-Peak
28282,28282,Standard,Off-Peak
28283,28283,Standard,Off-Peak
28284,28284,Standard,Off-Peak
28285,28285,Standard,Advance
28286,28286,Standard,Advance
28287,28287,Standard,Advance
28288,28288,Standard,Advance
28289,28289,Standard,Off-Peak
28290,28290,Standard,Advance
28291,28291,Standard,Off-Peak
28292,28292,Standard,Off-Peak
28293,28293,Standard,Advance
28294,28294,Standard,Anytime
28295,28295,Standard,Anytime
28296,28296,Standard,Anytime
28297,28297,Standard,Anytime
28298,28298,Standard,Anytime
28299,28299,Standard,Anytime
28300,28300,Standard,Anytime
28301,28301,Standard,Advance
28302,28302,Standard,Anytime
28303,28303,Standard,Anytime
28304,28304,Standard,Advance
28305,28305,Standard,Anytime
28306,28306,Standard,Anytime
28307,28307,Standard,Advance
28308,28308,Standard,Off-Peak
28309,28309,Standard,Advance
28310,28310,Standard,Anytime
28311,28311,Standard,Advance
28312,28312,Standard,Advance
28313,28313,Standard,Anytime
28314,28314,Standard,Advance
28315,28315,Standard,Advance
28316,28316,Standard,Anytime
28317,28317,Standard,Anytime
28318,28318,Standard,Anytime
28319,28319,Standard,Anytime
28320,28320,Standard,Anytime
28321,28321,Standard,Anytime
28322,28322,Standard,Anytime
28323,28323,Standard,Anytime
28324,28324,Standard,Advance
28325,28325,Standard,Anytime
28326,28326,Standard,Anytime
28327,28327,Standard,Anytime
28328,28328,Standard,Advance
28329,28329,Standard,Anytime
28330,28330,Standard,Anytime
28331,28331,Standard,Anytime
28332,28332,Standard,Advance
28333,28333,Standard,Anytime
28334,28334,Standard,Anytime
28335,28335,Standard,Anytime
28336,28336,Standard,Anytime
28337,28337,Standard,Anytime
28338,28338,Standard,Anytime
28339,28339,Standard,Anytime
28340,28340,Standard,Anytime
28341,28341,Standard,Advance
28342,28342,Standard,Anytime
28343,28343,Standard,Off-Peak
28344,28344,Standard,Off-Peak
28345,28345,Standard,Off-Peak
28346,28346,Standard,Advance
28347,28347,Standard,Off-Peak
28348,28348,Standard,Advance
28349,28349,Standard,Off-Peak
28350,28350,Standard,Advance
28351,28351,Standard,Advance
28352,28352,Standard,Off-Peak
28353,28353,Standard,Advance
28354,28354,Standard,Advance
28355,28355,Standard,Advance
28356,28356,Standard,Advance
28357,28357,Standard,Advance
28358,28358,Standard,Advance
28359,28359,Standard,Advance
28360,28360,Standard,Advance
28361,28361,Standard,Advance
28362,28362,Standard,Advance
28363,28363,Standard,Advance
28364,28364,Standard,Advance
28365,28365,Standard,Advance
28366,28366,Standard,Advance
28367,28367,Standard,Advance
28368,28368,Standard,Advance
28369,28369,Standard,Advance
28370,28370,Standard,Advance
28371,28371,Standard,Advance
28372,28372,Standard,Advance
28373,28373,Standard,Advance
28374,28374,Standard,Advance
28375,28375,Standard,Advance
28376,28376,Standard,Advance
28377,28377,Standard,Advance
28378,28378,Standard,Advance
28379,28379,Standard,Off-Peak
28380,28380,Standard,Off-Peak
28381,28381,Standard,Off-Peak
28382,28382,Standard,Off-Peak
28383,28383,Standard,Advance
28384,28384,Standard,Advance
28385,28385,Standard,Advance
28386,28386,Standard,Off-Peak
28387,28387,Standard,Advance
28388,28388,Standard,Off-Peak
28389,28389,Standard,Advance
28390,28390,Standard,Off-Peak
28391,28391,Standard,Advance
28392,28392,Standard,Advance
28393,28393,Standard,Off-Peak
28394,28394,Standard,Advance
28395,28395,Standard,Advance
28396,28396,Standard,Advance
28397,28397,Standard,Advance
28398,28398,Standard,Off-Peak
28399,28399,Standard,Advance
28400,28400,Standard,Advance
28401,28401,Standard,Advance
28402,28402,Standard,Advance
28403,28403,Standard,Advance
28404,28404,Standard,Advance
28405,28405,Standard,Advance
28406,28406,Standard,Off-Peak
28407,28407,Standard,Off-Peak
28408,28408,Standard,Advance
28409,28409,Standard,Advance
28410,28410,Standard,Advance
28411,28411,Standard,Advance
28412,28412,Standard,Advance
28413,28413,Standard,Off-Peak
28414,28414,Standard,Off-Peak
28415,28415,Standard,Off-Peak
28416,28416,Standard,Advance
28417,28417,Standard,Off-Peak
28418,28418,Standard,Advance
28419,28419,Standard,Advance
28420,28420,Standard,Off-Peak
28421,28421,Standard,Advance
28422,28422,Standard,Advance
28423,28423,Standard,Advance
28424,28424,Standard,Off-Peak
28425,28425,Standard,Off-Peak
28426,28426,Standard,Advance
28427,28427,Standard,Advance
28428,28428,Standard,Off-Peak
28429,28429,Standard,Advance
28430,28430,Standard,Off-Peak
28431,28431,Standard,Off-Peak
28432,28432,Standard,Off-Peak
28433,28433,Standard,Advance
28434,28434,Standard,Off-Peak
28435,28435,Standard,Advance
28436,28436,Standard,Off-Peak
28437,28437,Standard,Advance
28438,28438,Standard,Off-Peak
28439,28439,Standard,Off-Peak
28440,28440,Standard,Off-Peak
28441,28441,Standard,Off-Peak
28442,28442,Standard,Off-Peak
28443,28443,Standard,Off-Peak
28444,28444,Standard,Off-Peak
28445,28445,Standard,Off-Peak
28446,28446,Standard,Anytime
28447,28447,Standard,Anytime
28448,28448,Standard,Anytime
28449,28449,Standard,Anytime
28450,28450,Standard,Anytime
28451,28451,Standard,Advance
28452,28452,Standard,Anytime
28453,28453,Standard,Advance
28454,28454,Standard,Advance
28455,28455,Standard,Anytime
28456,28456,Standard,Anytime
28457,28457,Standard,Advance
28458,28458,Standard,Advance
28459,28459,Standard,Anytime
28460,28460,Standard,Advance
28461,28461,Standard,Anytime
28462,28462,Standard,Anytime
28463,28463,Standard,Anytime
28464,28464,Standard,Anytime
28465,28465,Standard,Off-Peak
28466,28466,Standard,Anytime
28467,28467,Standard,Advance
28468,28468,Standard,Advance
28469,28469,Standard,Anytime
28470,28470,Standard,Anytime
28471,28471,Standard,Advance
28472,28472,Standard,Anytime
28473,28473,Standard,Anytime
28474,28474,Standard,Anytime
28475,28475,Standard,Advance
28476,28476,Standard,Anytime
28477,28477,Standard,Advance
28478,28478,Standard,Advance
28479,28479,Standard,Advance
28480,28480,Standard,Advance
28481,28481,Standard,Anytime
28482,28482,Standard,Advance
28483,28483,Standard,Advance
28484,28484,Standard,Anytime
28485,28485,Standard,Anytime
28486,28486,Standard,Advance
28487,28487,Standard,Advance
28488,28488,Standard,Anytime
28489,28489,Standard,Anytime
28490,28490,Standard,Anytime
28491,28491,Standard,Anytime
28492,28492,Standard,Anytime
28493,28493,Standard,Anytime
28494,28494,Standard,Anytime
28495,28495,Standard,Advance
28496,28496,Standard,Advance
28497,28497,Standard,Anytime
28498,28498,Standard,Anytime
28499,28499,Standard,Anytime
28500,28500,Standard,Anytime
28501,28501,Standard,Anytime
28502,28502,Standard,Advance
28503,28503,Standard,Advance
28504,28504,Standard,Advance
28505,28505,Standard,Advance
28506,28506,Standard,Advance
28507,28507,Standard,Advance
28508,28508,Standard,Off-Peak
28509,28509,Standard,Advance
28510,28510,Standard,Advance
28511,28511,Standard,Advance
28512,28512,Standard,Advance
28513,28513,Standard,Advance
28514,28514,Standard,Advance
28515,28515,Standard,Anytime
28516,28516,Standard,Off-Peak
28517,28517,Standard,Advance
28518,28518,Standard,Advance
28519,28519,Standard,Advance
28520,28520,Standard,Advance
28521,28521,Standard,Off-Peak
28522,28522,Standard,Off-Peak
28523,28523,Standard,Advance
28524,28524,Standard,Advance
28525,28525,Standard,Advance
28526,28526,Standard,Advance
28527,28527,Standard,Advance
28528,28528,Standard,Advance
28529,28529,Standard,Advance
28530,28530,Standard,Advance
28531,28531,Standard,Advance
28532,28532,Standard,Advance
28533,28533,Standard,Advance
28534,28534,Standard,Off-Peak
28535,28535,Standard,Advance
28536,28536,Standard,Off-Peak
28537,28537,Standard,Off-Peak
28538,28538,Standard,Advance
28539,28539,Standard,Advance
28540,28540,Standard,Advance
28541,28541,Standard,Advance
28542,28542,Standard,Advance
28543,28543,Standard,Advance
28544,28544,Standard,Advance
28545,28545,Standard,Advance
28546,28546,Standard,Advance
28547,28547,Standard,Off-Peak
28548,28548,Standard,Advance
28549,28549,Standard,Advance
28550,28550,Standard,Off-Peak
28551,28551,Standard,Off-Peak
28552,28552,Standard,Advance
28553,28553,Standard,Advance
28554,28554,Standard,Advance
28555,28555,Standard,Advance
28556,28556,Standard,Advance
28557,28557,Standard,Advance
28558,28558,Standard,Advance
28559,28559,Standard,Advance
28560,28560,Standard,Advance
28561,28561,Standard,Off-Peak
28562,28562,Standard,Off-Peak
28563,28563,Standard,Advance
28564,28564,Standard,Off-Peak
28565,28565,Standard,Off-Peak
28566,28566,Standard,Off-Peak
28567,28567,Standard,Off-Peak
28568,28568,Standard,Off-Peak
28569,28569,Standard,Advance
28570,28570,Standard,Off-Peak
28571,28571,Standard,Advance
28572,28572,Standard,Advance
28573,28573,Standard,Advance
28574,28574,Standard,Off-Peak
28575,28575,Standard,Off-Peak
28576,28576,Standard,Off-Peak
28577,28577,Standard,Off-Peak
28578,28578,Standard,Advance
28579,28579,Standard,Advance
28580,28580,Standard,Advance
28581,28581,Standard,Advance
28582,28582,Standard,Off-Peak
28583,28583,Standard,Advance
28584,28584,Standard,Anytime
28585,28585,Standard,Anytime
28586,28586,Standard,Advance
28587,28587,Standard,Anytime
28588,28588,Standard,Anytime
28589,28589,Standard,Anytime
28590,28590,Standard,Anytime
28591,28591,Standard,Anytime
28592,28592,Standard,Advance
28593,28593,Standard,Anytime
28594,28594,Standard,Anytime
28595,28595,Standard,Anytime
28596,28596,Standard,Anytime
28597,28597,Standard,Anytime
28598,28598,Standard,Anytime
28599,28599,Standard,Anytime
28600,28600,Standard,Anytime
28601,28601,Standard,Advance
28602,28602,Standard,Anytime
28603,28603,Standard,Anytime
28604,28604,Standard,Anytime
28605,28605,Standard,Anytime
28606,28606,Standard,Advance
28607,28607,Standard,Advance
28608,28608,Standard,Anytime
28609,28609,Standard,Advance
28610,28610,Standard,Advance
28611,28611,Standard,Advance
28612,28612,Standard,Advance
28613,28613,Standard,Advance
28614,28614,Standard,Anytime
28615,28615,Standard,Anytime
28616,28616,Standard,Advance
28617,28617,Standard,Advance
28618,28618,Standard,Anytime
28619,28619,Standard,Anytime
28620,28620,Standard,Anytime
28621,28621,Standard,Anytime
28622,28622,Standard,Advance
28623,28623,Standard,Advance
28624,28624,Standard,Anytime
28625,28625,Standard,Anytime
28626,28626,Standard,Anytime
28627,28627,Standard,Anytime
28628,28628,Standard,Off-Peak
28629,28629,Standard,Advance
28630,28630,Standard,Anytime
28631,28631,Standard,Off-Peak
28632,28632,Standard,Off-Peak
28633,28633,Standard,Off-Peak
28634,28634,Standard,Advance
28635,28635,Standard,Advance
28636,28636,Standard,Advance
28637,28637,Standard,Advance
28638,28638,Standard,Advance
28639,28639,Standard,Advance
28640,28640,Standard,Advance
28641,28641,Standard,Advance
28642,28642,Standard,Advance
28643,28643,Standard,Advance
28644,28644,Standard,Advance
28645,28645,Standard,Advance
28646,28646,Standard,Advance
28647,28647,Standard,Off-Peak
28648,28648,Standard,Advance
28649,28649,Standard,Advance
28650,28650,Standard,Advance
28651,28651,Standard,Advance
28652,28652,Standard,Off-Peak
28653,28653,Standard,Off-Peak
28654,28654,Standard,Advance
28655,28655,Standard,Off-Peak
28656,28656,Standard,Advance
28657,28657,Standard,Advance
28658,28658,Standard,Off-Peak
28659,28659,Standard,Advance
28660,28660,Standard,Off-Peak
28661,28661,Standard,Advance
28662,28662,Standard,Off-Peak
28663,28663,Standard,Off-Peak
28664,28664,Standard,Advance
28665,28665,Standard,Off-Peak
28666,28666,Standard,Off-Peak
28667,28667,Standard,Off-Peak
28668,28668,Standard,Advance
28669,28669,Standard,Advance
28670,28670,Standard,Off-Peak
28671,28671,Standard,Off-Peak
28672,28672,Standard,Advance
28673,28673,Standard,Advance
28674,28674,Standard,Advance
28675,28675,Standard,Advance
28676,28676,Standard,Advance
28677,28677,Standard,Advance
28678,28678,Standard,Advance
28679,28679,Standard,Off-Peak
28680,28680,Standard,Off-Peak
28681,28681,Standard,Off-Peak
28682,28682,Standard,Advance
28683,28683,Standard,Off-Peak
28684,28684,Standard,Off-Peak
28685,28685,Standard,Advance
28686,28686,Standard,Off-Peak
28687,28687,Standard,Off-Peak
28688,28688,Standard,Advance
28689,28689,Standard,Advance
28690,28690,Standard,Off-Peak
28691,28691,Standard,Off-Peak
28692,28692,Standard,Off-Peak
28693,28693,Standard,Advance
28694,28694,Standard,Advance
28695,28695,Standard,Off-Peak
28696,28696,Standard,Advance
28697,28697,Standard,Off-Peak
28698,28698,Standard,Off-Peak
28699,28699,Standard,Advance
28700,28700,Standard,Off-Peak
28701,28701,Standard,Off-Peak
28702,28702,Standard,Off-Peak
28703,28703,Standard,Advance
28704,28704,Standard,Off-Peak
28705,28705,Standard,Advance
28706,28706,Standard,Anytime
28707,28707,Standard,Anytime
28708,28708,Standard,Anytime
28709,28709,Standard,Advance
28710,28710,Standard,Anytime
28711,28711,Standard,Advance
28712,28712,Standard,Anytime
28713,28713,Standard,Anytime
28714,28714,Standard,Anytime
28715,28715,Standard,Anytime
28716,28716,Standard,Anytime
28717,28717,Standard,Anytime
28718,28718,Standard,Advance
28719,28719,Standard,Off-Peak
28720,28720,Standard,Advance
28721,28721,Standard,Off-Peak
28722,28722,Standard,Anytime
28723,28723,Standard,Advance
28724,28724,Standard,Anytime
28725,28725,Standard,Advance
28726,28726,Standard,Advance
28727,28727,Standard,Anytime
28728,28728,Standard,Advance
28729,28729,Standard,Anytime
28730,28730,Standard,Anytime
28731,28731,Standard,Anytime
28732,28732,Standard,Anytime
28733,28733,Standard,Anytime
28734,28734,Standard,Anytime
28735,28735,Standard,Advance
28736,28736,Standard,Anytime
28737,28737,Standard,Anytime
28738,28738,Standard,Anytime
28739,28739,Standard,Anytime
28740,28740,Standard,Anytime
28741,28741,Standard,Anytime
28742,28742,Standard,Anytime
28743,28743,Standard,Advance
28744,28744,Standard,Anytime
28745,28745,Standard,Anytime
28746,28746,Standard,Anytime
28747,28747,Standard,Anytime
28748,28748,Standard,Advance
28749,28749,Standard,Anytime
28750,28750,Standard,Advance
28751,28751,Standard,Anytime
28752,28752,Standard,Anytime
28753,28753,Standard,Anytime
28754,28754,Standard,Anytime
28755,28755,Standard,Advance
28756,28756,Standard,Anytime
28757,28757,Standard,Anytime
28758,28758,Standard,Anytime
28759,28759,Standard,Advance
28760,28760,Standard,Advance
28761,28761,Standard,Advance
28762,28762,Standard,Advance
28763,28763,Standard,Advance
28764,28764,Standard,Advance
28765,28765,Standard,Advance
28766,28766,Standard,Advance
28767,28767,Standard,Advance
28768,28768,Standard,Advance
28769,28769,Standard,Off-Peak
28770,28770,Standard,Off-Peak
28771,28771,Standard,Off-Peak
28772,28772,Standard,Advance
28773,28773,Standard,Advance
28774,28774,Standard,Off-Peak
28775,28775,Standard,Anytime
28776,28776,Standard,Anytime
28777,28777,Standard,Anytime
28778,28778,Standard,Anytime
28779,28779,Standard,Anytime
28780,28780,Standard,Anytime
28781,28781,Standard,Anytime
28782,28782,Standard,Advance
28783,28783,Standard,Off-Peak
28784,28784,Standard,Advance
28785,28785,Standard,Off-Peak
28786,28786,Standard,Off-Peak
28787,28787,Standard,Off-Peak
28788,28788,Standard,Advance
28789,28789,Standard,Advance
28790,28790,Standard,Off-Peak
28791,28791,Standard,Off-Peak
28792,28792,Standard,Off-Peak
28793,28793,Standard,Advance
28794,28794,Standard,Advance
28795,28795,Standard,Advance
28796,28796,Standard,Advance
28797,28797,Standard,Advance
28798,28798,Standard,Advance
28799,28799,Standard,Advance
28800,28800,Standard,Advance
28801,28801,Standard,Advance
28802,28802,Standard,Off-Peak
28803,28803,Standard,Off-Peak
28804,28804,Standard,Advance
28805,28805,Standard,Advance
28806,28806,Standard,Advance
28807,28807,Standard,Advance
28808,28808,Standard,Advance
28809,28809,Standard,Advance
28810,28810,Standard,Advance
28811,28811,Standard,Advance
28812,28812,Standard,Advance
28813,28813,Standard,Advance
28814,28814,Standard,Advance
28815,28815,Standard,Advance
28816,28816,Standard,Advance
28817,28817,Standard,Off-Peak
28818,28818,Standard,Off-Peak
28819,28819,Standard,Advance
28820,28820,Standard,Advance
28821,28821,Standard,Advance
28822,28822,Standard,Advance
28823,28823,Standard,Advance
28824,28824,Standard,Advance
28825,28825,Standard,Advance
28826,28826,Standard,Advance
28827,28827,Standard,Advance
28828,28828,Standard,Advance
28829,28829,Standard,Advance
28830,28830,Standard,Advance
28831,28831,Standard,Off-Peak
28832,28832,Standard,Off-Peak
28833,28833,Standard,Off-Peak
28834,28834,Standard,Off-Peak
28835,28835,Standard,Off-Peak
28836,28836,Standard,Advance
28837,28837,Standard,Off-Peak
28838,28838,Standard,Off-Peak
28839,28839,Standard,Off-Peak
28840,28840,Standard,Off-Peak
28841,28841,Standard,Off-Peak
28842,28842,Standard,Advance
28843,28843,Standard,Off-Peak
28844,28844,Standard,Advance
28845,28845,Standard,Advance
28846,28846,Standard,Advance
28847,28847,Standard,Advance
28848,28848,Standard,Advance
28849,28849,Standard,Off-Peak
28850,28850,Standard,Off-Peak
28851,28851,Standard,Advance
28852,28852,Standard,Advance
28853,28853,Standard,Off-Peak
28854,28854,Standard,Off-Peak
28855,28855,Standard,Off-Peak
28856,28856,Standard,Advance
28857,28857,Standard,Off-Peak
28858,28858,Standard,Advance
28859,28859,Standard,Advance
28860,28860,Standard,Off-Peak
28861,28861,Standard,Off-Peak
28862,28862,Standard,Advance
28863,28863,Standard,Off-Peak
28864,28864,Standard,Advance
28865,28865,Standard,Advance
28866,28866,Standard,Off-Peak
28867,28867,Standard,Off-Peak
28868,28868,Standard,Advance
28869,28869,Standard,Off-Peak
28870,28870,Standard,Off-Peak
28871,28871,Standard,Off-Peak
28872,28872,Standard,Off-Peak
28873,28873,Standard,Off-Peak
28874,28874,Standard,Advance
28875,28875,Standard,Off-Peak
28876,28876,Standard,Off-Peak
28877,28877,Standard,Advance
28878,28878,Standard,Off-Peak
28879,28879,Standard,Off-Peak
28880,28880,Standard,Off-Peak
28881,28881,Standard,Off-Peak
28882,28882,Standard,Off-Peak
28883,28883,Standard,Off-Peak
28884,28884,Standard,Advance
28885,28885,Standard,Off-Peak
28886,28886,Standard,Advance
28887,28887,Standard,Off-Peak
28888,28888,Standard,Off-Peak
28889,28889,Standard,Advance
28890,28890,Standard,Off-Peak
28891,28891,Standard,Off-Peak
28892,28892,Standard,Off-Peak
28893,28893,Standard,Advance
28894,28894,Standard,Off-Peak
28895,28895,Standard,Off-Peak
28896,28896,Standard,Off-Peak
28897,28897,Standard,Advance
28898,28898,Standard,Off-Peak
28899,28899,Standard,Off-Peak
28900,28900,Standard,Off-Peak
28901,28901,Standard,Off-Peak
28902,28902,Standard,Off-Peak
28903,28903,Standard,Off-Peak
28904,28904,Standard,Advance
28905,28905,Standard,Off-Peak
28906,28906,Standard,Off-Peak
28907,28907,Standard,Off-Peak
28908,28908,Standard,Off-Peak
28909,28909,Standard,Off-Peak
28910,28910,Standard,Advance
28911,28911,Standard,Off-Peak
28912,28912,Standard,Off-Peak
28913,28913,Standard,Advance
28914,28914,Standard,Advance
28915,28915,Standard,Advance
28916,28916,Standard,Off-Peak
28917,28917,Standard,Off-Peak
28918,28918,Standard,Advance
28919,28919,Standard,Advance
28920,28920,Standard,Off-Peak
28921,28921,Standard,Advance
28922,28922,Standard,Advance
28923,28923,Standard,Off-Peak
28924,28924,Standard,Advance
28925,28925,Standard,Off-Peak
28926,28926,Standard,Advance
28927,28927,Standard,Advance
28928,28928,Standard,Advance
28929,28929,Standard,Advance
28930,28930,Standard,Advance
28931,28931,Standard,Advance
28932,28932,Standard,Advance
28933,28933,Standard,Off-Peak
28934,28934,Standard,Advance
28935,28935,Standard,Advance
28936,28936,Standard,Advance
28937,28937,Standard,Off-Peak
28938,28938,Standard,Advance
28939,28939,Standard,Advance
28940,28940,Standard,Advance
28941,28941,Standard,Advance
28942,28942,Standard,Off-Peak
28943,28943,Standard,Advance
28944,28944,Standard,Advance
28945,28945,Standard,Off-Peak
28946,28946,Standard,Off-Peak
28947,28947,Standard,Off-Peak
28948,28948,Standard,Advance
28949,28949,Standard,Advance
28950,28950,Standard,Advance
28951,28951,Standard,Off-Peak
28952,28952,Standard,Off-Peak
28953,28953,Standard,Off-Peak
28954,28954,Standard,Off-Peak
28955,28955,Standard,Advance
28956,28956,Standard,Advance
28957,28957,Standard,Advance
28958,28958,Standard,Off-Peak
28959,28959,Standard,Off-Peak
28960,28960,Standard,Off-Peak
28961,28961,Standard,Advance
28962,28962,Standard,Off-Peak
28963,28963,Standard,Off-Peak
28964,28964,Standard,Advance
28965,28965,Standard,Advance
28966,28966,Standard,Off-Peak
28967,28967,Standard,Advance
28968,28968,Standard,Off-Peak
28969,28969,Standard,Advance
28970,28970,Standard,Advance
28971,28971,Standard,Advance
28972,28972,Standard,Off-Peak
28973,28973,Standard,Off-Peak
28974,28974,Standard,Off-Peak
28975,28975,Standard,Off-Peak
28976,28976,Standard,Advance
28977,28977,Standard,Advance
28978,28978,Standard,Off-Peak
28979,28979,Standard,Advance
28980,28980,Standard,Off-Peak
28981,28981,Standard,Off-Peak
28982,28982,Standard,Off-Peak
28983,28983,Standard,Off-Peak
28984,28984,Standard,Off-Peak
28985,28985,Standard,Off-Peak
28986,28986,Standard,Off-Peak
28987,28987,Standard,Advance
28988,28988,Standard,Off-Peak
28989,28989,Standard,Advance
28990,28990,Standard,Off-Peak
28991,28991,Standard,Off-Peak
28992,28992,Standard,Off-Peak
28993,28993,Standard,Advance
28994,28994,Standard,Advance
28995,28995,Standard,Advance
28996,28996,Standard,Off-Peak
28997,28997,Standard,Off-Peak
28998,28998,Standard,Off-Peak
28999,28999,Standard,Advance
29000,29000,Standard,Off-Peak
29001,29001,Standard,Advance
29002,29002,Standard,Off-Peak
29003,29003,Standard,Advance
29004,29004,Standard,Off-Peak
29005,29005,Standard,Off-Peak
29006,29006,Standard,Off-Peak
29007,29007,Standard,Advance
29008,29008,Standard,Off-Peak
29009,29009,Standard,Off-Peak
29010,29010,Standard,Advance
29011,29011,Standard,Advance
29012,29012,Standard,Advance
29013,29013,Standard,Advance
29014,29014,Standard,Advance
29015,29015,Standard,Advance
29016,29016,Standard,Off-Peak
29017,29017,Standard,Off-Peak
29018,29018,Standard,Off-Peak
29019,29019,Standard,Off-Peak
29020,29020,Standard,Off-Peak
29021,29021,Standard,Off-Peak
29022,29022,Standard,Off-Peak
29023,29023,Standard,Off-Peak
29024,29024,Standard,Off-Peak
29025,29025,Standard,Advance
29026,29026,Standard,Advance
29027,29027,Standard,Advance
29028,29028,Standard,Advance
29029,29029,Standard,Off-Peak
29030,29030,Standard,Advance
29031,29031,Standard,Advance
29032,29032,Standard,Advance
29033,29033,Standard,Advance
29034,29034,Standard,Off-Peak
29035,29035,Standard,Advance
29036,29036,Standard,Advance
29037,29037,Standard,Off-Peak
29038,29038,Standard,Off-Peak
29039,29039,Standard,Off-Peak
29040,29040,Standard,Advance
29041,29041,Standard,Advance
29042,29042,Standard,Advance
29043,29043,Standard,Advance
29044,29044,Standard,Off-Peak
29045,29045,Standard,Advance
29046,29046,Standard,Advance
29047,29047,Standard,Off-Peak
29048,29048,Standard,Advance
29049,29049,Standard,Advance
29050,29050,Standard,Advance
29051,29051,Standard,Advance
29052,29052,Standard,Advance
29053,29053,Standard,Advance
29054,29054,Standard,Advance
29055,29055,Standard,Advance
29056,29056,Standard,Advance
29057,29057,Standard,Advance
29058,29058,Standard,Advance
29059,29059,Standard,Advance
29060,29060,Standard,Advance
29061,29061,Standard,Advance
29062,29062,Standard,Advance
29063,29063,Standard,Advance
29064,29064,Standard,Advance
29065,29065,Standard,Advance
29066,29066,Standard,Advance
29067,29067,Standard,Advance
29068,29068,Standard,Advance
29069,29069,Standard,Advance
29070,29070,Standard,Advance
29071,29071,Standard,Advance
29072,29072,Standard,Off-Peak
29073,29073,Standard,Advance
29074,29074,Standard,Off-Peak
29075,29075,Standard,Advance
29076,29076,Standard,Off-Peak
29077,29077,Standard,Advance
29078,29078,Standard,Advance
29079,29079,Standard,Off-Peak
29080,29080,Standard,Advance
29081,29081,Standard,Advance
29082,29082,Standard,Advance
29083,29083,Standard,Advance
29084,29084,Standard,Advance
29085,29085,Standard,Advance
29086,29086,Standard,Advance
29087,29087,Standard,Advance
29088,29088,Standard,Advance
29089,29089,Standard,Advance
29090,29090,Standard,Advance
29091,29091,Standard,Advance
29092,29092,Standard,Off-Peak
29093,29093,Standard,Off-Peak
29094,29094,Standard,Off-Peak
29095,29095,Standard,Off-Peak
29096,29096,Standard,Off-Peak
29097,29097,Standard,Advance
29098,29098,Standard,Advance
29099,29099,Standard,Off-Peak
29100,29100,Standard,Off-Peak
29101,29101,Standard,Off-Peak
29102,29102,Standard,Off-Peak
29103,29103,Standard,Advance
29104,29104,Standard,Advance
29105,29105,Standard,Off-Peak
29106,29106,Standard,Advance
29107,29107,Standard,Off-Peak
29108,29108,Standard,Advance
29109,29109,Standard,Off-Peak
29110,29110,Standard,Off-Peak
29111,29111,Standard,Off-Peak
29112,29112,Standard,Off-Peak
29113,29113,Standard,Off-Peak
29114,29114,Standard,Advance
29115,29115,Standard,Off-Peak
29116,29116,Standard,Advance
29117,29117,Standard,Off-Peak
29118,29118,Standard,Off-Peak
29119,29119,Standard,Off-Peak
29120,29120,Standard,Off-Peak
29121,29121,Standard,Off-Peak
29122,29122,Standard,Off-Peak
29123,29123,Standard,Off-Peak
29124,29124,Standard,Off-Peak
29125,29125,Standard,Advance
29126,29126,Standard,Off-Peak
29127,29127,Standard,Off-Peak
29128,29128,Standard,Advance
29129,29129,Standard,Advance
29130,29130,Standard,Off-Peak
29131,29131,Standard,Off-Peak
29132,29132,Standard,Advance
29133,29133,Standard,Off-Peak
29134,29134,Standard,Advance
29135,29135,Standard,Off-Peak
29136,29136,Standard,Off-Peak
29137,29137,Standard,Off-Peak
29138,29138,Standard,Off-Peak
29139,29139,Standard,Advance
29140,29140,Standard,Off-Peak
29141,29141,Standard,Advance
29142,29142,Standard,Advance
29143,29143,Standard,Advance
29144,29144,Standard,Off-Peak
29145,29145,Standard,Off-Peak
29146,29146,Standard,Advance
29147,29147,Standard,Off-Peak
29148,29148,Standard,Off-Peak
29149,29149,Standard,Off-Peak
29150,29150,Standard,Advance
29151,29151,Standard,Off-Peak
29152,29152,Standard,Advance
29153,29153,Standard,Advance
29154,29154,Standard,Off-Peak
29155,29155,Standard,Off-Peak
29156,29156,Standard,Off-Peak
29157,29157,Standard,Advance
29158,29158,Standard,Advance
29159,29159,Standard,Off-Peak
29160,29160,Standard,Advance
29161,29161,Standard,Off-Peak
29162,29162,Standard,Off-Peak
29163,29163,Standard,Off-Peak
29164,29164,Standard,Off-Peak
29165,29165,Standard,Off-Peak
29166,29166,Standard,Off-Peak
29167,29167,Standard,Off-Peak
29168,29168,Standard,Advance
29169,29169,Standard,Off-Peak
29170,29170,Standard,Advance
29171,29171,Standard,Advance
29172,29172,Standard,Advance
29173,29173,Standard,Advance
29174,29174,Standard,Advance
29175,29175,Standard,Advance
29176,29176,Standard,Advance
29177,29177,Standard,Advance
29178,29178,Standard,Advance
29179,29179,Standard,Advance
29180,29180,Standard,Advance
29181,29181,Standard,Advance
29182,29182,Standard,Off-Peak
29183,29183,Standard,Advance
29184,29184,Standard,Advance
29185,29185,Standard,Advance
29186,29186,Standard,Advance
29187,29187,Standard,Advance
29188,29188,Standard,Advance
29189,29189,Standard,Advance
29190,29190,Standard,Advance
29191,29191,Standard,Off-Peak
29192,29192,Standard,Advance
29193,29193,Standard,Advance
29194,29194,Standard,Advance
29195,29195,Standard,Off-Peak
29196,29196,Standard,Off-Peak
29197,29197,Standard,Advance
29198,29198,Standard,Advance
29199,29199,Standard,Off-Peak
29200,29200,Standard,Advance
29201,29201,Standard,Off-Peak
29202,29202,Standard,Advance
29203,29203,Standard,Advance
29204,29204,Standard,Off-Peak
29205,29205,Standard,Advance
29206,29206,Standard,Advance
29207,29207,Standard,Advance
29208,29208,Standard,Off-Peak
29209,29209,Standard,Advance
29210,29210,Standard,Advance
29211,29211,Standard,Off-Peak
29212,29212,Standard,Off-Peak
29213,29213,Standard,Advance
29214,29214,Standard,Advance
29215,29215,Standard,Advance
29216,29216,Standard,Advance
29217,29217,Standard,Advance
29218,29218,Standard,Off-Peak
29219,29219,Standard,Off-Peak
29220,29220,Standard,Advance
29221,29221,Standard,Off-Peak
29222,29222,Standard,Advance
29223,29223,Standard,Advance
29224,29224,Standard,Off-Peak
29225,29225,Standard,Off-Peak
29226,29226,Standard,Advance
29227,29227,Standard,Advance
29228,29228,Standard,Advance
29229,29229,Standard,Off-Peak
29230,29230,Standard,Off-Peak
29231,29231,Standard,Advance
29232,29232,Standard,Off-Peak
29233,29233,Standard,Off-Peak
29234,29234,Standard,Advance
29235,29235,Standard,Advance
29236,29236,Standard,Off-Peak
29237,29237,Standard,Off-Peak
29238,29238,Standard,Advance
29239,29239,Standard,Off-Peak
29240,29240,Standard,Off-Peak
29241,29241,Standard,Off-Peak
29242,29242,Standard,Advance
29243,29243,Standard,Advance
29244,29244,Standard,Off-Peak
29245,29245,Standard,Off-Peak
29246,29246,Standard,Off-Peak
29247,29247,Standard,Off-Peak
29248,29248,Standard,Off-Peak
29249,29249,Standard,Off-Peak
29250,29250,Standard,Off-Peak
29251,29251,Standard,Off-Peak
29252,29252,Standard,Off-Peak
29253,29253,Standard,Off-Peak
29254,29254,Standard,Off-Peak
29255,29255,Standard,Off-Peak
29256,29256,Standard,Advance
29257,29257,Standard,Off-Peak
29258,29258,Standard,Off-Peak
29259,29259,Standard,Off-Peak
29260,29260,Standard,Advance
29261,29261,Standard,Off-Peak
29262,29262,Standard,Advance
29263,29263,Standard,Off-Peak
29264,29264,Standard,Off-Peak
29265,29265,Standard,Off-Peak
29266,29266,Standard,Advance
29267,29267,Standard,Off-Peak
29268,29268,Standard,Off-Peak
29269,29269,Standard,Off-Peak
29270,29270,Standard,Off-Peak
29271,29271,Standard,Off-Peak
29272,29272,Standard,Off-Peak
29273,29273,Standard,Off-Peak
29274,29274,Standard,Advance
29275,29275,Standard,Off-Peak
29276,29276,Standard,Off-Peak
29277,29277,Standard,Off-Peak
29278,29278,Standard,Advance
29279,29279,Standard,Advance
29280,29280,Standard,Advance
29281,29281,Standard,Advance
29282,29282,Standard,Off-Peak
29283,29283,Standard,Advance
29284,29284,Standard,Off-Peak
29285,29285,Standard,Advance
29286,29286,Standard,Advance
29287,29287,Standard,Advance
29288,29288,Standard,Off-Peak
29289,29289,Standard,Off-Peak
29290,29290,Standard,Off-Peak
29291,29291,Standard,Off-Peak
29292,29292,Standard,Off-Peak
29293,29293,Standard,Off-Peak
29294,29294,Standard,Off-Peak
29295,29295,Standard,Off-Peak
29296,29296,Standard,Off-Peak
29297,29297,Standard,Advance
29298,29298,Standard,Advance
29299,29299,Standard,Off-Peak
29300,29300,Standard,Advance
29301,29301,Standard,Advance
29302,29302,Standard,Advance
29303,29303,Standard,Advance
29304,29304,Standard,Advance
29305,29305,Standard,Advance
29306,29306,Standard,Advance
29307,29307,Standard,Off-Peak
29308,29308,Standard,Off-Peak
29309,29309,Standard,Advance
29310,29310,Standard,Off-Peak
29311,29311,Standard,Off-Peak
29312,29312,Standard,Off-Peak
29313,29313,Standard,Off-Peak
29314,29314,Standard,Advance
29315,29315,Standard,Off-Peak
29316,29316,Standard,Advance
29317,29317,Standard,Off-Peak
29318,29318,Standard,Advance
29319,29319,Standard,Off-Peak
29320,29320,Standard,Advance
29321,29321,Standard,Advance
29322,29322,Standard,Advance
29323,29323,Standard,Off-Peak
29324,29324,Standard,Advance
29325,29325,Standard,Advance
29326,29326,Standard,Advance
29327,29327,Standard,Advance
29328,29328,Standard,Advance
29329,29329,Standard,Advance
29330,29330,Standard,Advance
29331,29331,Standard,Advance
29332,29332,Standard,Advance
29333,29333,Standard,Advance
29334,29334,Standard,Advance
29335,29335,Standard,Advance
29336,29336,Standard,Advance
29337,29337,Standard,Advance
29338,29338,Standard,Advance
29339,29339,Standard,Advance
29340,29340,Standard,Off-Peak
29341,29341,Standard,Advance
29342,29342,Standard,Advance
29343,29343,Standard,Advance
29344,29344,Standard,Advance
29345,29345,Standard,Advance
29346,29346,Standard,Advance
29347,29347,Standard,Advance
29348,29348,Standard,Advance
29349,29349,Standard,Advance
29350,29350,Standard,Advance
29351,29351,Standard,Advance
29352,29352,Standard,Advance
29353,29353,Standard,Advance
29354,29354,Standard,Advance
29355,29355,Standard,Advance
29356,29356,Standard,Advance
29357,29357,Standard,Advance
29358,29358,Standard,Off-Peak
29359,29359,Standard,Off-Peak
29360,29360,Standard,Off-Peak
29361,29361,Standard,Off-Peak
29362,29362,Standard,Advance
29363,29363,Standard,Off-Peak
29364,29364,Standard,Advance
29365,29365,Standard,Off-Peak
29366,29366,Standard,Advance
29367,29367,Standard,Advance
29368,29368,Standard,Advance
29369,29369,Standard,Off-Peak
29370,29370,Standard,Off-Peak
29371,29371,Standard,Advance
29372,29372,Standard,Off-Peak
29373,29373,Standard,Off-Peak
29374,29374,Standard,Advance
29375,29375,Standard,Advance
29376,29376,Standard,Advance
29377,29377,Standard,Off-Peak
29378,29378,Standard,Advance
29379,29379,Standard,Off-Peak
29380,29380,Standard,Off-Peak
29381,29381,Standard,Off-Peak
29382,29382,Standard,Advance
29383,29383,Standard,Off-Peak
29384,29384,Standard,Off-Peak
29385,29385,Standard,Advance
29386,29386,Standard,Advance
29387,29387,Standard,Off-Peak
29388,29388,Standard,Advance
29389,29389,Standard,Off-Peak
29390,29390,Standard,Off-Peak
29391,29391,Standard,Off-Peak
29392,29392,Standard,Advance
29393,29393,Standard,Anytime
29394,29394,Standard,Anytime
29395,29395,Standard,Anytime
29396,29396,Standard,Advance
29397,29397,Standard,Anytime
29398,29398,Standard,Anytime
29399,29399,Standard,Anytime
29400,29400,Standard,Anytime
29401,29401,Standard,Anytime
29402,29402,Standard,Anytime
29403,29403,Standard,Anytime
29404,29404,Standard,Anytime
29405,29405,Standard,Advance
29406,29406,Standard,Anytime
29407,29407,Standard,Anytime
29408,29408,Standard,Anytime
29409,29409,Standard,Anytime
29410,29410,Standard,Anytime
29411,29411,Standard,Anytime
29412,29412,Standard,Advance
29413,29413,Standard,Advance
29414,29414,Standard,Advance
29415,29415,Standard,Advance
29416,29416,Standard,Anytime
29417,29417,Standard,Advance
29418,29418,Standard,Advance
29419,29419,Standard,Anytime
29420,29420,Standard,Advance
29421,29421,Standard,Anytime
29422,29422,Standard,Anytime
29423,29423,Standard,Anytime
29424,29424,Standard,Anytime
29425,29425,Standard,Anytime
29426,29426,Standard,Anytime
29427,29427,Standard,Anytime
29428,29428,Standard,Anytime
29429,29429,Standard,Anytime
29430,29430,Standard,Anytime
29431,29431,Standard,Anytime
29432,29432,Standard,Anytime
29433,29433,Standard,Advance
29434,29434,Standard,Anytime
29435,29435,Standard,Anytime
29436,29436,Standard,Advance
29437,29437,Standard,Off-Peak
29438,29438,Standard,Advance
29439,29439,Standard,Advance
29440,29440,Standard,Advance
29441,29441,Standard,Off-Peak
29442,29442,Standard,Advance
29443,29443,Standard,Advance
29444,29444,Standard,Advance
29445,29445,Standard,Advance
29446,29446,Standard,Advance
29447,29447,Standard,Advance
29448,29448,Standard,Advance
29449,29449,Standard,Advance
29450,29450,Standard,Advance
29451,29451,Standard,Advance
29452,29452,Standard,Advance
29453,29453,Standard,Advance
29454,29454,Standard,Advance
29455,29455,Standard,Off-Peak
29456,29456,Standard,Advance
29457,29457,Standard,Advance
29458,29458,Standard,Advance
29459,29459,Standard,Advance
29460,29460,Standard,Advance
29461,29461,Standard,Advance
29462,29462,Standard,Advance
29463,29463,Standard,Advance
29464,29464,Standard,Advance
29465,29465,Standard,Off-Peak
29466,29466,Standard,Advance
29467,29467,Standard,Advance
29468,29468,Standard,Advance
29469,29469,Standard,Advance
29470,29470,Standard,Advance
29471,29471,Standard,Advance
29472,29472,Standard,Advance
29473,29473,Standard,Advance
29474,29474,Standard,Advance
29475,29475,Standard,Advance
29476,29476,Standard,Advance
29477,29477,Standard,Advance
29478,29478,Standard,Advance
29479,29479,Standard,Advance
29480,29480,Standard,Advance
29481,29481,Standard,Advance
29482,29482,Standard,Advance
29483,29483,Standard,Off-Peak
29484,29484,Standard,Advance
29485,29485,Standard,Advance
29486,29486,Standard,Advance
29487,29487,Standard,Advance
29488,29488,Standard,Advance
29489,29489,Standard,Off-Peak
29490,29490,Standard,Off-Peak
29491,29491,Standard,Off-Peak
29492,29492,Standard,Off-Peak
29493,29493,Standard,Off-Peak
29494,29494,Standard,Off-Peak
29495,29495,Standard,Advance
29496,29496,Standard,Advance
29497,29497,Standard,Off-Peak
29498,29498,Standard,Off-Peak
29499,29499,Standard,Off-Peak
29500,29500,Standard,Off-Peak
29501,29501,Standard,Advance
29502,29502,Standard,Off-Peak
29503,29503,Standard,Off-Peak
29504,29504,Standard,Advance
29505,29505,Standard,Advance
29506,29506,Standard,Advance
29507,29507,Standard,Advance
29508,29508,Standard,Off-Peak
29509,29509,Standard,Advance
29510,29510,Standard,Advance
29511,29511,Standard,Advance
29512,29512,Standard,Advance
29513,29513,Standard,Off-Peak
29514,29514,Standard,Advance
29515,29515,Standard,Off-Peak
29516,29516,Standard,Off-Peak
29517,29517,Standard,Advance
29518,29518,Standard,Off-Peak
29519,29519,Standard,Off-Peak
29520,29520,Standard,Off-Peak
29521,29521,Standard,Anytime
29522,29522,Standard,Anytime
29523,29523,Standard,Anytime
29524,29524,Standard,Anytime
29525,29525,Standard,Anytime
29526,29526,Standard,Anytime
29527,29527,Standard,Advance
29528,29528,Standard,Anytime
29529,29529,Standard,Advance
29530,29530,Standard,Advance
29531,29531,Standard,Anytime
29532,29532,Standard,Advance
29533,29533,Standard,Anytime
29534,29534,Standard,Advance
29535,29535,Standard,Advance
29536,29536,Standard,Anytime
29537,29537,Standard,Advance
29538,29538,Standard,Off-Peak
29539,29539,Standard,Advance
29540,29540,Standard,Advance
29541,29541,Standard,Anytime
29542,29542,Standard,Anytime
29543,29543,Standard,Advance
29544,29544,Standard,Anytime
29545,29545,Standard,Advance
29546,29546,Standard,Anytime
29547,29547,Standard,Anytime
29548,29548,Standard,Advance
29549,29549,Standard,Advance
29550,29550,Standard,Anytime
29551,29551,Standard,Anytime
29552,29552,Standard,Advance
29553,29553,Standard,Anytime
29554,29554,Standard,Anytime
29555,29555,Standard,Anytime
29556,29556,Standard,Anytime
29557,29557,Standard,Anytime
29558,29558,Standard,Anytime
29559,29559,Standard,Anytime
29560,29560,Standard,Anytime
29561,29561,Standard,Advance
29562,29562,Standard,Advance
29563,29563,Standard,Anytime
29564,29564,Standard,Anytime
29565,29565,Standard,Advance
29566,29566,Standard,Anytime
29567,29567,Standard,Anytime
29568,29568,Standard,Anytime
29569,29569,Standard,Anytime
29570,29570,Standard,Advance
29571,29571,Standard,Anytime
29572,29572,Standard,Advance
29573,29573,Standard,Advance
29574,29574,Standard,Advance
29575,29575,Standard,Advance
29576,29576,Standard,Advance
29577,29577,Standard,Advance
29578,29578,Standard,Advance
29579,29579,Standard,Advance
29580,29580,Standard,Advance
29581,29581,Standard,Advance
29582,29582,Standard,Advance
29583,29583,Standard,Advance
29584,29584,Standard,Advance
29585,29585,Standard,Anytime
29586,29586,Standard,Anytime
29587,29587,Standard,Advance
29588,29588,Standard,Off-Peak
29589,29589,Standard,Advance
29590,29590,Standard,Advance
29591,29591,Standard,Advance
29592,29592,Standard,Advance
29593,29593,Standard,Advance
29594,29594,Standard,Advance
29595,29595,Standard,Advance
29596,29596,Standard,Advance
29597,29597,Standard,Off-Peak
29598,29598,Standard,Off-Peak
29599,29599,Standard,Advance
29600,29600,Standard,Off-Peak
29601,29601,Standard,Advance
29602,29602,Standard,Advance
29603,29603,Standard,Advance
29604,29604,Standard,Advance
29605,29605,Standard,Advance
29606,29606,Standard,Advance
29607,29607,Standard,Advance
29608,29608,Standard,Advance
29609,29609,Standard,Advance
29610,29610,Standard,Advance
29611,29611,Standard,Advance
29612,29612,Standard,Off-Peak
29613,29613,Standard,Off-Peak
29614,29614,Standard,Advance
29615,29615,Standard,Advance
29616,29616,Standard,Advance
29617,29617,Standard,Advance
29618,29618,Standard,Advance
29619,29619,Standard,Advance
29620,29620,Standard,Advance
29621,29621,Standard,Advance
29622,29622,Standard,Advance
29623,29623,Standard,Advance
29624,29624,Standard,Off-Peak
29625,29625,Standard,Advance
29626,29626,Standard,Off-Peak
29627,29627,Standard,Off-Peak
29628,29628,Standard,Off-Peak
29629,29629,Standard,Off-Peak
29630,29630,Standard,Advance
29631,29631,Standard,Off-Peak
29632,29632,Standard,Advance
29633,29633,Standard,Off-Peak
29634,29634,Standard,Off-Peak
29635,29635,Standard,Off-Peak
29636,29636,Standard,Off-Peak
29637,29637,Standard,Advance
29638,29638,Standard,Off-Peak
29639,29639,Standard,Advance
29640,29640,Standard,Advance
29641,29641,Standard,Off-Peak
29642,29642,Standard,Off-Peak
29643,29643,Standard,Off-Peak
29644,29644,Standard,Off-Peak
29645,29645,Standard,Off-Peak
29646,29646,Standard,Off-Peak
29647,29647,Standard,Off-Peak
29648,29648,Standard,Advance
29649,29649,Standard,Advance
29650,29650,Standard,Off-Peak
29651,29651,Standard,Advance
29652,29652,Standard,Advance
29653,29653,Standard,Off-Peak
29654,29654,Standard,Advance
29655,29655,Standard,Advance
29656,29656,Standard,Advance
29657,29657,Standard,Advance
29658,29658,Standard,Advance
29659,29659,Standard,Off-Peak
29660,29660,Standard,Advance
29661,29661,Standard,Off-Peak
29662,29662,Standard,Off-Peak
29663,29663,Standard,Off-Peak
29664,29664,Standard,Off-Peak
29665,29665,Standard,Advance
29666,29666,Standard,Anytime
29667,29667,Standard,Anytime
29668,29668,Standard,Advance
29669,29669,Standard,Anytime
29670,29670,Standard,Anytime
29671,29671,Standard,Anytime
29672,29672,Standard,Advance
29673,29673,Standard,Anytime
29674,29674,Standard,Anytime
29675,29675,Standard,Anytime
29676,29676,Standard,Anytime
29677,29677,Standard,Anytime
29678,29678,Standard,Advance
29679,29679,Standard,Advance
29680,29680,Standard,Anytime
29681,29681,Standard,Anytime
29682,29682,Standard,Anytime
29683,29683,Standard,Anytime
29684,29684,Standard,Anytime
29685,29685,Standard,Anytime
29686,29686,Standard,Anytime
29687,29687,Standard,Anytime
29688,29688,Standard,Advance
29689,29689,Standard,Advance
29690,29690,Standard,Advance
29691,29691,Standard,Anytime
29692,29692,Standard,Anytime
29693,29693,Standard,Anytime
29694,29694,Standard,Anytime
29695,29695,Standard,Anytime
29696,29696,Standard,Anytime
29697,29697,Standard,Anytime
29698,29698,Standard,Anytime
29699,29699,Standard,Anytime
29700,29700,Standard,Anytime
29701,29701,Standard,Anytime
29702,29702,Standard,Anytime
29703,29703,Standard,Anytime
29704,29704,Standard,Off-Peak
29705,29705,Standard,Off-Peak
29706,29706,Standard,Off-Peak
29707,29707,Standard,Off-Peak
29708,29708,Standard,Off-Peak
29709,29709,Standard,Off-Peak
29710,29710,Standard,Advance
29711,29711,Standard,Advance
29712,29712,Standard,Advance
29713,29713,Standard,Off-Peak
29714,29714,Standard,Advance
29715,29715,Standard,Off-Peak
29716,29716,Standard,Advance
29717,29717,Standard,Advance
29718,29718,Standard,Off-Peak
29719,29719,Standard,Advance
29720,29720,Standard,Advance
29721,29721,Standard,Advance
29722,29722,Standard,Advance
29723,29723,Standard,Advance
29724,29724,Standard,Advance
29725,29725,Standard,Advance
29726,29726,Standard,Advance
29727,29727,Standard,Advance
29728,29728,Standard,Advance
29729,29729,Standard,Advance
29730,29730,Standard,Advance
29731,29731,Standard,Advance
29732,29732,Standard,Advance
29733,29733,Standard,Advance
29734,29734,Standard,Advance
29735,29735,Standard,Advance
29736,29736,Standard,Advance
29737,29737,Standard,Advance
29738,29738,Standard,Advance
29739,29739,Standard,Off-Peak
29740,29740,Standard,Off-Peak
29741,29741,Standard,Advance
29742,29742,Standard,Advance
29743,29743,Standard,Off-Peak
29744,29744,Standard,Off-Peak
29745,29745,Standard,Off-Peak
29746,29746,Standard,Advance
29747,29747,Standard,Advance
29748,29748,Standard,Advance
29749,29749,Standard,Advance
29750,29750,Standard,Advance
29751,29751,Standard,Advance
29752,29752,Standard,Advance
29753,29753,Standard,Advance
29754,29754,Standard,Advance
29755,29755,Standard,Advance
29756,29756,Standard,Advance
29757,29757,Standard,Advance
29758,29758,Standard,Advance
29759,29759,Standard,Advance
29760,29760,Standard,Advance
29761,29761,Standard,Advance
29762,29762,Standard,Off-Peak
29763,29763,Standard,Off-Peak
29764,29764,Standard,Off-Peak
29765,29765,Standard,Advance
29766,29766,Standard,Off-Peak
29767,29767,Standard,Off-Peak
29768,29768,Standard,Off-Peak
29769,29769,Standard,Off-Peak
29770,29770,Standard,Off-Peak
29771,29771,Standard,Off-Peak
29772,29772,Standard,Advance
29773,29773,Standard,Advance
29774,29774,Standard,Off-Peak
29775,29775,Standard,Advance
29776,29776,Standard,Advance
29777,29777,Standard,Off-Peak
29778,29778,Standard,Advance
29779,29779,Standard,Off-Peak
29780,29780,Standard,Off-Peak
29781,29781,Standard,Off-Peak
29782,29782,Standard,Advance
29783,29783,Standard,Advance
29784,29784,Standard,Off-Peak
29785,29785,Standard,Advance
29786,29786,Standard,Anytime
29787,29787,Standard,Anytime
29788,29788,Standard,Anytime
29789,29789,Standard,Anytime
29790,29790,Standard,Advance
29791,29791,Standard,Anytime
29792,29792,Standard,Advance
29793,29793,Standard,Anytime
29794,29794,Standard,Advance
29795,29795,Standard,Anytime
29796,29796,Standard,Anytime
29797,29797,Standard,Advance
29798,29798,Standard,Anytime
29799,29799,Standard,Advance
29800,29800,Standard,Anytime
29801,29801,Standard,Advance
29802,29802,Standard,Advance
29803,29803,Standard,Anytime
29804,29804,Standard,Anytime
29805,29805,Standard,Advance
29806,29806,Standard,Anytime
29807,29807,Standard,Anytime
29808,29808,Standard,Anytime
29809,29809,Standard,Advance
29810,29810,Standard,Anytime
29811,29811,Standard,Anytime
29812,29812,Standard,Advance
29813,29813,Standard,Anytime
29814,29814,Standard,Anytime
29815,29815,Standard,Anytime
29816,29816,Standard,Anytime
29817,29817,Standard,Anytime
29818,29818,Standard,Advance
29819,29819,Standard,Advance
29820,29820,Standard,Advance
29821,29821,Standard,Advance
29822,29822,Standard,Anytime
29823,29823,Standard,Anytime
29824,29824,Standard,Anytime
29825,29825,Standard,Anytime
29826,29826,Standard,Anytime
29827,29827,Standard,Anytime
29828,29828,Standard,Anytime
29829,29829,Standard,Anytime
29830,29830,Standard,Advance
29831,29831,Standard,Anytime
29832,29832,Standard,Anytime
29833,29833,Standard,Anytime
29834,29834,Standard,Anytime
29835,29835,Standard,Anytime
29836,29836,Standard,Advance
29837,29837,Standard,Off-Peak
29838,29838,Standard,Advance
29839,29839,Standard,Advance
29840,29840,Standard,Advance
29841,29841,Standard,Advance
29842,29842,Standard,Anytime
29843,29843,Standard,Anytime
29844,29844,Standard,Anytime
29845,29845,Standard,Advance
29846,29846,Standard,Advance
29847,29847,Standard,Off-Peak
29848,29848,Standard,Advance
29849,29849,Standard,Off-Peak
29850,29850,Standard,Off-Peak
29851,29851,Standard,Advance
29852,29852,Standard,Off-Peak
29853,29853,Standard,Advance
29854,29854,Standard,Off-Peak
29855,29855,Standard,Off-Peak
29856,29856,Standard,Off-Peak
29857,29857,Standard,Off-Peak
29858,29858,Standard,Off-Peak
29859,29859,Standard,Advance
29860,29860,Standard,Advance
29861,29861,Standard,Advance
29862,29862,Standard,Off-Peak
29863,29863,Standard,Advance
29864,29864,Standard,Advance
29865,29865,Standard,Off-Peak
29866,29866,Standard,Advance
29867,29867,Standard,Advance
29868,29868,Standard,Advance
29869,29869,Standard,Advance
29870,29870,Standard,Advance
29871,29871,Standard,Advance
29872,29872,Standard,Advance
29873,29873,Standard,Advance
29874,29874,Standard,Advance
29875,29875,Standard,Advance
29876,29876,Standard,Advance
29877,29877,Standard,Advance
29878,29878,Standard,Off-Peak
29879,29879,Standard,Off-Peak
29880,29880,Standard,Advance
29881,29881,Standard,Advance
29882,29882,Standard,Advance
29883,29883,Standard,Advance
29884,29884,Standard,Advance
29885,29885,Standard,Advance
29886,29886,Standard,Advance
29887,29887,Standard,Advance
29888,29888,Standard,Advance
29889,29889,Standard,Advance
29890,29890,Standard,Advance
29891,29891,Standard,Advance
29892,29892,Standard,Advance
29893,29893,Standard,Advance
29894,29894,Standard,Advance
29895,29895,Standard,Advance
29896,29896,Standard,Advance
29897,29897,Standard,Advance
29898,29898,Standard,Off-Peak
29899,29899,Standard,Off-Peak
29900,29900,Standard,Off-Peak
29901,29901,Standard,Off-Peak
29902,29902,Standard,Off-Peak
29903,29903,Standard,Off-Peak
29904,29904,Standard,Off-Peak
29905,29905,Standard,Advance
29906,29906,Standard,Advance
29907,29907,Standard,Advance
29908,29908,Standard,Advance
29909,29909,Standard,Advance
29910,29910,Standard,Off-Peak
29911,29911,Standard,Off-Peak
29912,29912,Standard,Off-Peak
29913,29913,Standard,Off-Peak
29914,29914,Standard,Off-Peak
29915,29915,Standard,Off-Peak
29916,29916,Standard,Off-Peak
29917,29917,Standard,Off-Peak
29918,29918,Standard,Advance
29919,29919,Standard,Advance
29920,29920,Standard,Advance
29921,29921,Standard,Off-Peak
29922,29922,Standard,Off-Peak
29923,29923,Standard,Advance
29924,29924,Standard,Off-Peak
29925,29925,Standard,Off-Peak
29926,29926,Standard,Advance
29927,29927,Standard,Advance
29928,29928,Standard,Advance
29929,29929,Standard,Off-Peak
29930,29930,Standard,Off-Peak
29931,29931,Standard,Off-Peak
29932,29932,Standard,Off-Peak
29933,29933,Standard,Off-Peak
29934,29934,Standard,Advance
29935,29935,Standard,Advance
29936,29936,Standard,Off-Peak
29937,29937,Standard,Advance
29938,29938,Standard,Off-Peak
29939,29939,Standard,Off-Peak
29940,29940,Standard,Off-Peak
29941,29941,Standard,Advance
29942,29942,Standard,Advance
29943,29943,Standard,Advance
29944,29944,Standard,Advance
29945,29945,Standard,Off-Peak
29946,29946,Standard,Off-Peak
29947,29947,Standard,Advance
29948,29948,Standard,Advance
29949,29949,Standard,Off-Peak
29950,29950,Standard,Anytime
29951,29951,Standard,Advance
29952,29952,Standard,Anytime
29953,29953,Standard,Anytime
29954,29954,Standard,Anytime
29955,29955,Standard,Anytime
29956,29956,Standard,Anytime
29957,29957,Standard,Anytime
29958,29958,Standard,Anytime
29959,29959,Standard,Anytime
29960,29960,Standard,Anytime
29961,29961,Standard,Anytime
29962,29962,Standard,Anytime
29963,29963,Standard,Advance
29964,29964,Standard,Advance
29965,29965,Standard,Anytime
29966,29966,Standard,Advance
29967,29967,Standard,Off-Peak
29968,29968,Standard,Anytime
29969,29969,Standard,Advance
29970,29970,Standard,Anytime
29971,29971,Standard,Anytime
29972,29972,Standard,Anytime
29973,29973,Standard,Anytime
29974,29974,Standard,Anytime
29975,29975,Standard,Advance
29976,29976,Standard,Advance
29977,29977,Standard,Anytime
29978,29978,Standard,Anytime
29979,29979,Standard,Anytime
29980,29980,Standard,Anytime
29981,29981,Standard,Anytime
29982,29982,Standard,Anytime
29983,29983,Standard,Advance
29984,29984,Standard,Advance
29985,29985,Standard,Anytime
29986,29986,Standard,Anytime
29987,29987,Standard,Anytime
29988,29988,Standard,Anytime
29989,29989,Standard,Anytime
29990,29990,Standard,Off-Peak
29991,29991,Standard,Anytime
29992,29992,Standard,Off-Peak
29993,29993,Standard,Advance
29994,29994,Standard,Advance
29995,29995,Standard,Off-Peak
29996,29996,Standard,Advance
29997,29997,Standard,Advance
29998,29998,Standard,Advance
29999,29999,Standard,Advance
30000,30000,Standard,Advance
30001,30001,Standard,Advance
30002,30002,Standard,Advance
30003,30003,Standard,Advance
30004,30004,Standard,Advance
30005,30005,Standard,Off-Peak
30006,30006,Standard,Advance
30007,30007,Standard,Advance
30008,30008,Standard,Advance
30009,30009,Standard,Advance
30010,30010,Standard,Advance
30011,30011,Standard,Advance
30012,30012,Standard,Advance
30013,30013,Standard,Advance
30014,30014,Standard,Off-Peak
30015,30015,Standard,Advance
30016,30016,Standard,Advance
30017,30017,Standard,Off-Peak
30018,30018,Standard,Off-Peak
30019,30019,Standard,Off-Peak
30020,30020,Standard,Off-Peak
30021,30021,Standard,Advance
30022,30022,Standard,Off-Peak
30023,30023,Standard,Advance
30024,30024,Standard,Off-Peak
30025,30025,Standard,Advance
30026,30026,Standard,Off-Peak
30027,30027,Standard,Advance
30028,30028,Standard,Advance
30029,30029,Standard,Advance
30030,30030,Standard,Advance
30031,30031,Standard,Advance
30032,30032,Standard,Off-Peak
30033,30033,Standard,Off-Peak
30034,30034,Standard,Advance
30035,30035,Standard,Advance
30036,30036,Standard,Off-Peak
30037,30037,Standard,Off-Peak
30038,30038,Standard,Off-Peak
30039,30039,Standard,Off-Peak
30040,30040,Standard,Off-Peak
30041,30041,Standard,Off-Peak
30042,30042,Standard,Advance
30043,30043,Standard,Off-Peak
30044,30044,Standard,Advance
30045,30045,Standard,Off-Peak
30046,30046,Standard,Advance
30047,30047,Standard,Advance
30048,30048,Standard,Advance
30049,30049,Standard,Advance
30050,30050,Standard,Advance
30051,30051,Standard,Advance
30052,30052,Standard,Off-Peak
30053,30053,Standard,Advance
30054,30054,Standard,Off-Peak
30055,30055,Standard,Off-Peak
30056,30056,Standard,Off-Peak
30057,30057,Standard,Advance
30058,30058,Standard,Anytime
30059,30059,Standard,Anytime
30060,30060,Standard,Anytime
30061,30061,Standard,Anytime
30062,30062,Standard,Anytime
30063,30063,Standard,Anytime
30064,30064,Standard,Advance
30065,30065,Standard,Anytime
30066,30066,Standard,Anytime
30067,30067,Standard,Advance
30068,30068,Standard,Advance
30069,30069,Standard,Advance
30070,30070,Standard,Advance
30071,30071,Standard,Advance
30072,30072,Standard,Anytime
30073,30073,Standard,Anytime
30074,30074,Standard,Advance
30075,30075,Standard,Anytime
30076,30076,Standard,Advance
30077,30077,Standard,Anytime
30078,30078,Standard,Anytime
30079,30079,Standard,Anytime
30080,30080,Standard,Advance
30081,30081,Standard,Advance
30082,30082,Standard,Advance
30083,30083,Standard,Anytime
30084,30084,Standard,Anytime
30085,30085,Standard,Anytime
30086,30086,Standard,Anytime
30087,30087,Standard,Advance
30088,30088,Standard,Anytime
30089,30089,Standard,Advance
30090,30090,Standard,Anytime
30091,30091,Standard,Anytime
30092,30092,Standard,Anytime
30093,30093,Standard,Anytime
30094,30094,Standard,Anytime
30095,30095,Standard,Anytime
30096,30096,Standard,Anytime
30097,30097,Standard,Anytime
30098,30098,Standard,Advance
30099,30099,Standard,Advance
30100,30100,Standard,Advance
30101,30101,Standard,Advance
30102,30102,Standard,Off-Peak
30103,30103,Standard,Advance
30104,30104,Standard,Advance
30105,30105,Standard,Advance
30106,30106,Standard,Advance
30107,30107,Standard,Advance
30108,30108,Standard,Advance
30109,30109,Standard,Off-Peak
30110,30110,Standard,Advance
30111,30111,Standard,Advance
30112,30112,Standard,Advance
30113,30113,Standard,Advance
30114,30114,Standard,Off-Peak
30115,30115,Standard,Off-Peak
30116,30116,Standard,Advance
30117,30117,Standard,Advance
30118,30118,Standard,Off-Peak
30119,30119,Standard,Advance
30120,30120,Standard,Advance
30121,30121,Standard,Off-Peak
30122,30122,Standard,Advance
30123,30123,Standard,Off-Peak
30124,30124,Standard,Advance
30125,30125,Standard,Advance
30126,30126,Standard,Advance
30127,30127,Standard,Advance
30128,30128,Standard,Advance
30129,30129,Standard,Advance
30130,30130,Standard,Advance
30131,30131,Standard,Advance
30132,30132,Standard,Off-Peak
30133,30133,Standard,Off-Peak
30134,30134,Standard,Advance
30135,30135,Standard,Advance
30136,30136,Standard,Advance
30137,30137,Standard,Advance
30138,30138,Standard,Advance
30139,30139,Standard,Advance
30140,30140,Standard,Advance
30141,30141,Standard,Advance
30142,30142,Standard,Advance
30143,30143,Standard,Advance
30144,30144,Standard,Advance
30145,30145,Standard,Advance
30146,30146,Standard,Advance
30147,30147,Standard,Advance
30148,30148,Standard,Advance
30149,30149,Standard,Off-Peak
30150,30150,Standard,Advance
30151,30151,Standard,Off-Peak
30152,30152,Standard,Off-Peak
30153,30153,Standard,Off-Peak
30154,30154,Standard,Off-Peak
30155,30155,Standard,Advance
30156,30156,Standard,Advance
30157,30157,Standard,Off-Peak
30158,30158,Standard,Off-Peak
30159,30159,Standard,Advance
30160,30160,Standard,Advance
30161,30161,Standard,Advance
30162,30162,Standard,Advance
30163,30163,Standard,Advance
30164,30164,Standard,Advance
30165,30165,Standard,Advance
30166,30166,Standard,Advance
30167,30167,Standard,Advance
30168,30168,Standard,Advance
30169,30169,Standard,Advance
30170,30170,Standard,Advance
30171,30171,Standard,Advance
30172,30172,Standard,Advance
30173,30173,Standard,Advance
30174,30174,Standard,Off-Peak
30175,30175,Standard,Off-Peak
30176,30176,Standard,Off-Peak
30177,30177,Standard,Off-Peak
30178,30178,Standard,Off-Peak
30179,30179,Standard,Off-Peak
30180,30180,Standard,Off-Peak
30181,30181,Standard,Off-Peak
30182,30182,Standard,Off-Peak
30183,30183,Standard,Off-Peak
30184,30184,Standard,Off-Peak
30185,30185,Standard,Off-Peak
30186,30186,Standard,Advance
30187,30187,Standard,Advance
30188,30188,Standard,Off-Peak
30189,30189,Standard,Advance
30190,30190,Standard,Off-Peak
30191,30191,Standard,Off-Peak
30192,30192,Standard,Advance
30193,30193,Standard,Off-Peak
30194,30194,Standard,Off-Peak
30195,30195,Standard,Off-Peak
30196,30196,Standard,Off-Peak
30197,30197,Standard,Off-Peak
30198,30198,Standard,Off-Peak
30199,30199,Standard,Advance
30200,30200,Standard,Off-Peak
30201,30201,Standard,Off-Peak
30202,30202,Standard,Off-Peak
30203,30203,Standard,Advance
30204,30204,Standard,Advance
30205,30205,Standard,Advance
30206,30206,Standard,Off-Peak
30207,30207,Standard,Advance
30208,30208,Standard,Advance
30209,30209,Standard,Advance
30210,30210,Standard,Off-Peak
30211,30211,Standard,Advance
30212,30212,Standard,Off-Peak
30213,30213,Standard,Advance
30214,30214,Standard,Advance
30215,30215,Standard,Off-Peak
30216,30216,Standard,Advance
30217,30217,Standard,Advance
30218,30218,Standard,Anytime
30219,30219,Standard,Anytime
30220,30220,Standard,Advance
30221,30221,Standard,Anytime
30222,30222,Standard,Anytime
30223,30223,Standard,Anytime
30224,30224,Standard,Anytime
30225,30225,Standard,Advance
30226,30226,Standard,Anytime
30227,30227,Standard,Anytime
30228,30228,Standard,Anytime
30229,30229,Standard,Advance
30230,30230,Standard,Anytime
30231,30231,Standard,Advance
30232,30232,Standard,Anytime
30233,30233,Standard,Anytime
30234,30234,Standard,Advance
30235,30235,Standard,Off-Peak
30236,30236,Standard,Advance
30237,30237,Standard,Advance
30238,30238,Standard,Advance
30239,30239,Standard,Advance
30240,30240,Standard,Anytime
30241,30241,Standard,Anytime
30242,30242,Standard,Anytime
30243,30243,Standard,Anytime
30244,30244,Standard,Anytime
30245,30245,Standard,Anytime
30246,30246,Standard,Anytime
30247,30247,Standard,Anytime
30248,30248,Standard,Anytime
30249,30249,Standard,Anytime
30250,30250,Standard,Anytime
30251,30251,Standard,Anytime
30252,30252,Standard,Advance
30253,30253,Standard,Anytime
30254,30254,Standard,Advance
30255,30255,Standard,Anytime
30256,30256,Standard,Anytime
30257,30257,Standard,Anytime
30258,30258,Standard,Anytime
30259,30259,Standard,Advance
30260,30260,Standard,Off-Peak
30261,30261,Standard,Advance
30262,30262,Standard,Advance
30263,30263,Standard,Anytime
30264,30264,Standard,Advance
30265,30265,Standard,Advance
30266,30266,Standard,Off-Peak
30267,30267,Standard,Advance
30268,30268,Standard,Advance
30269,30269,Standard,Advance
30270,30270,Standard,Advance
30271,30271,Standard,Advance
30272,30272,Standard,Off-Peak
30273,30273,Standard,Advance
30274,30274,Standard,Off-Peak
30275,30275,Standard,Advance
30276,30276,Standard,Advance
30277,30277,Standard,Advance
30278,30278,Standard,Off-Peak
30279,30279,Standard,Advance
30280,30280,Standard,Off-Peak
30281,30281,Standard,Off-Peak
30282,30282,Standard,Advance
30283,30283,Standard,Advance
30284,30284,Standard,Off-Peak
30285,30285,Standard,Off-Peak
30286,30286,Standard,Advance
30287,30287,Standard,Advance
30288,30288,Standard,Off-Peak
30289,30289,Standard,Off-Peak
30290,30290,Standard,Advance
30291,30291,Standard,Advance
30292,30292,Standard,Off-Peak
30293,30293,Standard,Off-Peak
30294,30294,Standard,Off-Peak
30295,30295,Standard,Advance
30296,30296,Standard,Off-Peak
30297,30297,Standard,Off-Peak
30298,30298,Standard,Off-Peak
30299,30299,Standard,Off-Peak
30300,30300,Standard,Off-Peak
30301,30301,Standard,Off-Peak
30302,30302,Standard,Off-Peak
30303,30303,Standard,Off-Peak
30304,30304,Standard,Advance
30305,30305,Standard,Advance
30306,30306,Standard,Advance
30307,30307,Standard,Advance
30308,30308,Standard,Advance
30309,30309,Standard,Off-Peak
30310,30310,Standard,Off-Peak
30311,30311,Standard,Advance
30312,30312,Standard,Off-Peak
30313,30313,Standard,Off-Peak
30314,30314,Standard,Off-Peak
30315,30315,Standard,Advance
30316,30316,Standard,Off-Peak
30317,30317,Standard,Advance
30318,30318,Standard,Off-Peak
30319,30319,Standard,Advance
30320,30320,Standard,Anytime
30321,30321,Standard,Advance
30322,30322,Standard,Off-Peak
30323,30323,Standard,Off-Peak
30324,30324,Standard,Off-Peak
30325,30325,Standard,Off-Peak
30326,30326,Standard,Off-Peak
30327,30327,Standard,Off-Peak
30328,30328,Standard,Off-Peak
30329,30329,Standard,Anytime
30330,30330,Standard,Anytime
30331,30331,Standard,Advance
30332,30332,Standard,Advance
30333,30333,Standard,Anytime
30334,30334,Standard,Anytime
30335,30335,Standard,Advance
30336,30336,Standard,Advance
30337,30337,Standard,Anytime
30338,30338,Standard,Advance
30339,30339,Standard,Anytime
30340,30340,Standard,Anytime
30341,30341,Standard,Advance
30342,30342,Standard,Advance
30343,30343,Standard,Advance
30344,30344,Standard,Advance
30345,30345,Standard,Advance
30346,30346,Standard,Anytime
30347,30347,Standard,Anytime
30348,30348,Standard,Anytime
30349,30349,Standard,Anytime
30350,30350,Standard,Anytime
30351,30351,Standard,Anytime
30352,30352,Standard,Advance
30353,30353,Standard,Advance
30354,30354,Standard,Anytime
30355,30355,Standard,Advance
30356,30356,Standard,Anytime
30357,30357,Standard,Anytime
30358,30358,Standard,Anytime
30359,30359,Standard,Advance
30360,30360,Standard,Anytime
30361,30361,Standard,Advance
30362,30362,Standard,Anytime
30363,30363,Standard,Advance
30364,30364,Standard,Anytime
30365,30365,Standard,Advance
30366,30366,Standard,Anytime
30367,30367,Standard,Anytime
30368,30368,Standard,Advance
30369,30369,Standard,Anytime
30370,30370,Standard,Anytime
30371,30371,Standard,Anytime
30372,30372,Standard,Anytime
30373,30373,Standard,Advance
30374,30374,Standard,Advance
30375,30375,Standard,Advance
30376,30376,Standard,Advance
30377,30377,Standard,Advance
30378,30378,Standard,Advance
30379,30379,Standard,Advance
30380,30380,Standard,Off-Peak
30381,30381,Standard,Advance
30382,30382,Standard,Advance
30383,30383,Standard,Off-Peak
30384,30384,Standard,Off-Peak
30385,30385,Standard,Anytime
30386,30386,Standard,Anytime
30387,30387,Standard,Anytime
30388,30388,Standard,Anytime
30389,30389,Standard,Anytime
30390,30390,Standard,Advance
30391,30391,Standard,Advance
30392,30392,Standard,Advance
30393,30393,Standard,Off-Peak
30394,30394,Standard,Off-Peak
30395,30395,Standard,Off-Peak
30396,30396,Standard,Advance
30397,30397,Standard,Advance
30398,30398,Standard,Advance
30399,30399,Standard,Advance
30400,30400,Standard,Advance
30401,30401,Standard,Advance
30402,30402,Standard,Advance
30403,30403,Standard,Advance
30404,30404,Standard,Advance
30405,30405,Standard,Advance
30406,30406,Standard,Off-Peak
30407,30407,Standard,Advance
30408,30408,Standard,Off-Peak
30409,30409,Standard,Advance
30410,30410,Standard,Advance
30411,30411,Standard,Advance
30412,30412,Standard,Advance
30413,30413,Standard,Advance
30414,30414,Standard,Advance
30415,30415,Standard,Advance
30416,30416,Standard,Advance
30417,30417,Standard,Advance
30418,30418,Standard,Advance
30419,30419,Standard,Advance
30420,30420,Standard,Advance
30421,30421,Standard,Advance
30422,30422,Standard,Off-Peak
30423,30423,Standard,Advance
30424,30424,Standard,Off-Peak
30425,30425,Standard,Off-Peak
30426,30426,Standard,Advance
30427,30427,Standard,Advance
30428,30428,Standard,Off-Peak
30429,30429,Standard,Advance
30430,30430,Standard,Advance
30431,30431,Standard,Advance
30432,30432,Standard,Advance
30433,30433,Standard,Advance
30434,30434,Standard,Advance
30435,30435,Standard,Advance
30436,30436,Standard,Advance
30437,30437,Standard,Advance
30438,30438,Standard,Advance
30439,30439,Standard,Advance
30440,30440,Standard,Advance
30441,30441,Standard,Off-Peak
30442,30442,Standard,Off-Peak
30443,30443,Standard,Off-Peak
30444,30444,Standard,Off-Peak
30445,30445,Standard,Off-Peak
30446,30446,Standard,Advance
30447,30447,Standard,Advance
30448,30448,Standard,Off-Peak
30449,30449,Standard,Off-Peak
30450,30450,Standard,Off-Peak
30451,30451,Standard,Advance
30452,30452,Standard,Advance
30453,30453,Standard,Advance
30454,30454,Standard,Off-Peak
30455,30455,Standard,Off-Peak
30456,30456,Standard,Advance
30457,30457,Standard,Off-Peak
30458,30458,Standard,Off-Peak
30459,30459,Standard,Advance
30460,30460,Standard,Advance
30461,30461,Standard,Off-Peak
30462,30462,Standard,Off-Peak
30463,30463,Standard,Advance
30464,30464,Standard,Advance
30465,30465,Standard,Off-Peak
30466,30466,Standard,Off-Peak
30467,30467,Standard,Off-Peak
30468,30468,Standard,Advance
30469,30469,Standard,Advance
30470,30470,Standard,Advance
30471,30471,Standard,Anytime
30472,30472,Standard,Anytime
30473,30473,Standard,Anytime
30474,30474,Standard,Anytime
30475,30475,Standard,Anytime
30476,30476,Standard,Anytime
30477,30477,Standard,Anytime
30478,30478,Standard,Anytime
30479,30479,Standard,Anytime
30480,30480,Standard,Anytime
30481,30481,Standard,Anytime
30482,30482,Standard,Anytime
30483,30483,Standard,Anytime
30484,30484,Standard,Advance
30485,30485,Standard,Anytime
30486,30486,Standard,Advance
30487,30487,Standard,Advance
30488,30488,Standard,Off-Peak
30489,30489,Standard,Off-Peak
30490,30490,Standard,Advance
30491,30491,Standard,Advance
30492,30492,Standard,Anytime
30493,30493,Standard,Advance
30494,30494,Standard,Advance
30495,30495,Standard,Anytime
30496,30496,Standard,Advance
30497,30497,Standard,Advance
30498,30498,Standard,Advance
30499,30499,Standard,Anytime
30500,30500,Standard,Anytime
30501,30501,Standard,Anytime
30502,30502,Standard,Advance
30503,30503,Standard,Anytime
30504,30504,Standard,Anytime
30505,30505,Standard,Anytime
30506,30506,Standard,Anytime
30507,30507,Standard,Anytime
30508,30508,Standard,Anytime
30509,30509,Standard,Anytime
30510,30510,Standard,Anytime
30511,30511,Standard,Anytime
30512,30512,Standard,Anytime
30513,30513,Standard,Advance
30514,30514,Standard,Advance
30515,30515,Standard,Advance
30516,30516,Standard,Anytime
30517,30517,Standard,Anytime
30518,30518,Standard,Anytime
30519,30519,Standard,Anytime
30520,30520,Standard,Anytime
30521,30521,Standard,Anytime
30522,30522,Standard,Anytime
30523,30523,Standard,Anytime
30524,30524,Standard,Anytime
30525,30525,Standard,Anytime
30526,30526,Standard,Anytime
30527,30527,Standard,Advance
30528,30528,Standard,Advance
30529,30529,Standard,Off-Peak
30530,30530,Standard,Off-Peak
30531,30531,Standard,Off-Peak
30532,30532,Standard,Advance
30533,30533,Standard,Advance
30534,30534,Standard,Advance
30535,30535,Standard,Advance
30536,30536,Standard,Off-Peak
30537,30537,Standard,Advance
30538,30538,Standard,Advance
30539,30539,Standard,Advance
30540,30540,Standard,Off-Peak
30541,30541,Standard,Off-Peak
30542,30542,Standard,Advance
30543,30543,Standard,Advance
30544,30544,Standard,Advance
30545,30545,Standard,Off-Peak
30546,30546,Standard,Advance
30547,30547,Standard,Off-Peak
30548,30548,Standard,Advance
30549,30549,Standard,Advance
30550,30550,Standard,Advance
30551,30551,Standard,Advance
30552,30552,Standard,Advance
30553,30553,Standard,Off-Peak
30554,30554,Standard,Advance
30555,30555,Standard,Off-Peak
30556,30556,Standard,Advance
30557,30557,Standard,Advance
30558,30558,Standard,Advance
30559,30559,Standard,Advance
30560,30560,Standard,Advance
30561,30561,Standard,Off-Peak
30562,30562,Standard,Advance
30563,30563,Standard,Advance
30564,30564,Standard,Off-Peak
30565,30565,Standard,Off-Peak
30566,30566,Standard,Advance
30567,30567,Standard,Advance
30568,30568,Standard,Advance
30569,30569,Standard,Advance
30570,30570,Standard,Advance
30571,30571,Standard,Off-Peak
30572,30572,Standard,Advance
30573,30573,Standard,Off-Peak
30574,30574,Standard,Off-Peak
30575,30575,Standard,Off-Peak
30576,30576,Standard,Off-Peak
30577,30577,Standard,Advance
30578,30578,Standard,Off-Peak
30579,30579,Standard,Off-Peak
30580,30580,Standard,Advance
30581,30581,Standard,Off-Peak
30582,30582,Standard,Off-Peak
30583,30583,Standard,Off-Peak
30584,30584,Standard,Advance
30585,30585,Standard,Off-Peak
30586,30586,Standard,Off-Peak
30587,30587,Standard,Off-Peak
30588,30588,Standard,Off-Peak
30589,30589,Standard,Off-Peak
30590,30590,Standard,Off-Peak
30591,30591,Standard,Advance
30592,30592,Standard,Off-Peak
30593,30593,Standard,Off-Peak
30594,30594,Standard,Off-Peak
30595,30595,Standard,Off-Peak
30596,30596,Standard,Off-Peak
30597,30597,Standard,Advance
30598,30598,Standard,Off-Peak
30599,30599,Standard,Anytime
30600,30600,Standard,Anytime
30601,30601,Standard,Advance
30602,30602,Standard,Anytime
30603,30603,Standard,Advance
30604,30604,Standard,Anytime
30605,30605,Standard,Advance
30606,30606,Standard,Advance
30607,30607,Standard,Anytime
30608,30608,Standard,Anytime
30609,30609,Standard,Anytime
30610,30610,Standard,Anytime
30611,30611,Standard,Advance
30612,30612,Standard,Anytime
30613,30613,Standard,Advance
30614,30614,Standard,Anytime
30615,30615,Standard,Anytime
30616,30616,Standard,Anytime
30617,30617,Standard,Anytime
30618,30618,Standard,Anytime
30619,30619,Standard,Anytime
30620,30620,Standard,Advance
30621,30621,Standard,Advance
30622,30622,Standard,Anytime
30623,30623,Standard,Anytime
30624,30624,Standard,Anytime
30625,30625,Standard,Advance
30626,30626,Standard,Advance
30627,30627,Standard,Anytime
30628,30628,Standard,Anytime
30629,30629,Standard,Anytime
30630,30630,Standard,Anytime
30631,30631,Standard,Anytime
30632,30632,Standard,Anytime
30633,30633,Standard,Anytime
30634,30634,Standard,Anytime
30635,30635,Standard,Anytime
30636,30636,Standard,Anytime
30637,30637,Standard,Anytime
30638,30638,Standard,Anytime
30639,30639,Standard,Advance
30640,30640,Standard,Advance
30641,30641,Standard,Advance
30642,30642,Standard,Advance
30643,30643,Standard,Advance
30644,30644,Standard,Off-Peak
30645,30645,Standard,Advance
30646,30646,Standard,Advance
30647,30647,Standard,Advance
30648,30648,Standard,Advance
30649,30649,Standard,Advance
30650,30650,Standard,Anytime
30651,30651,Standard,Anytime
30652,30652,Standard,Advance
30653,30653,Standard,Advance
30654,30654,Standard,Off-Peak
30655,30655,Standard,Off-Peak
30656,30656,Standard,Advance
30657,30657,Standard,Off-Peak
30658,30658,Standard,Off-Peak
30659,30659,Standard,Advance
30660,30660,Standard,Off-Peak
30661,30661,Standard,Advance
30662,30662,Standard,Off-Peak
30663,30663,Standard,Advance
30664,30664,Standard,Advance
30665,30665,Standard,Advance
30666,30666,Standard,Advance
30667,30667,Standard,Off-Peak
30668,30668,Standard,Advance
30669,30669,Standard,Advance
30670,30670,Standard,Advance
30671,30671,Standard,Advance
30672,30672,Standard,Advance
30673,30673,Standard,Advance
30674,30674,Standard,Advance
30675,30675,Standard,Advance
30676,30676,Standard,Advance
30677,30677,Standard,Advance
30678,30678,Standard,Advance
30679,30679,Standard,Advance
30680,30680,Standard,Advance
30681,30681,Standard,Advance
30682,30682,Standard,Advance
30683,30683,Standard,Advance
30684,30684,Standard,Advance
30685,30685,Standard,Advance
30686,30686,Standard,Advance
30687,30687,Standard,Advance
30688,30688,Standard,Off-Peak
30689,30689,Standard,Advance
30690,30690,Standard,Advance
30691,30691,Standard,Advance
30692,30692,Standard,Advance
30693,30693,Standard,Advance
30694,30694,Standard,Advance
30695,30695,Standard,Advance
30696,30696,Standard,Advance
30697,30697,Standard,Advance
30698,30698,Standard,Advance
30699,30699,Standard,Advance
30700,30700,Standard,Advance
30701,30701,Standard,Advance
30702,30702,Standard,Advance
30703,30703,Standard,Advance
30704,30704,Standard,Advance
30705,30705,Standard,Off-Peak
30706,30706,Standard,Off-Peak
30707,30707,Standard,Off-Peak
30708,30708,Standard,Advance
30709,30709,Standard,Off-Peak
30710,30710,Standard,Off-Peak
30711,30711,Standard,Off-Peak
30712,30712,Standard,Advance
30713,30713,Standard,Off-Peak
30714,30714,Standard,Advance
30715,30715,Standard,Advance
30716,30716,Standard,Off-Peak
30717,30717,Standard,Advance
30718,30718,Standard,Advance
30719,30719,Standard,Advance
30720,30720,Standard,Advance
30721,30721,Standard,Off-Peak
30722,30722,Standard,Off-Peak
30723,30723,Standard,Off-Peak
30724,30724,Standard,Advance
30725,30725,Standard,Advance
30726,30726,Standard,Advance
30727,30727,Standard,Off-Peak
30728,30728,Standard,Off-Peak
30729,30729,Standard,Off-Peak
30730,30730,Standard,Advance
30731,30731,Standard,Advance
30732,30732,Standard,Off-Peak
30733,30733,Standard,Off-Peak
30734,30734,Standard,Off-Peak
30735,30735,Standard,Advance
30736,30736,Standard,Advance
30737,30737,Standard,Off-Peak
30738,30738,Standard,Off-Peak
30739,30739,Standard,Advance
30740,30740,Standard,Advance
30741,30741,Standard,Advance
30742,30742,Standard,Off-Peak
30743,30743,Standard,Off-Peak
30744,30744,Standard,Off-Peak
30745,30745,Standard,Off-Peak
30746,30746,Standard,Off-Peak
30747,30747,Standard,Off-Peak
30748,30748,Standard,Off-Peak
30749,30749,Standard,Off-Peak
30750,30750,Standard,Advance
30751,30751,Standard,Off-Peak
30752,30752,Standard,Advance
30753,30753,Standard,Off-Peak
30754,30754,Standard,Off-Peak
30755,30755,Standard,Advance
30756,30756,Standard,Off-Peak
30757,30757,Standard,Off-Peak
30758,30758,Standard,Off-Peak
30759,30759,Standard,Advance
30760,30760,Standard,Off-Peak
30761,30761,Standard,Off-Peak
30762,30762,Standard,Advance
30763,30763,Standard,Off-Peak
30764,30764,Standard,Off-Peak
30765,30765,Standard,Off-Peak
30766,30766,Standard,Off-Peak
30767,30767,Standard,Off-Peak
30768,30768,Standard,Off-Peak
30769,30769,Standard,Off-Peak
30770,30770,Standard,Off-Peak
30771,30771,Standard,Off-Peak
30772,30772,Standard,Off-Peak
30773,30773,Standard,Off-Peak
30774,30774,Standard,Off-Peak
30775,30775,Standard,Off-Peak
30776,30776,Standard,Advance
30777,30777,Standard,Off-Peak
30778,30778,Standard,Off-Peak
30779,30779,Standard,Off-Peak
30780,30780,Standard,Off-Peak
30781,30781,Standard,Off-Peak
30782,30782,Standard,Off-Peak
30783,30783,Standard,Off-Peak
30784,30784,Standard,Off-Peak
30785,30785,Standard,Off-Peak
30786,30786,Standard,Advance
30787,30787,Standard,Off-Peak
30788,30788,Standard,Off-Peak
30789,30789,Standard,Advance
30790,30790,Standard,Off-Peak
30791,30791,Standard,Advance
30792,30792,Standard,Off-Peak
30793,30793,Standard,Advance
30794,30794,Standard,Advance
30795,30795,Standard,Advance
30796,30796,Standard,Advance
30797,30797,Standard,Off-Peak
30798,30798,Standard,Advance
30799,30799,Standard,Off-Peak
30800,30800,Standard,Advance
30801,30801,Standard,Advance
30802,30802,Standard,Advance
30803,30803,Standard,Off-Peak
30804,30804,Standard,Advance
30805,30805,Standard,Advance
30806,30806,Standard,Advance
30807,30807,Standard,Advance
30808,30808,Standard,Advance
30809,30809,Standard,Advance
30810,30810,Standard,Advance
30811,30811,Standard,Advance
30812,30812,Standard,Advance
30813,30813,Standard,Advance
30814,30814,Standard,Advance
30815,30815,Standard,Advance
30816,30816,Standard,Advance
30817,30817,Standard,Off-Peak
30818,30818,Standard,Off-Peak
30819,30819,Standard,Off-Peak
30820,30820,Standard,Off-Peak
30821,30821,Standard,Off-Peak
30822,30822,Standard,Off-Peak
30823,30823,Standard,Advance
30824,30824,Standard,Advance
30825,30825,Standard,Off-Peak
30826,30826,Standard,Off-Peak
30827,30827,Standard,Advance
30828,30828,Standard,Off-Peak
30829,30829,Standard,Advance
30830,30830,Standard,Advance
30831,30831,Standard,Advance
30832,30832,Standard,Off-Peak
30833,30833,Standard,Off-Peak
30834,30834,Standard,Off-Peak
30835,30835,Standard,Advance
30836,30836,Standard,Off-Peak
30837,30837,Standard,Advance
30838,30838,Standard,Advance
30839,30839,Standard,Off-Peak
30840,30840,Standard,Off-Peak
30841,30841,Standard,Off-Peak
30842,30842,Standard,Off-Peak
30843,30843,Standard,Advance
30844,30844,Standard,Advance
30845,30845,Standard,Advance
30846,30846,Standard,Advance
30847,30847,Standard,Off-Peak
30848,30848,Standard,Off-Peak
30849,30849,Standard,Advance
30850,30850,Standard,Off-Peak
30851,30851,Standard,Advance
30852,30852,Standard,Off-Peak
30853,30853,Standard,Advance
30854,30854,Standard,Off-Peak
30855,30855,Standard,Off-Peak
30856,30856,Standard,Off-Peak
30857,30857,Standard,Off-Peak
30858,30858,Standard,Advance
30859,30859,Standard,Off-Peak
30860,30860,Standard,Off-Peak
30861,30861,Standard,Advance
30862,30862,Standard,Off-Peak
30863,30863,Standard,Off-Peak
30864,30864,Standard,Off-Peak
30865,30865,Standard,Off-Peak
30866,30866,Standard,Advance
30867,30867,Standard,Advance
30868,30868,Standard,Off-Peak
30869,30869,Standard,Off-Peak
30870,30870,Standard,Off-Peak
30871,30871,Standard,Off-Peak
30872,30872,Standard,Advance
30873,30873,Standard,Off-Peak
30874,30874,Standard,Off-Peak
30875,30875,Standard,Advance
30876,30876,Standard,Advance
30877,30877,Standard,Off-Peak
30878,30878,Standard,Advance
30879,30879,Standard,Off-Peak
30880,30880,Standard,Off-Peak
30881,30881,Standard,Off-Peak
30882,30882,Standard,Off-Peak
30883,30883,Standard,Off-Peak
30884,30884,Standard,Off-Peak
30885,30885,Standard,Advance
30886,30886,Standard,Off-Peak
30887,30887,Standard,Off-Peak
30888,30888,Standard,Off-Peak
30889,30889,Standard,Off-Peak
30890,30890,Standard,Off-Peak
30891,30891,Standard,Off-Peak
30892,30892,Standard,Advance
30893,30893,Standard,Advance
30894,30894,Standard,Off-Peak
30895,30895,Standard,Advance
30896,30896,Standard,Off-Peak
30897,30897,Standard,Advance
30898,30898,Standard,Advance
30899,30899,Standard,Off-Peak
30900,30900,Standard,Advance
30901,30901,Standard,Off-Peak
30902,30902,Standard,Advance
30903,30903,Standard,Off-Peak
30904,30904,Standard,Off-Peak
30905,30905,Standard,Off-Peak
30906,30906,Standard,Off-Peak
30907,30907,Standard,Off-Peak
30908,30908,Standard,Off-Peak
30909,30909,Standard,Off-Peak
30910,30910,Standard,Advance
30911,30911,Standard,Advance
30912,30912,Standard,Off-Peak
30913,30913,Standard,Off-Peak
30914,30914,Standard,Off-Peak
30915,30915,Standard,Off-Peak
30916,30916,Standard,Advance
30917,30917,Standard,Advance
30918,30918,Standard,Off-Peak
30919,30919,Standard,Advance
30920,30920,Standard,Advance
30921,30921,Standard,Advance
30922,30922,Standard,Advance
30923,30923,Standard,Advance
30924,30924,Standard,Advance
30925,30925,Standard,Advance
30926,30926,Standard,Advance
30927,30927,Standard,Advance
30928,30928,Standard,Advance
30929,30929,Standard,Advance
30930,30930,Standard,Off-Peak
30931,30931,Standard,Off-Peak
30932,30932,Standard,Advance
30933,30933,Standard,Off-Peak
30934,30934,Standard,Off-Peak
30935,30935,Standard,Off-Peak
30936,30936,Standard,Off-Peak
30937,30937,Standard,Advance
30938,30938,Standard,Advance
30939,30939,Standard,Off-Peak
30940,30940,Standard,Advance
30941,30941,Standard,Advance
30942,30942,Standard,Advance
30943,30943,Standard,Advance
30944,30944,Standard,Advance
30945,30945,Standard,Advance
30946,30946,Standard,Off-Peak
30947,30947,Standard,Advance
30948,30948,Standard,Advance
30949,30949,Standard,Advance
30950,30950,Standard,Off-Peak
30951,30951,Standard,Off-Peak
30952,30952,Standard,Off-Peak
30953,30953,Standard,Advance
30954,30954,Standard,Advance
30955,30955,Standard,Advance
30956,30956,Standard,Advance
30957,30957,Standard,Advance
30958,30958,Standard,Advance
30959,30959,Standard,Advance
30960,30960,Standard,Advance
30961,30961,Standard,Advance
30962,30962,Standard,Off-Peak
30963,30963,Standard,Off-Peak
30964,30964,Standard,Advance
30965,30965,Standard,Advance
30966,30966,Standard,Advance
30967,30967,Standard,Advance
30968,30968,Standard,Advance
30969,30969,Standard,Advance
30970,30970,Standard,Advance
30971,30971,Standard,Advance
30972,30972,Standard,Advance
30973,30973,Standard,Advance
30974,30974,Standard,Advance
30975,30975,Standard,Advance
30976,30976,Standard,Advance
30977,30977,Standard,Advance
30978,30978,Standard,Off-Peak
30979,30979,Standard,Off-Peak
30980,30980,Standard,Off-Peak
30981,30981,Standard,Off-Peak
30982,30982,Standard,Advance
30983,30983,Standard,Off-Peak
30984,30984,Standard,Off-Peak
30985,30985,Standard,Off-Peak
30986,30986,Standard,Off-Peak
30987,30987,Standard,Advance
30988,30988,Standard,Off-Peak
30989,30989,Standard,Advance
30990,30990,Standard,Advance
30991,30991,Standard,Advance
30992,30992,Standard,Advance
30993,30993,Standard,Advance
30994,30994,Standard,Advance
30995,30995,Standard,Advance
30996,30996,Standard,Off-Peak
30997,30997,Standard,Off-Peak
30998,30998,Standard,Off-Peak
30999,30999,Standard,Off-Peak
31000,31000,Standard,Off-Peak
31001,31001,Standard,Off-Peak
31002,31002,Standard,Off-Peak
31003,31003,Standard,Advance
31004,31004,Standard,Off-Peak
31005,31005,Standard,Advance
31006,31006,Standard,Advance
31007,31007,Standard,Advance
31008,31008,Standard,Off-Peak
31009,31009,Standard,Advance
31010,31010,Standard,Off-Peak
31011,31011,Standard,Off-Peak
31012,31012,Standard,Off-Peak
31013,31013,Standard,Advance
31014,31014,Standard,Advance
31015,31015,Standard,Off-Peak
31016,31016,Standard,Off-Peak
31017,31017,Standard,Off-Peak
31018,31018,Standard,Off-Peak
31019,31019,Standard,Off-Peak
31020,31020,Standard,Off-Peak
31021,31021,Standard,Off-Peak
31022,31022,Standard,Off-Peak
31023,31023,Standard,Off-Peak
31024,31024,Standard,Off-Peak
31025,31025,Standard,Off-Peak
31026,31026,Standard,Off-Peak
31027,31027,Standard,Off-Peak
31028,31028,Standard,Off-Peak
31029,31029,Standard,Advance
31030,31030,Standard,Off-Peak
31031,31031,Standard,Off-Peak
31032,31032,Standard,Off-Peak
31033,31033,Standard,Off-Peak
31034,31034,Standard,Advance
31035,31035,Standard,Advance
31036,31036,Standard,Off-Peak
31037,31037,Standard,Off-Peak
31038,31038,Standard,Off-Peak
31039,31039,Standard,Off-Peak
31040,31040,Standard,Off-Peak
31041,31041,Standard,Off-Peak
31042,31042,Standard,Off-Peak
31043,31043,Standard,Off-Peak
31044,31044,Standard,Off-Peak
31045,31045,Standard,Off-Peak
31046,31046,Standard,Off-Peak
31047,31047,Standard,Off-Peak
31048,31048,Standard,Off-Peak
31049,31049,Standard,Off-Peak
31050,31050,Standard,Off-Peak
31051,31051,Standard,Off-Peak
31052,31052,Standard,Off-Peak
31053,31053,Standard,Advance
31054,31054,Standard,Advance
31055,31055,Standard,Off-Peak
31056,31056,Standard,Off-Peak
31057,31057,Standard,Off-Peak
31058,31058,Standard,Off-Peak
31059,31059,Standard,Off-Peak
31060,31060,Standard,Off-Peak
31061,31061,Standard,Off-Peak
31062,31062,Standard,Off-Peak
31063,31063,Standard,Off-Peak
31064,31064,Standard,Off-Peak
31065,31065,Standard,Off-Peak
31066,31066,Standard,Off-Peak
31067,31067,Standard,Advance
31068,31068,Standard,Advance
31069,31069,Standard,Off-Peak
31070,31070,Standard,Advance
31071,31071,Standard,Off-Peak
31072,31072,Standard,Advance
31073,31073,Standard,Advance
31074,31074,Standard,Advance
31075,31075,Standard,Advance
31076,31076,Standard,Advance
31077,31077,Standard,Advance
31078,31078,Standard,Advance
31079,31079,Standard,Advance
31080,31080,Standard,Advance
31081,31081,Standard,Advance
31082,31082,Standard,Off-Peak
31083,31083,Standard,Off-Peak
31084,31084,Standard,Advance
31085,31085,Standard,Advance
31086,31086,Standard,Advance
31087,31087,Standard,Advance
31088,31088,Standard,Off-Peak
31089,31089,Standard,Off-Peak
31090,31090,Standard,Advance
31091,31091,Standard,Off-Peak
31092,31092,Standard,Advance
31093,31093,Standard,Advance
31094,31094,Standard,Advance
31095,31095,Standard,Advance
31096,31096,Standard,Advance
31097,31097,Standard,Off-Peak
31098,31098,Standard,Advance
31099,31099,Standard,Off-Peak
31100,31100,Standard,Off-Peak
31101,31101,Standard,Advance
31102,31102,Standard,Advance
31103,31103,Standard,Off-Peak
31104,31104,Standard,Advance
31105,31105,Standard,Off-Peak
31106,31106,Standard,Advance
31107,31107,Standard,Advance
31108,31108,Standard,Off-Peak
31109,31109,Standard,Advance
31110,31110,Standard,Off-Peak
31111,31111,Standard,Advance
31112,31112,Standard,Advance
31113,31113,Standard,Off-Peak
31114,31114,Standard,Off-Peak
31115,31115,Standard,Off-Peak
31116,31116,Standard,Advance
31117,31117,Standard,Off-Peak
31118,31118,Standard,Advance
31119,31119,Standard,Off-Peak
31120,31120,Standard,Off-Peak
31121,31121,Standard,Advance
31122,31122,Standard,Advance
31123,31123,Standard,Off-Peak
31124,31124,Standard,Off-Peak
31125,31125,Standard,Off-Peak
31126,31126,Standard,Off-Peak
31127,31127,Standard,Off-Peak
31128,31128,Standard,Off-Peak
31129,31129,Standard,Off-Peak
31130,31130,Standard,Advance
31131,31131,Standard,Advance
31132,31132,Standard,Off-Peak
31133,31133,Standard,Advance
31134,31134,Standard,Off-Peak
31135,31135,Standard,Advance
31136,31136,Standard,Advance
31137,31137,Standard,Off-Peak
31138,31138,Standard,Off-Peak
31139,31139,Standard,Off-Peak
31140,31140,Standard,Off-Peak
31141,31141,Standard,Off-Peak
31142,31142,Standard,Advance
31143,31143,Standard,Off-Peak
31144,31144,Standard,Off-Peak
31145,31145,Standard,Off-Peak
31146,31146,Standard,Off-Peak
31147,31147,Standard,Advance
31148,31148,Standard,Off-Peak
31149,31149,Standard,Off-Peak
31150,31150,Standard,Off-Peak
31151,31151,Standard,Advance
31152,31152,Standard,Off-Peak
31153,31153,Standard,Advance
31154,31154,Standard,Advance
31155,31155,Standard,Off-Peak
31156,31156,Standard,Off-Peak
31157,31157,Standard,Off-Peak
31158,31158,Standard,Off-Peak
31159,31159,Standard,Advance
31160,31160,Standard,Off-Peak
31161,31161,Standard,Off-Peak
31162,31162,Standard,Off-Peak
31163,31163,Standard,Off-Peak
31164,31164,Standard,Off-Peak
31165,31165,Standard,Off-Peak
31166,31166,Standard,Off-Peak
31167,31167,Standard,Off-Peak
31168,31168,Standard,Off-Peak
31169,31169,Standard,Off-Peak
31170,31170,Standard,Off-Peak
31171,31171,Standard,Advance
31172,31172,Standard,Advance
31173,31173,Standard,Advance
31174,31174,Standard,Off-Peak
31175,31175,Standard,Advance
31176,31176,Standard,Advance
31177,31177,Standard,Advance
31178,31178,Standard,Advance
31179,31179,Standard,Advance
31180,31180,Standard,Off-Peak
31181,31181,Standard,Advance
31182,31182,Standard,Off-Peak
31183,31183,Standard,Off-Peak
31184,31184,Standard,Advance
31185,31185,Standard,Off-Peak
31186,31186,Standard,Off-Peak
31187,31187,Standard,Off-Peak
31188,31188,Standard,Off-Peak
31189,31189,Standard,Off-Peak
31190,31190,Standard,Off-Peak
31191,31191,Standard,Off-Peak
31192,31192,Standard,Off-Peak
31193,31193,Standard,Off-Peak
31194,31194,Standard,Off-Peak
31195,31195,Standard,Off-Peak
31196,31196,Standard,Advance
31197,31197,Standard,Advance
31198,31198,Standard,Advance
31199,31199,Standard,Advance
31200,31200,Standard,Advance
31201,31201,Standard,Advance
31202,31202,Standard,Advance
31203,31203,Standard,Off-Peak
31204,31204,Standard,Off-Peak
31205,31205,Standard,Off-Peak
31206,31206,Standard,Off-Peak
31207,31207,Standard,Advance
31208,31208,Standard,Advance
31209,31209,Standard,Off-Peak
31210,31210,Standard,Off-Peak
31211,31211,Standard,Off-Peak
31212,31212,Standard,Off-Peak
31213,31213,Standard,Off-Peak
31214,31214,Standard,Off-Peak
31215,31215,Standard,Off-Peak
31216,31216,Standard,Off-Peak
31217,31217,Standard,Off-Peak
31218,31218,Standard,Off-Peak
31219,31219,Standard,Off-Peak
31220,31220,Standard,Advance
31221,31221,Standard,Advance
31222,31222,Standard,Advance
31223,31223,Standard,Advance
31224,31224,Standard,Advance
31225,31225,Standard,Advance
31226,31226,Standard,Advance
31227,31227,Standard,Off-Peak
31228,31228,Standard,Advance
31229,31229,Standard,Off-Peak
31230,31230,Standard,Advance
31231,31231,Standard,Advance
31232,31232,Standard,Off-Peak
31233,31233,Standard,Advance
31234,31234,Standard,Advance
31235,31235,Standard,Advance
31236,31236,Standard,Advance
31237,31237,Standard,Advance
31238,31238,Standard,Advance
31239,31239,Standard,Advance
31240,31240,Standard,Advance
31241,31241,Standard,Off-Peak
31242,31242,Standard,Advance
31243,31243,Standard,Off-Peak
31244,31244,Standard,Advance
31245,31245,Standard,Advance
31246,31246,Standard,Advance
31247,31247,Standard,Advance
31248,31248,Standard,Advance
31249,31249,Standard,Advance
31250,31250,Standard,Advance
31251,31251,Standard,Advance
31252,31252,Standard,Advance
31253,31253,Standard,Advance
31254,31254,Standard,Advance
31255,31255,Standard,Advance
31256,31256,Standard,Advance
31257,31257,Standard,Advance
31258,31258,Standard,Off-Peak
31259,31259,Standard,Off-Peak
31260,31260,Standard,Off-Peak
31261,31261,Standard,Advance
31262,31262,Standard,Off-Peak
31263,31263,Standard,Off-Peak
31264,31264,Standard,Advance
31265,31265,Standard,Advance
31266,31266,Standard,Off-Peak
31267,31267,Standard,Advance
31268,31268,Standard,Off-Peak
31269,31269,Standard,Advance
31270,31270,Standard,Advance
31271,31271,Standard,Advance
31272,31272,Standard,Off-Peak
31273,31273,Standard,Advance
31274,31274,Standard,Advance
31275,31275,Standard,Off-Peak
31276,31276,Standard,Off-Peak
31277,31277,Standard,Advance
31278,31278,Standard,Off-Peak
31279,31279,Standard,Off-Peak
31280,31280,Standard,Off-Peak
31281,31281,Standard,Off-Peak
31282,31282,Standard,Off-Peak
31283,31283,Standard,Advance
31284,31284,Standard,Advance
31285,31285,Standard,Advance
31286,31286,Standard,Advance
31287,31287,Standard,Advance
31288,31288,Standard,Off-Peak
31289,31289,Standard,Advance
31290,31290,Standard,Advance
31291,31291,Standard,Anytime
31292,31292,Standard,Anytime
31293,31293,Standard,Anytime
31294,31294,Standard,Anytime
31295,31295,Standard,Anytime
31296,31296,Standard,Anytime
31297,31297,Standard,Advance
31298,31298,Standard,Anytime
31299,31299,Standard,Advance
31300,31300,Standard,Anytime
31301,31301,Standard,Anytime
31302,31302,Standard,Advance
31303,31303,Standard,Anytime
31304,31304,Standard,Advance
31305,31305,Standard,Advance
31306,31306,Standard,Advance
31307,31307,Standard,Anytime
31308,31308,Standard,Anytime
31309,31309,Standard,Anytime
31310,31310,Standard,Anytime
31311,31311,Standard,Advance
31312,31312,Standard,Anytime
31313,31313,Standard,Anytime
31314,31314,Standard,Anytime
31315,31315,Standard,Anytime
31316,31316,Standard,Off-Peak
31317,31317,Standard,Off-Peak
31318,31318,Standard,Advance
31319,31319,Standard,Off-Peak
31320,31320,Standard,Advance
31321,31321,Standard,Off-Peak
31322,31322,Standard,Advance
31323,31323,Standard,Advance
31324,31324,Standard,Advance
31325,31325,Standard,Advance
31326,31326,Standard,Advance
31327,31327,Standard,Advance
31328,31328,Standard,Advance
31329,31329,Standard,Advance
31330,31330,Standard,Advance
31331,31331,Standard,Advance
31332,31332,Standard,Advance
31333,31333,Standard,Advance
31334,31334,Standard,Off-Peak
31335,31335,Standard,Advance
31336,31336,Standard,Advance
31337,31337,Standard,Advance
31338,31338,Standard,Advance
31339,31339,Standard,Off-Peak
31340,31340,Standard,Advance
31341,31341,Standard,Off-Peak
31342,31342,Standard,Off-Peak
31343,31343,Standard,Advance
31344,31344,Standard,Off-Peak
31345,31345,Standard,Advance
31346,31346,Standard,Advance
31347,31347,Standard,Advance
31348,31348,Standard,Advance
31349,31349,Standard,Advance
31350,31350,Standard,Advance
31351,31351,Standard,Advance
31352,31352,Standard,Off-Peak
31353,31353,Standard,Advance
31354,31354,Standard,Off-Peak
31355,31355,Standard,Advance
31356,31356,Standard,Advance
31357,31357,Standard,Advance
31358,31358,Standard,Advance
31359,31359,Standard,Off-Peak
31360,31360,Standard,Off-Peak
31361,31361,Standard,Off-Peak
31362,31362,Standard,Off-Peak
31363,31363,Standard,Off-Peak
31364,31364,Standard,Off-Peak
31365,31365,Standard,Advance
31366,31366,Standard,Advance
31367,31367,Standard,Off-Peak
31368,31368,Standard,Advance
31369,31369,Standard,Off-Peak
31370,31370,Standard,Off-Peak
31371,31371,Standard,Off-Peak
31372,31372,Standard,Off-Peak
31373,31373,Standard,Advance
31374,31374,Standard,Off-Peak
31375,31375,Standard,Advance
31376,31376,Standard,Off-Peak
31377,31377,Standard,Off-Peak
31378,31378,Standard,Off-Peak
31379,31379,Standard,Off-Peak
31380,31380,Standard,Off-Peak
31381,31381,Standard,Advance
31382,31382,Standard,Advance
31383,31383,Standard,Advance
31384,31384,Standard,Off-Peak
31385,31385,Standard,Off-Peak
31386,31386,Standard,Advance
31387,31387,Standard,Off-Peak
31388,31388,Standard,Off-Peak
31389,31389,Standard,Off-Peak
31390,31390,Standard,Advance
31391,31391,Standard,Anytime
31392,31392,Standard,Anytime
31393,31393,Standard,Anytime
31394,31394,Standard,Anytime
31395,31395,Standard,Anytime
31396,31396,Standard,Anytime
31397,31397,Standard,Anytime
31398,31398,Standard,Anytime
31399,31399,Standard,Anytime
31400,31400,Standard,Advance
31401,31401,Standard,Anytime
31402,31402,Standard,Anytime
31403,31403,Standard,Advance
31404,31404,Standard,Advance
31405,31405,Standard,Advance
31406,31406,Standard,Anytime
31407,31407,Standard,Anytime
31408,31408,Standard,Off-Peak
31409,31409,Standard,Off-Peak
31410,31410,Standard,Anytime
31411,31411,Standard,Anytime
31412,31412,Standard,Anytime
31413,31413,Standard,Anytime
31414,31414,Standard,Anytime
31415,31415,Standard,Anytime
31416,31416,Standard,Anytime
31417,31417,Standard,Advance
31418,31418,Standard,Anytime
31419,31419,Standard,Anytime
31420,31420,Standard,Anytime
31421,31421,Standard,Advance
31422,31422,Standard,Anytime
31423,31423,Standard,Anytime
31424,31424,Standard,Anytime
31425,31425,Standard,Anytime
31426,31426,Standard,Anytime
31427,31427,Standard,Anytime
31428,31428,Standard,Anytime
31429,31429,Standard,Advance
31430,31430,Standard,Advance
31431,31431,Standard,Anytime
31432,31432,Standard,Anytime
31433,31433,Standard,Anytime
31434,31434,Standard,Anytime
31435,31435,Standard,Advance
31436,31436,Standard,Advance
31437,31437,Standard,Advance
31438,31438,Standard,Anytime
31439,31439,Standard,Anytime
31440,31440,Standard,Advance
31441,31441,Standard,Advance
31442,31442,Standard,Advance
31443,31443,Standard,Advance
31444,31444,Standard,Anytime
31445,31445,Standard,Anytime
31446,31446,Standard,Anytime
31447,31447,Standard,Anytime
31448,31448,Standard,Anytime
31449,31449,Standard,Anytime
31450,31450,Standard,Anytime
31451,31451,Standard,Anytime
31452,31452,Standard,Anytime
31453,31453,Standard,Anytime
31454,31454,Standard,Anytime
31455,31455,Standard,Anytime
31456,31456,Standard,Advance
31457,31457,Standard,Advance
31458,31458,Standard,Advance
31459,31459,Standard,Advance
31460,31460,Standard,Off-Peak
31461,31461,Standard,Advance
31462,31462,Standard,Advance
31463,31463,Standard,Advance
31464,31464,Standard,Advance
31465,31465,Standard,Advance
31466,31466,Standard,Advance
31467,31467,Standard,Advance
31468,31468,Standard,Anytime
31469,31469,Standard,Anytime
31470,31470,Standard,Off-Peak
31471,31471,Standard,Anytime
31472,31472,Standard,Off-Peak
31473,31473,Standard,Off-Peak
31474,31474,Standard,Off-Peak
31475,31475,Standard,Advance
31476,31476,Standard,Advance
31477,31477,Standard,Advance
31478,31478,Standard,Advance
31479,31479,Standard,Advance
31480,31480,Standard,Off-Peak
31481,31481,Standard,Advance
31482,31482,Standard,Off-Peak
31483,31483,Standard,Advance
31484,31484,Standard,Advance
31485,31485,Standard,Advance
31486,31486,Standard,Advance
31487,31487,Standard,Advance
31488,31488,Standard,Advance
31489,31489,Standard,Advance
31490,31490,Standard,Advance
31491,31491,Standard,Advance
31492,31492,Standard,Advance
31493,31493,Standard,Advance
31494,31494,Standard,Advance
31495,31495,Standard,Off-Peak
31496,31496,Standard,Advance
31497,31497,Standard,Advance
31498,31498,Standard,Off-Peak
31499,31499,Standard,Advance
31500,31500,Standard,Advance
31501,31501,Standard,Advance
31502,31502,Standard,Advance
31503,31503,Standard,Advance
31504,31504,Standard,Advance
31505,31505,Standard,Advance
31506,31506,Standard,Advance
31507,31507,Standard,Advance
31508,31508,Standard,Advance
31509,31509,Standard,Advance
31510,31510,Standard,Advance
31511,31511,Standard,Advance
31512,31512,Standard,Advance
31513,31513,Standard,Advance
31514,31514,Standard,Advance
31515,31515,Standard,Advance
31516,31516,Standard,Advance
31517,31517,Standard,Advance
31518,31518,Standard,Advance
31519,31519,Standard,Advance
31520,31520,Standard,Advance
31521,31521,Standard,Advance
31522,31522,Standard,Advance
31523,31523,Standard,Advance
31524,31524,Standard,Advance
31525,31525,Standard,Advance
31526,31526,Standard,Advance
31527,31527,Standard,Advance
31528,31528,Standard,Advance
31529,31529,Standard,Advance
31530,31530,Standard,Advance
31531,31531,Standard,Off-Peak
31532,31532,Standard,Off-Peak
31533,31533,Standard,Off-Peak
31534,31534,Standard,Off-Peak
31535,31535,Standard,Off-Peak
31536,31536,Standard,Off-Peak
31537,31537,Standard,Off-Peak
31538,31538,Standard,Off-Peak
31539,31539,Standard,Off-Peak
31540,31540,Standard,Off-Peak
31541,31541,Standard,Off-Peak
31542,31542,Standard,Off-Peak
31543,31543,Standard,Off-Peak
31544,31544,Standard,Off-Peak
31545,31545,Standard,Off-Peak
31546,31546,Standard,Off-Peak
31547,31547,Standard,Off-Peak
31548,31548,Standard,Off-Peak
31549,31549,Standard,Off-Peak
31550,31550,Standard,Off-Peak
31551,31551,Standard,Off-Peak
31552,31552,Standard,Off-Peak
31553,31553,Standard,Off-Peak
31554,31554,Standard,Off-Peak
31555,31555,Standard,Off-Peak
31556,31556,Standard,Off-Peak
31557,31557,Standard,Anytime
31558,31558,Standard,Anytime
31559,31559,Standard,Anytime
31560,31560,Standard,Anytime
31561,31561,Standard,Anytime
31562,31562,Standard,Anytime
31563,31563,Standard,Anytime
31564,31564,Standard,Anytime
31565,31565,Standard,Anytime
31566,31566,Standard,Anytime
31567,31567,Standard,Anytime
31568,31568,Standard,Off-Peak
31569,31569,Standard,Anytime
31570,31570,Standard,Anytime
31571,31571,Standard,Anytime
31572,31572,Standard,Anytime
31573,31573,Standard,Anytime
31574,31574,Standard,Anytime
31575,31575,Standard,Anytime
31576,31576,Standard,Anytime
31577,31577,Standard,Anytime
31578,31578,Standard,Anytime
31579,31579,Standard,Anytime
31580,31580,Standard,Anytime
31581,31581,Standard,Anytime
31582,31582,Standard,Anytime
31583,31583,Standard,Anytime
31584,31584,Standard,Anytime
31585,31585,Standard,Anytime
31586,31586,Standard,Anytime
31587,31587,Standard,Off-Peak
31588,31588,Standard,Off-Peak
31589,31589,Standard,Anytime
31590,31590,Standard,Off-Peak
31591,31591,Standard,Off-Peak
31592,31592,Standard,Off-Peak
31593,31593,Standard,Off-Peak
31594,31594,Standard,Off-Peak
31595,31595,Standard,Off-Peak
31596,31596,Standard,Off-Peak
31597,31597,Standard,Off-Peak
31598,31598,Standard,Off-Peak
31599,31599,Standard,Off-Peak
31600,31600,Standard,Off-Peak
31601,31601,Standard,Off-Peak
31602,31602,Standard,Off-Peak
31603,31603,Standard,Off-Peak
31604,31604,Standard,Off-Peak
31605,31605,Standard,Off-Peak
31606,31606,Standard,Off-Peak
31607,31607,Standard,Off-Peak
31608,31608,Standard,Off-Peak
31609,31609,Standard,Off-Peak
31610,31610,Standard,Off-Peak
31611,31611,Standard,Off-Peak
31612,31612,Standard,Off-Peak
31613,31613,Standard,Off-Peak
31614,31614,Standard,Off-Peak
31615,31615,Standard,Off-Peak
31616,31616,Standard,Off-Peak
31617,31617,Standard,Off-Peak
31618,31618,Standard,Off-Peak
31619,31619,Standard,Off-Peak
31620,31620,Standard,Anytime
31621,31621,Standard,Anytime
31622,31622,Standard,Anytime
31623,31623,Standard,Anytime
31624,31624,Standard,Anytime
31625,31625,Standard,Anytime
31626,31626,Standard,Anytime
31627,31627,Standard,Anytime
31628,31628,Standard,Anytime
31629,31629,Standard,Anytime
31630,31630,Standard,Anytime
31631,31631,Standard,Anytime
31632,31632,Standard,Anytime
31633,31633,Standard,Anytime
31634,31634,Standard,Anytime
31635,31635,Standard,Anytime
31636,31636,Standard,Anytime
31637,31637,Standard,Anytime
31638,31638,Standard,Anytime
31639,31639,Standard,Anytime
31640,31640,Standard,Anytime
31641,31641,Standard,Anytime
31642,31642,Standard,Anytime
31643,31643,Standard,Anytime
31644,31644,Standard,Anytime
31645,31645,Standard,Anytime
31646,31646,Standard,Anytime
31647,31647,Standard,Anytime
31648,31648,Standard,Anytime
31649,31649,Standard,Anytime
31650,31650,Standard,Off-Peak
31651,31651,Standard,Off-Peak
31652,31652,Standard,Off-Peak
31653,31653,Standard,Off-Peak
31654,31654,Standard,Off-Peak
31655,31655,Standard,Off-Peak
31656,31656,Standard,Off-Peak
